,Ёи╫╩й╠╪Д,Ёи╫╩╪ш,╪ш╦Я╠Д╤╞,Ёи╫╩а©ё╗йжё╘,Ёи╫╩╤Нё╗т╙ё╘,птжй
0,09:25:05,6.31,0.009999999999999787,267,168477,бРел
1,09:30:03,6.26,-0.04999999999999982,436,273006,бТел
2,09:30:09,6.28,0.010000000000000675,10,6271,бРел
3,09:30:15,6.27,0.009999999999999787,94,58851,бТел
4,09:30:18,6.27,0.0,27,16929,бРел
5,09:30:23,6.27,0.0,3,1881,бРел
6,09:30:35,6.27,0.0,48,30096,бРел
7,09:30:39,6.27,0.0,17,10659,бРел
8,09:30:44,6.27,0.0,13,8151,бРел
9,09:30:50,6.27,0.0,53,33231,бРел
10,09:30:53,6.27,0.0,56,35112,бРел
11,09:30:59,6.27,0.0,83,52041,бРел
12,09:31:05,6.27,-0.010000000000000675,186,116673,бТел
13,09:31:08,6.27,0.0,16,10032,бРел
14,09:31:15,6.27,0.0,11,6897,бРел
15,09:31:20,6.27,0.0,4,2508,бРел
16,09:31:23,6.27,0.0,24,15048,бРел
17,09:31:29,6.27,0.0,72,45144,бРел
18,09:31:33,6.27,0.0,94,58938,бРел
19,09:31:38,6.28,0.010000000000000675,39,24492,бРел
20,09:31:44,6.29,0.009999999999999787,17,10693,бРел
21,09:31:49,6.29,0.0,23,14467,бРел
22,09:31:53,6.3,0.009999999999999787,8,5040,бРел
23,09:31:59,6.3,0.0,4,2520,бРел
24,09:32:05,6.3,0.0,66,41565,бРел
25,09:32:09,6.3,0.0,35,22050,бРел
26,09:32:15,6.3,0.009999999999999787,10,6300,бРел
27,09:32:18,6.3,0.0,11,6930,бРел
28,09:32:23,6.29,-0.009999999999999787,37,23279,бТел
29,09:32:29,6.29,0.0,3,1887,бРел
30,09:32:36,6.31,0.0,31,19561,бРел
31,09:32:38,6.31,0.0,4,2524,бРел
32,09:32:43,6.31,0.0,7,4417,бРел
33,09:32:50,6.3,-0.009999999999999787,18,11340,бТел
34,09:32:55,6.3,0.0,13,8190,бРел
35,09:32:59,6.3,0.0,30,18900,бРел
36,09:33:03,6.3,0.0,8,5043,бРел
37,09:33:09,6.31,0.009999999999999787,25,15753,бРел
38,09:33:14,6.31,0.009999999999999787,12,7572,бРел
39,09:33:20,6.31,0.0,4,2524,бРел
40,09:33:24,6.31,0.0,4,2524,бРел
41,09:33:29,6.31,0.0,5,3155,бРел
42,09:33:33,6.31,0.0,14,8834,бРел
43,09:33:38,6.3,-0.009999999999999787,25,15755,бТел
44,09:33:45,6.3,0.0,44,27720,бРел
45,09:33:50,6.3,0.0,7,4410,бРел
46,09:33:53,6.31,0.009999999999999787,25,15775,бРел
47,09:34:01,6.31,0.0,6,3786,бРел
48,09:34:09,6.31,0.0,2,1262,бРел
49,09:34:15,6.31,0.0,5,3155,бРел
50,09:34:29,6.32,0.020000000000000462,76,47958,бРел
51,09:34:35,6.32,0.0,3,1896,бРел
52,09:34:39,6.32,0.0,16,10112,бРел
53,09:34:45,6.32,0.010000000000000675,2,1264,бРел
54,09:34:49,6.32,0.0,69,43608,бРел
55,09:34:53,6.32,0.0,4,2528,бРел
56,09:34:59,6.32,0.0,1,632,бРел
57,09:35:05,6.32,0.0,9,5688,бРел
58,09:35:08,6.32,0.0,23,14788,бРел
59,09:35:14,6.32,0.0,20,13022,бТел
60,09:35:20,6.32,0.0,6,3792,бРел
61,09:35:26,6.32,0.0,5,3160,бРел
62,09:35:32,6.32,0.0,5,3160,бРел
63,09:35:35,6.32,0.0,11,6952,бРел
64,09:35:38,6.32,0.0,20,12640,бРел
65,09:35:44,6.31,-0.010000000000000675,8,5051,бТел
66,09:35:51,6.32,0.0,26,16432,бРел
67,09:35:56,6.32,0.0,3,1896,бРел
68,09:35:59,6.31,-0.010000000000000675,57,36013,бТел
69,09:36:05,6.32,0.0,13,8216,бРел
70,09:36:09,6.32,0.0,59,37288,бРел
71,09:36:14,6.32,0.010000000000000675,3,1896,бРел
72,09:36:21,6.32,0.0,46,29072,бРел
73,09:36:23,6.33,0.009999999999999787,1,885,бРел
74,09:36:29,6.33,0.0,1,633,бРел
75,09:36:35,6.33,0.0,31,19623,бРел
76,09:36:39,6.33,0.0,26,16458,бРел
77,09:36:44,6.33,0.0,11,6963,бРел
78,09:36:50,6.33,0.0,1,633,бРел
79,09:36:53,6.33,0.0,2,1266,бРел
80,09:37:02,6.32,-0.009999999999999787,44,28188,бТел
81,09:37:05,6.32,0.0,17,10744,бРел
82,09:37:11,6.33,0.009999999999999787,378,239494,бРел
83,09:37:14,6.33,0.0,59,37370,бТел
84,09:37:20,6.33,-0.009999999999999787,32,20258,бТел
85,09:37:25,6.34,0.009999999999999787,3,1902,бРел
86,09:37:29,6.34,0.0,5,3167,бРел
87,09:37:33,6.34,0.0,12,7608,бРел
88,09:37:38,6.34,0.0,138,87492,бРел
89,09:37:44,6.34,0.0,40,25360,бРел
90,09:37:48,6.33,-0.009999999999999787,18,11397,бТел
91,09:37:54,6.34,0.0,2,1268,бРел
92,09:37:59,6.34,0.0,43,27262,бРел
93,09:38:06,6.34,0.0,29,18385,бРел
94,09:38:08,6.34,0.0,1,634,бРел
95,09:38:14,6.34,0.0,7,4438,бРел
96,09:38:20,6.34,0.009999999999999787,17,10778,бРел
97,09:38:26,6.34,0.0,17,10778,бРел
98,09:38:29,6.34,0.0,25,15850,бРел
99,09:38:37,6.34,0.0,1,634,бРел
100,09:38:41,6.34,0.0,313,198139,бРел
101,09:38:44,6.34,0.0,19,12046,бРел
102,09:38:50,6.34,0.009999999999999787,18,11412,бРел
103,09:38:53,6.34,0.0,97,61438,бРел
104,09:38:59,6.33,0.0,52,32918,бТел
105,09:39:03,6.33,0.0,281,177894,бТел
106,09:39:08,6.33,0.0,10,6336,бТел
107,09:39:14,6.34,0.009999999999999787,622,393748,бРел
108,09:39:20,6.33,0.0,72,45575,бРел
109,09:39:25,6.33,0.0,40,25307,бРел
110,09:39:29,6.33,0.0,1,633,бРел
111,09:39:35,6.33,0.0,179,113333,бРел
112,09:39:38,6.33,0.0,4,2532,бРел
113,09:39:44,6.33,0.0,2,1266,бРел
114,09:39:50,6.33,0.0,14,8862,бРел
115,09:39:53,6.33,0.0,6,3798,бРел
116,09:40:14,6.32,-0.009999999999999787,12,7584,бТел
117,09:40:20,6.33,0.0,1,633,бРел
118,09:40:26,6.33,0.0,5,3165,бРел
119,09:40:29,6.33,0.0,2,1266,бРел
120,09:40:35,6.33,0.0,28,17724,бРел
121,09:40:38,6.33,0.0,53,33549,бРел
122,09:40:44,6.33,0.0,19,12027,бРел
123,09:40:53,6.33,0.0,8,5064,бРел
124,09:41:02,6.32,-0.009999999999999787,3,1897,бТел
125,09:41:05,6.33,0.009999999999999787,1,633,бРел
126,09:41:14,6.33,0.0,46,29118,бРел
127,09:41:19,6.33,0.0,3,1899,бРел
128,09:41:23,6.33,0.0,49,31017,бРел
129,09:41:32,6.33,0.0,14,8862,бРел
130,09:41:35,6.33,0.0,1,633,бРел
131,09:41:38,6.33,0.0,69,43677,бРел
132,09:41:44,6.33,0.0,12,7596,бРел
133,09:41:51,6.33,0.0,5,3165,бРел
134,09:41:53,6.33,0.0,20,12660,бРел
135,09:41:59,6.33,0.0,6,3798,бРел
136,09:42:03,6.33,0.0,1,633,бРел
137,09:42:08,6.33,0.0,12,7599,бТел
138,09:42:14,6.33,0.0,1,633,бРел
139,09:42:29,6.33,0.0,5,3165,бРел
140,09:42:35,6.33,0.0,24,15192,бРел
141,09:42:38,6.33,0.0,39,24687,бРел
142,09:42:54,6.34,0.009999999999999787,77,48764,бРел
143,09:43:02,6.34,0.0,4,2536,бРел
144,09:43:08,6.34,0.0,1,634,бРел
145,09:43:14,6.34,0.0,1,634,бРел
146,09:43:20,6.34,0.0,1,634,бРел
147,09:43:23,6.33,-0.009999999999999787,5,3165,бТел
148,09:43:36,6.34,0.009999999999999787,7,4438,бРел
149,09:43:38,6.33,-0.009999999999999787,13,8229,бТел
150,09:43:44,6.34,0.0,1,634,бРел
151,09:43:51,6.33,0.0,22,13926,бТел
152,09:44:02,6.32,-0.009999999999999787,1,632,бТел
153,09:44:05,6.33,0.009999999999999787,12,7596,бРел
154,09:44:08,6.33,0.0,1,633,бРел
155,09:44:18,6.32,-0.009999999999999787,4,2528,бТел
156,09:44:38,6.33,0.0,7,4430,бРел
157,09:44:44,6.33,0.0,11,6953,бРел
158,09:44:50,6.33,0.0,1,633,бРел
159,09:44:59,6.32,-0.009999999999999787,40,25280,бТел
160,09:45:13,6.32,0.0,112,70784,бТел
161,09:45:19,6.32,-0.009999999999999787,2,1264,бТел
162,09:45:35,6.32,0.0,28,17696,бТел
163,09:45:38,6.32,0.0,12,7584,бРел
164,09:45:44,6.32,0.0,108,68206,бРел
165,09:45:50,6.32,0.0,9,5696,бТел
166,09:45:53,6.33,0.009999999999999787,4,2532,бРел
167,09:46:05,6.33,0.0,1,633,бРел
168,09:46:11,6.32,-0.009999999999999787,52,32864,бТел
169,09:46:14,6.32,0.0,4,2528,бРел
170,09:46:25,6.32,0.0,10,6320,бРел
171,09:46:29,6.32,0.0,5,3160,бРел
172,09:46:37,6.32,0.0,11,6952,бРел
173,09:46:38,6.32,0.0,1,632,бРел
174,09:46:44,6.32,0.010000000000000675,1,632,бРел
175,09:46:48,6.32,0.0,20,12640,бРел
176,09:46:53,6.32,0.0,2,1264,бРел
177,09:47:11,6.32,0.0,4,2528,бРел
178,09:47:19,6.32,0.0,4,2528,бРел
179,09:47:23,6.32,0.0,10,6320,бРел
180,09:47:29,6.32,0.0,1,632,бРел
181,09:47:37,6.33,0.009999999999999787,5,3165,бРел
182,09:47:38,6.32,-0.009999999999999787,1,632,жпптел
183,09:47:57,6.32,0.0,14,8848,бТел
184,09:48:02,6.32,0.0,1,632,бРел
185,09:48:08,6.32,0.0,31,19592,бРел
186,09:48:14,6.32,0.010000000000000675,7,4424,бРел
187,09:48:19,6.31,-0.010000000000000675,6,3787,бТел
188,09:48:25,6.31,0.0,7,4417,бТел
189,09:48:38,6.31,-0.010000000000000675,187,117997,бТел
190,09:48:50,6.3,-0.009999999999999787,40,25200,бТел
191,09:48:55,6.31,0.009999999999999787,8,5048,бРел
192,09:49:07,6.31,0.0,13,8203,бРел
193,09:49:08,6.31,0.0,1,631,бРел
194,09:49:20,6.3,-0.009999999999999787,142,89460,бТел
195,09:49:23,6.3,0.0,2,1260,бРел
196,09:49:31,6.3,0.0,11,7434,бРел
197,09:49:43,6.3,-0.009999999999999787,12,7560,бТел
198,09:49:50,6.31,0.0,2,1262,бРел
199,09:49:59,6.31,0.0,4,2524,бРел
200,09:50:27,6.3,-0.009999999999999787,2,1260,бТел
201,09:50:32,6.31,0.009999999999999787,4,2524,бРел
202,09:50:35,6.31,0.0,1,631,бРел
203,09:51:02,6.31,0.0,4,2524,бРел
204,09:51:12,6.31,0.0,13,8191,бРел
205,09:51:23,6.3,-0.009999999999999787,59,37170,бТел
206,09:51:35,6.31,0.0,5,3155,бРел
207,09:51:38,6.31,0.0,4,2524,бРел
208,09:51:44,6.31,0.009999999999999787,2,1262,бРел
209,09:51:53,6.3,-0.009999999999999787,24,15120,бТел
210,09:52:01,6.31,0.0,1,631,бРел
211,09:52:05,6.31,0.009999999999999787,32,20192,бРел
212,09:52:08,6.31,0.0,6,3786,бРел
213,09:52:14,6.31,0.0,5,3155,бРел
214,09:52:43,6.31,0.0,19,11975,бРел
215,09:52:56,6.3,-0.009999999999999787,2,1260,бТел
216,09:53:07,6.3,0.0,2,1260,бТел
217,09:53:19,6.3,0.0,2,1260,бТел
218,09:53:29,6.3,0.0,3,1890,бТел
219,09:53:41,6.3,-0.009999999999999787,2,1260,бТел
220,09:53:44,6.31,0.009999999999999787,5,3155,бРел
221,09:53:48,6.31,0.0,4,2524,бРел
222,09:54:02,6.3,0.0,2,1260,бТел
223,09:54:05,6.31,0.009999999999999787,162,102222,бРел
224,09:54:08,6.31,0.0,3,1893,бРел
225,09:54:14,6.31,0.009999999999999787,56,35336,бРел
226,09:54:19,6.31,0.0,2,1262,бРел
227,09:54:23,6.3,-0.009999999999999787,2,1260,бТел
228,09:54:36,6.3,0.0,2,1260,бТел
229,09:54:41,6.3,0.0,197,124110,бТел
230,09:54:44,6.31,0.009999999999999787,17,10727,бРел
231,09:54:49,6.3,-0.009999999999999787,2,1260,бТел
232,09:54:56,6.31,0.009999999999999787,8,5041,бРел
233,09:54:59,6.3,-0.009999999999999787,3,1890,бТел
234,09:55:08,6.3,0.0,3,1890,бТел
235,09:55:17,6.3,0.0,2,1260,бТел
236,09:55:20,6.31,0.009999999999999787,4,2524,бРел
237,09:55:23,6.31,0.0,1,631,бРел
238,09:55:29,6.3,-0.009999999999999787,2,1260,бТел
239,09:55:41,6.3,0.0,14,8820,бТел
240,09:55:44,6.3,0.0,56,35281,бТел
241,09:55:50,6.31,0.009999999999999787,5,3155,бРел
242,09:55:53,6.3,-0.009999999999999787,2,1260,бТел
243,09:56:02,6.3,0.0,2,1260,бТел
244,09:56:14,6.3,0.0,3,1890,бТел
245,09:56:26,6.31,0.0,7,4415,бРел
246,09:56:37,6.3,-0.009999999999999787,2,1260,бТел
247,09:56:38,6.3,0.0,8,5040,бТел
248,09:56:47,6.31,0.0,3,1891,бРел
249,09:56:56,6.31,0.0,4,2524,бРел
250,09:56:59,6.3,-0.009999999999999787,2,1260,бТел
251,09:57:08,6.3,0.0,10,6300,бТел
252,09:57:14,6.3,0.0,7,4413,бТел
253,09:57:19,6.31,0.009999999999999787,2,1262,бРел
254,09:57:23,6.31,0.009999999999999787,1,631,бРел
255,09:57:31,6.3,-0.009999999999999787,25,15750,бТел
256,09:57:38,6.31,0.0,1,631,бРел
257,09:57:55,6.3,-0.009999999999999787,2,1260,бТел
258,09:57:59,6.31,0.0,5,3155,бРел
259,09:58:06,6.31,0.0,4,2522,бРел
260,09:58:11,6.31,0.0,12,7572,бРел
261,09:58:14,6.3,-0.009999999999999787,5,3153,бТел
262,09:58:19,6.31,0.009999999999999787,2,1262,бРел
263,09:58:26,6.3,-0.009999999999999787,3,1890,бТел
264,09:58:29,6.31,0.009999999999999787,1,631,бРел
265,09:58:35,6.31,0.0,1,631,бРел
266,09:58:38,6.3,-0.009999999999999787,3,1891,бТел
267,09:58:44,6.31,0.009999999999999787,2,1262,бРел
268,09:58:48,6.3,-0.009999999999999787,5,3153,бТел
269,09:58:55,6.31,0.009999999999999787,169,106639,бРел
270,09:59:00,6.31,0.0,79,49844,бРел
271,09:59:05,6.31,0.0,13,8203,бРел
272,09:59:12,6.3,-0.009999999999999787,18,11356,бТел
273,09:59:14,6.31,0.009999999999999787,2,1262,бРел
274,09:59:20,6.31,0.0,89,56157,бРел
275,09:59:32,6.3,-0.009999999999999787,3,1890,бТел
276,09:59:36,6.31,0.009999999999999787,4,2524,бРел
277,09:59:41,6.31,0.0,5,3155,бРел
278,09:59:44,6.3,-0.009999999999999787,2,1260,бТел
279,09:59:55,6.3,0.0,2,1260,бТел
280,09:59:59,6.31,0.009999999999999787,1,631,бРел
281,10:00:06,6.3,-0.009999999999999787,3,1890,бТел
282,10:00:08,6.31,0.009999999999999787,5,3155,бРел
283,10:00:14,6.3,-0.009999999999999787,41,25830,бТел
284,10:00:19,6.3,0.0,8,5046,бТел
285,10:00:29,6.3,0.0,2,1260,бТел
286,10:00:36,6.31,0.0,22,13882,бРел
287,10:00:38,6.3,-0.009999999999999787,6,3784,бТел
288,10:00:50,6.3,-0.009999999999999787,2,1260,бТел
289,10:00:53,6.31,0.009999999999999787,8,5048,бРел
290,10:01:00,6.3,-0.009999999999999787,2,1260,бТел
291,10:01:05,6.31,0.009999999999999787,2,1262,бРел
292,10:01:08,6.31,0.0,53,33394,бРел
293,10:01:17,6.31,0.0,1,631,бРел
294,10:01:20,6.31,0.0,8,5048,бРел
295,10:01:23,6.3,-0.009999999999999787,4,2522,бТел
296,10:01:32,6.31,0.009999999999999787,20,12618,бРел
297,10:01:38,6.31,0.0,2,1262,бРел
298,10:01:44,6.3,-0.009999999999999787,2,1260,бТел
299,10:01:54,6.31,0.009999999999999787,11,6941,бРел
300,10:02:06,6.3,0.0,2,1260,бТел
301,10:02:12,6.31,0.009999999999999787,6,3786,бРел
302,10:02:18,6.3,-0.009999999999999787,3,1891,бТел
303,10:02:30,6.3,0.0,19,11970,бТел
304,10:02:36,6.31,0.009999999999999787,12,7572,бРел
305,10:02:38,6.3,-0.009999999999999787,3,1891,бТел
306,10:02:44,6.3,-0.009999999999999787,1,630,бТел
307,10:02:50,6.3,0.0,2,1260,бТел
308,10:02:54,6.31,0.009999999999999787,5,3151,бРел
309,10:03:02,6.31,0.009999999999999787,20,12605,бРел
310,10:03:12,6.3,-0.009999999999999787,7,4415,бТел
311,10:03:24,6.3,0.0,2,1260,бТел
312,10:03:36,6.3,0.0,2,1260,бТел
313,10:03:38,6.3,0.0,46,28981,бТел
314,10:03:44,6.3,-0.009999999999999787,2,1260,бТел
315,10:03:50,6.31,0.009999999999999787,1,631,бРел
316,10:03:56,6.3,-0.009999999999999787,2,1260,бТел
317,10:04:08,6.3,0.0,3,1890,бТел
318,10:04:18,6.3,-0.009999999999999787,2,1260,бТел
319,10:04:30,6.3,0.0,2,1260,бТел
320,10:04:42,6.3,0.0,7,4410,бТел
321,10:04:48,6.31,0.009999999999999787,1,631,бРел
322,10:04:56,6.31,0.009999999999999787,1,631,бРел
323,10:05:02,6.3,-0.009999999999999787,3,1890,бТел
324,10:05:14,6.3,0.0,2,1260,бТел
325,10:05:23,6.3,0.0,2,1260,бТел
326,10:05:35,6.3,-0.009999999999999787,7,4414,бТел
327,10:05:48,6.3,0.0,2,1260,бТел
328,10:06:00,6.3,0.0,2,1260,бТел
329,10:06:06,6.31,0.009999999999999787,5,3155,бРел
330,10:06:08,6.3,-0.009999999999999787,22,13880,бТел
331,10:06:13,6.31,0.009999999999999787,33,20823,бРел
332,10:06:20,6.3,-0.009999999999999787,3,1890,бТел
333,10:06:24,6.3,0.0,315,198576,бТел
334,10:06:32,6.29,-0.009999999999999787,2,1258,бТел
335,10:06:44,6.3,0.009999999999999787,10,6298,бРел
336,10:06:50,6.3,0.0,1,630,бРел
337,10:06:53,6.29,-0.009999999999999787,2,1258,бТел
338,10:07:05,6.29,0.0,2,1258,бТел
339,10:07:08,6.3,0.009999999999999787,168,105840,бРел
340,10:07:14,6.29,-0.009999999999999787,3,1887,бТел
341,10:07:20,6.3,0.009999999999999787,1,630,бРел
342,10:07:26,6.29,-0.009999999999999787,9,5668,бТел
343,10:07:40,6.29,0.0,2,1258,бТел
344,10:07:43,6.3,0.009999999999999787,1,630,бРел
345,10:07:48,6.29,-0.009999999999999787,17,10708,бТел
346,10:08:00,6.29,-0.009999999999999787,2,1258,бТел
347,10:08:13,6.29,0.0,3,1887,бТел
348,10:08:18,6.3,0.0,1,630,бРел
349,10:08:32,6.29,0.0,2,1258,бТел
350,10:08:43,6.29,0.0,13,8177,бТел
351,10:08:53,6.29,-0.009999999999999787,2,1258,бТел
352,10:09:07,6.29,-0.009999999999999787,2,1258,бТел
353,10:09:08,6.3,0.009999999999999787,1,630,бРел
354,10:09:17,6.29,-0.009999999999999787,2,1258,бТел
355,10:09:26,6.29,0.0,3,1887,бТел
356,10:09:38,6.29,0.0,2,1258,бТел
357,10:09:50,6.29,0.0,3,1887,бТел
358,10:09:53,6.3,0.009999999999999787,1,630,бРел
359,10:09:59,6.29,-0.009999999999999787,2,1258,бТел
360,10:10:12,6.29,0.0,2,1258,бТел
361,10:10:20,6.29,0.0,50,31450,бТел
362,10:10:23,6.3,0.009999999999999787,7,4408,бРел
363,10:10:32,6.29,-0.009999999999999787,2,1258,бТел
364,10:10:44,6.29,0.0,3,1887,бТел
365,10:10:56,6.29,0.0,2,1258,бТел
366,10:11:08,6.29,0.0,60,37740,бТел
367,10:11:14,6.3,0.009999999999999787,7,4410,бРел
368,10:11:24,6.3,0.009999999999999787,1,630,бРел
369,10:11:29,6.29,-0.009999999999999787,2,1258,бТел
370,10:11:41,6.3,0.009999999999999787,8,5037,бРел
371,10:11:50,6.3,0.0,1,630,бРел
372,10:11:54,6.29,-0.009999999999999787,2,1258,бТел
373,10:12:02,6.29,-0.009999999999999787,3,1888,бТел
374,10:12:12,6.3,0.009999999999999787,5,3150,бРел
375,10:12:14,6.29,-0.009999999999999787,2,1258,бТел
376,10:12:24,6.29,0.0,3,1887,бТел
377,10:12:30,6.29,-0.009999999999999787,31,19502,бТел
378,10:12:37,6.29,-0.009999999999999787,2,1258,бТел
379,10:12:41,6.3,0.009999999999999787,5,3150,бРел
380,10:12:48,6.3,0.0,3,1888,бРел
381,10:12:59,6.29,-0.009999999999999787,2,1258,бТел
382,10:13:08,6.29,0.0,3,1887,бТел
383,10:13:20,6.29,-0.009999999999999787,3,1888,бТел
384,10:13:32,6.29,0.0,2,1258,бТел
385,10:13:35,6.29,0.0,60,37740,бТел
386,10:13:38,6.3,0.009999999999999787,5,3150,бРел
387,10:13:50,6.3,0.0,4,2520,бРел
388,10:13:53,6.3,0.0,4,2517,бРел
389,10:14:07,6.29,-0.009999999999999787,2,1258,бТел
390,10:14:11,6.3,0.009999999999999787,2,1260,бРел
391,10:14:15,6.29,-0.009999999999999787,52,32758,бТел
392,10:14:18,6.3,0.009999999999999787,2,1260,бРел
393,10:14:26,6.29,-0.009999999999999787,52,32708,бТел
394,10:14:30,6.3,0.009999999999999787,1,630,бРел
395,10:14:39,6.29,-0.009999999999999787,2,1258,бТел
396,10:14:48,6.29,0.0,3,1887,бТел
397,10:14:54,6.3,0.0,1,630,бРел
398,10:14:59,6.29,-0.009999999999999787,2,1258,бТел
399,10:15:13,6.29,0.0,2,1258,бТел
400,10:15:21,6.29,0.0,2,1258,бТел
401,10:15:27,6.3,0.009999999999999787,1,630,бРел
402,10:15:33,6.29,-0.009999999999999787,3,1887,бТел
403,10:15:45,6.29,0.0,2,1258,бТел
404,10:15:54,6.29,0.0,2,1258,бТел
405,10:16:07,6.29,0.0,3,1887,бТел
406,10:16:15,6.3,0.009999999999999787,20,12600,бРел
407,10:16:18,6.3,0.0,4,2518,бРел
408,10:16:27,6.29,-0.009999999999999787,2,1258,бТел
409,10:16:33,6.3,0.009999999999999787,1,630,бРел
410,10:16:39,6.29,-0.009999999999999787,2,1258,бТел
411,10:16:51,6.29,-0.009999999999999787,2,1258,бТел
412,10:16:57,6.3,0.009999999999999787,1,630,бРел
413,10:17:00,6.29,-0.009999999999999787,2,1258,бТел
414,10:17:13,6.3,0.009999999999999787,8,5038,бРел
415,10:17:21,6.29,-0.009999999999999787,2,1258,бТел
416,10:17:33,6.29,0.0,2,1258,бТел
417,10:17:39,6.3,0.0,2,1260,бРел
418,10:17:43,6.3,0.0,5,3150,бРел
419,10:17:57,6.29,0.0,2,1258,бТел
420,10:18:00,6.3,0.009999999999999787,1,630,бРел
421,10:18:06,6.29,-0.009999999999999787,3,1887,бТел
422,10:18:13,6.3,0.009999999999999787,5,3150,бРел
423,10:18:21,6.3,0.009999999999999787,1,630,бРел
424,10:18:30,6.29,-0.009999999999999787,2,1258,бТел
425,10:18:39,6.3,0.009999999999999787,14,8820,бРел
426,10:18:43,6.3,0.0,5,3148,бРел
427,10:18:48,6.3,0.0,15,9450,бРел
428,10:19:03,6.29,0.0,2,1258,бТел
429,10:19:13,6.29,0.0,4,2518,бТел
430,10:19:23,6.29,0.0,3,1888,бТел
431,10:19:45,6.3,0.0,5,3150,бРел
432,10:19:51,6.3,0.0,1,630,бРел
433,10:20:00,6.3,0.0,5,3150,бРел
434,10:20:07,6.3,0.0,1,630,бРел
435,10:20:11,6.3,0.0,5,3150,бРел
436,10:20:36,6.29,-0.009999999999999787,10,6290,бТел
437,10:20:39,6.3,0.009999999999999787,1,630,бРел
438,10:20:45,6.3,0.0,1,630,бРел
439,10:20:48,6.3,0.0,1,630,бРел
440,10:21:12,6.3,0.0,5,3150,бРел
441,10:21:42,6.3,0.0,5,3150,бРел
442,10:21:45,6.3,0.0,44,27720,бРел
443,10:21:50,6.3,0.0,4,2520,бРел
444,10:22:12,6.3,0.0,5,3150,бРел
445,10:22:18,6.3,0.0,1,630,бРел
446,10:22:41,6.3,0.0,5,3150,бРел
447,10:22:48,6.3,0.0,30,18900,бРел
448,10:22:54,6.29,-0.009999999999999787,80,50320,бТел
449,10:23:03,6.3,0.0,2,1260,бРел
450,10:23:39,6.3,0.0,38,23940,бРел
451,10:24:13,6.3,0.0,5,3150,бРел
452,10:24:18,6.3,0.0,1,630,бРел
453,10:24:41,6.3,0.0,5,3150,бРел
454,10:25:12,6.3,0.0,5,3150,бРел
455,10:25:36,6.3,0.0,11,6930,бРел
456,10:25:39,6.3,0.0,40,25200,бРел
457,10:25:43,6.3,0.0,9,5670,бРел
458,10:26:11,6.3,0.0,5,3150,бРел
459,10:26:18,6.29,-0.009999999999999787,6,3775,бТел
460,10:26:39,6.29,0.0,5,3145,бТел
461,10:26:43,6.3,0.009999999999999787,6,3780,бРел
462,10:26:54,6.3,0.0,7,4410,бРел
463,10:27:06,6.29,-0.009999999999999787,15,9636,бТел
464,10:27:12,6.3,0.009999999999999787,57,35860,бРел
465,10:27:19,6.29,-0.009999999999999787,4,2772,бТел
466,10:28:03,6.29,-0.009999999999999787,100,62900,бТел
467,10:28:09,6.3,0.009999999999999787,9,5670,бРел
468,10:28:13,6.3,0.0,2,1260,бРел
469,10:30:08,6.3,0.0,2,1260,бРел
470,10:30:13,6.3,0.0,2,1260,бРел
471,10:30:23,6.29,-0.009999999999999787,100,62900,бТел
472,10:30:29,6.3,0.009999999999999787,14,8820,бРел
473,10:30:41,6.3,0.0,5,3150,бРел
474,10:30:53,6.29,-0.009999999999999787,1,629,бТел
475,10:31:11,6.3,0.0,5,3150,бРел
476,10:31:17,6.3,0.0,1,630,бРел
477,10:31:30,6.29,-0.009999999999999787,176,110704,бТел
478,10:31:33,6.3,0.009999999999999787,2,1260,бРел
479,10:31:39,6.29,-0.009999999999999787,108,67933,бТел
480,10:31:50,6.3,0.0,10,6300,бРел
481,10:31:53,6.29,-0.009999999999999787,31,19501,бТел
482,10:32:05,6.3,0.0,5,3150,бРел
483,10:32:29,6.29,-0.009999999999999787,100,62900,бТел
484,10:32:33,6.3,0.009999999999999787,9,5670,бРел
485,10:32:38,6.3,0.0,3,1890,бРел
486,10:33:35,6.29,-0.009999999999999787,20,12580,бТел
487,10:33:38,6.3,0.009999999999999787,2,1260,бРел
488,10:33:47,6.29,-0.009999999999999787,104,65426,бТел
489,10:33:50,6.3,0.009999999999999787,10,6300,бРел
490,10:33:53,6.3,0.0,27,17010,бРел
491,10:33:59,6.3,0.0,2,1260,бРел
492,10:34:08,6.3,0.0,2,1260,бРел
493,10:34:26,6.3,0.0,2,1260,бРел
494,10:35:25,6.3,0.0,3,1890,бРел
495,10:35:51,6.3,0.0,31,19530,бРел
496,10:35:53,6.3,0.0,1,630,бРел
497,10:36:35,6.3,0.0,7,4410,бРел
498,10:36:41,6.3,0.0,1,630,бРел
499,10:36:44,6.3,0.0,1,630,бРел
500,10:36:59,6.3,0.0,47,29610,бРел
501,10:37:05,6.3,0.0,4,2520,бРел
502,10:37:23,6.3,0.0,61,38430,бРел
503,10:37:28,6.3,0.0,15,9450,бРел
504,10:37:33,6.3,0.009999999999999787,9,5670,бРел
505,10:37:39,6.29,-0.009999999999999787,7,4403,бТел
506,10:38:08,6.3,0.009999999999999787,3,1890,бРел
507,10:38:17,6.3,0.0,1,630,бРел
508,10:38:50,6.3,0.0,12,7560,бРел
509,10:40:14,6.29,-0.009999999999999787,10,6290,бТел
510,10:40:20,6.3,0.0,1,630,бРел
511,10:40:23,6.29,-0.009999999999999787,10,6290,бТел
512,10:40:56,6.3,0.009999999999999787,2,1259,бРел
513,10:41:07,6.3,0.0,10,6300,бРел
514,10:41:11,6.3,0.0,2,1260,бРел
515,10:41:14,6.3,0.0,1,630,бРел
516,10:41:41,6.29,-0.009999999999999787,8,5037,бТел
517,10:42:08,6.3,0.009999999999999787,2,1260,бРел
518,10:42:41,6.3,0.0,5,3150,бРел
519,10:43:11,6.29,-0.009999999999999787,26,16359,бТел
520,10:43:17,6.29,0.0,76,47807,бТел
521,10:43:23,6.29,0.0,16,10070,бТел
522,10:43:29,6.3,0.009999999999999787,1,630,бРел
523,10:43:36,6.29,-0.009999999999999787,20,12580,бТел
524,10:43:39,6.3,0.009999999999999787,2,1260,бРел
525,10:44:01,6.29,-0.009999999999999787,5,3145,бТел
526,10:44:07,6.3,0.009999999999999787,7,4410,бРел
527,10:44:08,6.3,0.0,1,630,бРел
528,10:44:35,6.3,0.0,8,5040,бРел
529,10:44:39,6.3,0.0,1,630,бРел
530,10:44:56,6.3,0.0,2,1260,бРел
531,10:45:05,6.3,0.0,7,4410,бРел
532,10:45:35,6.3,0.0,8,5040,бРел
533,10:45:41,6.3,0.0,1,630,бРел
534,10:46:05,6.3,0.0,7,4410,бРел
535,10:46:08,6.3,0.0,1,630,бРел
536,10:46:20,6.3,0.0,11,6920,бРел
537,10:46:23,6.3,0.0,1,630,бРел
538,10:46:32,6.3,0.0,109,68670,бРел
539,10:46:35,6.3,0.0,329,207478,бРел
540,10:46:44,6.29,-0.009999999999999787,1,629,бТел
541,10:46:56,6.29,0.0,46,29236,бТел
542,10:46:59,6.29,0.0,8,5032,бРел
543,10:47:05,6.29,0.0,9,5661,бРел
544,10:47:29,6.28,-0.009999999999999787,52,32680,бТел
545,10:47:35,6.29,0.0,8,5032,бРел
546,10:47:39,6.29,0.0,1,629,бРел
547,10:47:53,6.29,0.0,87,55050,бРел
548,10:47:59,6.3,0.0,3,1890,бРел
549,10:48:05,6.3,0.0,9,5670,бРел
550,10:48:17,6.3,0.0,17,10710,бРел
551,10:48:23,6.3,0.0,1,630,бРел
552,10:48:37,6.3,0.0,8,5040,бРел
553,10:48:38,6.3,0.0,1,630,бРел
554,10:49:07,6.3,0.0,9,5670,бРел
555,10:49:11,6.3,0.0,42,26460,бРел
556,10:49:14,6.3,0.0,4,2520,бРел
557,10:49:19,6.29,-0.009999999999999787,2,1258,бТел
558,10:49:35,6.3,0.009999999999999787,7,4410,бРел
559,10:50:05,6.3,0.0,8,5040,бРел
560,10:50:08,6.3,0.0,1,630,бРел
561,10:50:35,6.3,0.0,8,5040,бРел
562,10:50:38,6.3,0.0,1,630,бРел
563,10:51:05,6.3,0.0,8,5040,бРел
564,10:51:35,6.3,0.0,9,5670,бРел
565,10:52:05,6.3,0.0,7,4410,бРел
566,10:52:08,6.3,0.0,1,630,бРел
567,10:52:35,6.3,0.0,8,5040,бРел
568,10:53:05,6.3,0.0,8,5040,бРел
569,10:53:20,6.3,0.0,46,28980,бРел
570,10:53:23,6.3,0.0,1,630,бРел
571,10:53:35,6.3,0.0,8,5040,бРел
572,10:53:55,6.3,0.0,6,3775,бРел
573,10:54:06,6.3,0.0,7,4410,бРел
574,10:54:08,6.3,0.0,1,630,бРел
575,10:54:35,6.3,0.0,8,5040,бРел
576,10:55:02,6.29,-0.009999999999999787,20,12580,бТел
577,10:55:05,6.3,0.009999999999999787,8,5040,бРел
578,10:55:08,6.3,0.0,3,1890,бРел
579,10:55:35,6.3,0.0,7,4410,бРел
580,10:55:41,6.28,-0.019999999999999574,476,299309,бТел
581,10:55:47,6.3,0.019999999999999574,35,22050,бРел
582,10:56:05,6.3,0.0,8,5040,бРел
583,10:56:09,6.3,0.0,1,630,бРел
584,10:56:17,6.3,0.0,2,1260,бРел
585,10:56:23,6.3,0.0,1,630,бРел
586,10:56:35,6.3,0.0,8,5040,бРел
587,10:56:49,6.3,0.0,9,5662,бРел
588,10:57:02,6.3,0.0,5,3150,бРел
589,10:57:05,6.3,0.0,9,5670,бРел
590,10:57:08,6.3,0.0,7,4410,бРел
591,10:57:35,6.3,0.0,8,5040,бРел
592,10:57:48,6.3,0.0,13,8190,бРел
593,10:58:05,6.3,0.0,9,5670,бРел
594,10:58:32,6.29,-0.009999999999999787,1,629,бТел
595,10:58:35,6.3,0.009999999999999787,8,5040,бРел
596,10:59:05,6.3,0.0,8,5040,бРел
597,10:59:14,6.3,0.0,2,1260,бРел
598,10:59:35,6.3,0.0,9,5670,бРел
599,11:00:06,6.3,0.0,7,4410,бРел
600,11:00:23,6.3,0.0,1,630,бРел
601,11:00:35,6.3,0.0,9,5670,бРел
602,11:01:05,6.29,-0.009999999999999787,17,10700,бТел
603,11:01:08,6.3,0.009999999999999787,2,1260,бРел
604,11:01:35,6.3,0.0,8,5040,бРел
605,11:01:38,6.3,0.0,1,630,бРел
606,11:02:07,6.29,-0.009999999999999787,26,16366,бТел
607,11:02:11,6.3,0.009999999999999787,2,1260,бРел
608,11:02:14,6.3,0.0,1,630,бРел
609,11:02:29,6.29,-0.009999999999999787,50,31450,бТел
610,11:02:35,6.3,0.0,8,5040,бРел
611,11:02:41,6.3,0.0,1,630,бРел
612,11:03:05,6.3,0.0,8,5040,бРел
613,11:03:08,6.3,0.0,1,630,бРел
614,11:03:37,6.3,0.0,7,4410,бРел
615,11:03:56,6.3,0.0,11,6920,бРел
616,11:04:07,6.3,0.0,8,5040,бРел
617,11:04:08,6.3,0.0,1,630,бРел
618,11:04:35,6.3,0.0,8,5040,бРел
619,11:05:05,6.3,0.0,8,5040,бРел
620,11:05:37,6.3,0.0,9,5670,бРел
621,11:06:06,6.3,0.0,7,4410,бРел
622,11:06:08,6.3,0.0,1,630,бРел
623,11:06:20,6.29,-0.009999999999999787,8,5032,бТел
624,11:06:35,6.3,0.009999999999999787,19,11970,бРел
625,11:06:38,6.3,0.0,2,1260,бРел
626,11:06:50,6.3,0.009999999999999787,23,14490,бРел
627,11:06:56,6.3,0.0,2,1260,бРел
628,11:07:07,6.3,0.0,7,4410,бРел
629,11:07:08,6.3,0.0,1,630,бРел
630,11:07:19,6.29,-0.009999999999999787,4,2642,бТел
631,11:07:31,6.3,0.009999999999999787,35,22436,бРел
632,11:07:36,6.3,0.0,27,17010,бРел
633,11:07:38,6.3,0.0,3,1890,бРел
634,11:08:07,6.3,0.0,7,4410,бРел
635,11:08:31,6.3,0.0,56,35280,бРел
636,11:08:37,6.3,0.0,8,5040,бРел
637,11:08:55,6.29,-0.009999999999999787,2,1258,бТел
638,11:09:07,6.3,0.009999999999999787,8,5040,бРел
639,11:09:08,6.3,0.0,1,630,бРел
640,11:09:36,6.3,0.0,20,12600,бРел
641,11:09:50,6.29,-0.009999999999999787,1,881,бТел
642,11:10:00,6.29,0.0,68,42772,бТел
643,11:10:06,6.3,0.0,8,5040,бРел
644,11:10:08,6.3,0.0,1,630,бРел
645,11:10:37,6.3,0.0,17,10710,бРел
646,11:10:38,6.3,0.0,1,630,бРел
647,11:11:07,6.3,0.0,8,5040,бРел
648,11:11:08,6.3,0.0,2,1260,бРел
649,11:11:37,6.3,0.0,24,15120,бРел
650,11:11:38,6.3,0.0,2,1260,бРел
651,11:12:06,6.3,0.0,8,5040,бРел
652,11:12:08,6.3,0.0,1,630,бРел
653,11:12:33,6.29,-0.009999999999999787,7,4403,бТел
654,11:12:38,6.3,0.0,1,630,бРел
655,11:13:07,6.3,0.0,7,4410,бРел
656,11:13:08,6.3,0.0,1,630,бРел
657,11:13:13,6.3,0.0,1,630,бРел
658,11:13:37,6.3,0.0,8,5040,бРел
659,11:13:43,6.3,0.0,16,10080,бРел
660,11:13:48,6.3,0.0,2,1260,бРел
661,11:13:55,6.29,-0.009999999999999787,8,5032,бТел
662,11:14:02,6.29,0.0,154,96866,бТел
663,11:14:06,6.3,0.009999999999999787,23,14490,бРел
664,11:14:08,6.3,0.0,16,10080,бРел
665,11:14:14,6.29,-0.009999999999999787,10,6290,бТел
666,11:14:19,6.3,0.009999999999999787,1,630,бРел
667,11:14:23,6.29,-0.009999999999999787,2,1258,бТел
668,11:14:37,6.3,0.009999999999999787,8,5040,бРел
669,11:14:38,6.3,0.0,1,630,бРел
670,11:14:51,6.29,-0.009999999999999787,97,61013,бТел
671,11:14:54,6.3,0.009999999999999787,9,5669,бРел
672,11:15:07,6.3,0.0,7,4410,бРел
673,11:15:08,6.3,0.0,2,1260,бРел
674,11:15:37,6.3,0.0,8,5040,бРел
675,11:16:08,6.3,0.0,9,5670,бРел
676,11:16:27,6.3,0.0,54,33970,бРел
677,11:16:37,6.3,0.0,7,4410,бРел
678,11:16:38,6.3,0.0,1,630,бРел
679,11:16:43,6.29,-0.009999999999999787,5,3145,бТел
680,11:16:57,6.29,0.0,1,629,бТел
681,11:17:02,6.3,0.009999999999999787,1,630,бРел
682,11:17:07,6.3,0.0,8,5040,бРел
683,11:17:37,6.3,0.0,7,4410,бРел
684,11:17:38,6.3,0.0,1,630,бРел
685,11:18:08,6.3,0.0,8,5040,бРел
686,11:18:13,6.3,0.0,1,630,бРел
687,11:18:30,6.29,-0.009999999999999787,35,22015,бТел
688,11:18:33,6.3,0.009999999999999787,3,1890,бРел
689,11:18:43,6.3,0.0,22,13860,бРел
690,11:19:08,6.3,0.0,9,5670,бРел
691,11:19:19,6.29,-0.009999999999999787,30,18870,бТел
692,11:19:36,6.3,0.0,8,5040,бРел
693,11:19:38,6.29,-0.009999999999999787,109,69056,бТел
694,11:19:43,6.29,0.0,58,36482,бРел
695,11:19:50,6.29,0.0,20,12580,бРел
696,11:19:55,6.29,0.0,2,1258,бРел
697,11:20:06,6.29,0.0,7,4403,бРел
698,11:20:32,6.29,0.0,8,5032,бРел
699,11:20:37,6.29,0.0,2,1258,бРел
700,11:21:08,6.29,0.0,8,5032,бРел
701,11:21:37,6.28,-0.009999999999999787,9,5660,бТел
702,11:22:06,6.29,0.009999999999999787,8,5032,бРел
703,11:22:08,6.29,0.0,5,3145,бРел
704,11:22:37,6.29,0.0,9,5661,бРел
705,11:22:54,6.29,0.0,148,93237,бРел
706,11:23:02,6.29,-0.009999999999999787,120,75480,бТел
707,11:23:07,6.3,0.009999999999999787,8,5040,бРел
708,11:23:08,6.29,-0.009999999999999787,53,33349,бТел
709,11:23:13,6.3,0.009999999999999787,3,1890,бРел
710,11:23:37,6.3,0.0,7,4410,бРел
711,11:23:38,6.3,0.0,1,630,бРел
712,11:24:07,6.3,0.0,8,5040,бРел
713,11:24:08,6.3,0.0,1,630,бРел
714,11:24:37,6.3,0.0,7,4410,бРел
715,11:25:02,6.3,0.0,8,5040,бРел
716,11:25:07,6.29,-0.009999999999999787,17,10693,бТел
717,11:25:08,6.3,0.009999999999999787,2,1260,бРел
718,11:25:37,6.3,0.0,7,4410,бРел
719,11:25:38,6.3,0.0,1,630,бРел
720,11:26:07,6.3,0.0,9,5670,бРел
721,11:26:37,6.3,0.0,8,5040,бРел
722,11:27:07,6.3,0.0,7,4410,бРел
723,11:27:08,6.3,0.0,1,630,бРел
724,11:27:30,6.3,0.0,10,6300,бРел
725,11:27:37,6.3,0.0,8,5040,бРел
726,11:28:07,6.3,0.0,7,4410,бРел
727,11:28:08,6.3,0.0,2,1260,бРел
728,11:28:37,6.3,0.0,8,5040,бРел
729,11:28:38,6.3,0.0,1,630,бРел
730,11:29:07,6.3,0.0,7,4410,бРел
731,11:29:37,6.3,0.0,8,5040,бРел
732,11:29:38,6.3,0.0,1,630,бРел
733,11:29:43,6.29,-0.009999999999999787,15,9435,бТел
734,11:29:48,6.3,0.009999999999999787,328,206340,бРел
735,13:00:05,6.29,-0.009999999999999787,399,251453,бТел
736,13:00:10,6.29,0.0,15,9435,бРел
737,13:00:34,6.29,0.0,7,4403,бРел
738,13:00:52,6.28,-0.009999999999999787,1,628,бТел
739,13:01:04,6.29,0.009999999999999787,8,5032,бРел
740,13:01:33,6.29,0.0,12,7543,бРел
741,13:01:39,6.29,0.0,1,629,бРел
742,13:02:03,6.29,0.0,8,5032,бРел
743,13:02:35,6.29,0.0,7,4403,бРел
744,13:03:03,6.29,0.0,8,5032,бРел
745,13:03:35,6.29,0.0,8,5032,бРел
746,13:04:05,6.29,0.0,7,4403,бРел
747,13:04:09,6.28,-0.009999999999999787,20,12560,бТел
748,13:04:33,6.29,0.009999999999999787,8,5032,бРел
749,13:05:00,6.28,-0.009999999999999787,5,3140,бТел
750,13:05:03,6.29,0.009999999999999787,9,5659,бРел
751,13:05:33,6.29,0.0,8,5032,бРел
752,13:05:42,6.29,0.0,23,14467,бРел
753,13:05:55,6.29,0.0,2,1258,бРел
754,13:06:03,6.29,0.0,7,4403,бРел
755,13:06:09,6.29,0.0,300,188700,бРел
756,13:06:18,6.28,-0.009999999999999787,1,628,бТел
757,13:06:33,6.29,0.009999999999999787,8,5032,бРел
758,13:07:01,6.29,0.0,20,12580,бТел
759,13:07:03,6.3,0.009999999999999787,29,18248,бРел
760,13:07:30,6.3,0.0,15,9450,бРел
761,13:07:33,6.3,0.0,8,5040,бРел
762,13:08:03,6.3,0.0,8,5040,бРел
763,13:08:33,6.3,0.0,7,4410,бРел
764,13:08:48,6.29,-0.009999999999999787,60,37740,бТел
765,13:09:03,6.3,0.009999999999999787,8,5040,бРел
766,13:09:33,6.3,0.0,7,4410,бРел
767,13:10:03,6.3,0.0,8,5040,бРел
768,13:10:33,6.3,0.0,7,4410,бРел
769,13:11:03,6.3,0.0,8,5040,бРел
770,13:11:27,6.3,0.0,13,8190,бРел
771,13:11:33,6.3,0.0,8,5040,бРел
772,13:12:03,6.3,0.0,7,4410,бРел
773,13:12:33,6.3,0.0,8,5040,бРел
774,13:13:03,6.3,0.0,7,4410,бРел
775,13:13:19,6.29,-0.009999999999999787,15,9435,бТел
776,13:13:33,6.3,0.009999999999999787,8,5040,бРел
777,13:13:57,6.29,-0.009999999999999787,313,196877,бТел
778,13:14:03,6.3,0.009999999999999787,7,4410,бРел
779,13:14:33,6.3,0.0,8,5040,бРел
780,13:15:03,6.3,0.0,8,5040,бРел
781,13:15:33,6.3,0.0,7,4410,бРел
782,13:16:03,6.3,0.0,8,5040,бРел
783,13:16:09,6.29,-0.009999999999999787,120,75497,бТел
784,13:16:13,6.29,0.0,8,5032,бТел
785,13:16:33,6.3,0.0,11,6926,бРел
786,13:17:03,6.3,0.0,8,5040,бРел
787,13:17:13,6.29,-0.009999999999999787,4,2516,бТел
788,13:17:19,6.29,0.0,4,2516,бТел
789,13:17:31,6.29,0.0,91,57616,бТел
790,13:17:33,6.29,0.0,7,4403,бРел
791,13:17:43,6.28,-0.009999999999999787,1,628,бТел
792,13:18:03,6.29,0.009999999999999787,8,5032,бРел
793,13:18:33,6.29,0.0,8,5032,бРел
794,13:19:03,6.29,0.0,7,4403,бРел
795,13:19:33,6.29,0.0,8,5032,бРел
796,13:19:51,6.28,-0.009999999999999787,52,32656,бТел
797,13:20:03,6.29,0.009999999999999787,7,4403,бРел
798,13:20:33,6.29,0.0,8,5032,бРел
799,13:20:49,6.29,0.0,1,629,бРел
800,13:21:03,6.29,0.0,7,4403,бРел
801,13:21:25,6.29,0.0,12,7548,бРел
802,13:21:33,6.29,0.0,8,5032,бРел
803,13:22:03,6.29,0.0,8,5032,бРел
804,13:22:33,6.29,0.0,15,9427,бРел
805,13:23:03,6.29,0.009999999999999787,8,5032,бРел
806,13:23:09,6.28,-0.009999999999999787,15,9420,бТел
807,13:23:33,6.29,0.009999999999999787,7,4403,бРел
808,13:24:03,6.29,0.0,12,7548,бРел
809,13:24:33,6.29,0.0,45,28305,бРел
810,13:24:39,6.29,0.0,40,25160,бРел
811,13:24:51,6.29,0.0,1,629,бРел
812,13:24:55,6.29,0.0,2,1258,бРел
813,13:25:01,6.29,0.0,1,629,бРел
814,13:25:03,6.29,0.0,8,5032,бРел
815,13:25:25,6.29,0.0,1,629,бРел
816,13:25:33,6.29,0.0,8,5032,бРел
817,13:25:39,6.29,0.0,18,11322,бРел
818,13:25:43,6.29,0.0,12,7548,бРел
819,13:26:03,6.29,0.0,7,4403,бРел
820,13:26:31,6.29,0.0,40,25121,бРел
821,13:26:33,6.29,0.0,8,5032,бРел
822,13:26:39,6.29,0.0,14,8806,бРел
823,13:27:03,6.29,0.0,7,4403,бРел
824,13:27:33,6.29,0.0,8,5032,бРел
825,13:28:03,6.29,0.0,7,4403,бРел
826,13:28:09,6.29,0.0,14,8806,бРел
827,13:28:13,6.29,0.0,2,1258,бРел
828,13:28:33,6.29,0.0,8,5032,бРел
829,13:28:43,6.29,0.0,7,4403,бРел
830,13:28:55,6.29,0.0,10,6290,бРел
831,13:29:03,6.29,0.0,8,5032,бРел
832,13:29:09,6.29,0.0,13,8177,бРел
833,13:29:13,6.29,0.0,6,3774,бРел
834,13:29:21,6.29,0.0,2,1258,бРел
835,13:29:31,6.29,0.0,20,12580,бРел
836,13:29:33,6.29,0.0,7,4403,бРел
837,13:29:43,6.29,0.0,6,3774,бРел
838,13:30:03,6.29,0.0,8,5032,бРел
839,13:30:09,6.29,0.0,13,8177,бРел
840,13:30:13,6.29,0.0,6,3774,бРел
841,13:30:25,6.28,-0.009999999999999787,14,8792,бТел
842,13:30:33,6.29,0.009999999999999787,90,56527,бРел
843,13:31:03,6.29,0.0,8,5032,бРел
844,13:31:15,6.28,-0.009999999999999787,4,2512,бТел
845,13:31:19,6.28,0.0,9,5652,бТел
846,13:31:31,6.28,0.0,5,3266,бТел
847,13:31:33,6.29,0.009999999999999787,7,4403,бРел
848,13:31:39,6.29,0.0,17,10693,бРел
849,13:31:45,6.28,-0.009999999999999787,70,43960,бТел
850,13:32:01,6.28,0.0,27,16956,бТел
851,13:32:03,6.29,0.009999999999999787,34,21360,бРел
852,13:32:33,6.29,0.0,8,5032,бРел
853,13:32:55,6.28,-0.009999999999999787,206,129368,бТел
854,13:33:00,6.28,0.0,25,15876,бТел
855,13:33:03,6.28,0.0,7,4396,бРел
856,13:33:13,6.28,0.0,8,5024,бРел
857,13:33:19,6.28,0.0,3,1884,бРел
858,13:33:24,6.28,0.0,2,1256,бРел
859,13:33:33,6.29,0.009999999999999787,8,5032,бРел
860,13:33:43,6.28,-0.009999999999999787,31,19468,бТел
861,13:33:49,6.28,0.0,9,5828,бТел
862,13:34:01,6.28,0.0,3,1884,бРел
863,13:34:05,6.28,0.0,38,23864,бРел
864,13:34:33,6.28,0.0,8,5024,бРел
865,13:35:03,6.28,0.0,80,50240,бРел
866,13:35:33,6.28,0.0,8,5024,бРел
867,13:36:00,6.27,-0.010000000000000675,6,3762,бТел
868,13:36:03,6.28,0.010000000000000675,8,5024,бРел
869,13:36:18,6.27,0.0,40,25080,бТел
870,13:36:35,6.28,0.010000000000000675,7,4396,бРел
871,13:37:05,6.28,0.0,8,5024,бРел
872,13:37:33,6.28,0.0,7,4396,бРел
873,13:37:40,6.28,0.0,29,18212,бРел
874,13:37:54,6.28,0.0,32,20096,бРел
875,13:38:03,6.28,0.0,58,36424,бРел
876,13:38:12,6.27,-0.010000000000000675,50,31350,бТел
877,13:38:33,6.28,0.010000000000000675,7,4396,бРел
878,13:38:40,6.28,0.0,51,32028,бРел
879,13:38:57,6.27,-0.010000000000000675,30,18810,бТел
880,13:39:04,6.28,0.010000000000000675,8,5024,бРел
881,13:39:34,6.28,0.0,8,5024,бРел
882,13:39:58,6.28,0.0,5,3140,бРел
883,13:40:04,6.28,0.0,7,4396,бРел
884,13:40:30,6.28,0.0,12,7536,бРел
885,13:40:34,6.28,0.0,8,5024,бРел
886,13:40:52,6.28,0.0,4,2512,бРел
887,13:41:04,6.28,0.0,7,4396,бРел
888,13:41:34,6.28,0.0,8,5024,бРел
889,13:42:04,6.28,0.0,7,4396,бРел
890,13:42:10,6.28,0.0,12,7536,бРел
891,13:42:18,6.28,0.0,2,1256,бРел
892,13:42:28,6.28,0.0,13,8164,бРел
893,13:42:34,6.28,0.0,8,5024,бРел
894,13:43:04,6.28,0.0,8,5024,бРел
895,13:43:10,6.28,0.0,12,7536,бРел
896,13:43:34,6.28,0.0,7,4396,бРел
897,13:43:40,6.27,-0.010000000000000675,6,3762,бТел
898,13:43:48,6.27,0.0,80,50160,бТел
899,13:44:00,6.27,0.0,36,22572,бТел
900,13:44:04,6.28,0.010000000000000675,10,6280,бРел
901,13:44:10,6.28,0.0,15,9420,бРел
902,13:44:34,6.28,0.0,7,4396,бРел
903,13:44:40,6.28,0.0,10,6280,бРел
904,13:45:04,6.28,0.0,8,5024,бРел
905,13:45:10,6.28,0.0,175,110352,бРел
906,13:45:13,6.29,0.009999999999999787,9,5661,бРел
907,13:45:22,6.29,0.0,14,8806,бРел
908,13:45:34,6.29,0.0,7,4403,бРел
909,13:45:42,6.29,0.0,6,3774,бРел
910,13:46:04,6.29,0.0,8,5032,бРел
911,13:46:10,6.29,0.0,11,6919,бРел
912,13:46:34,6.29,0.0,8,5032,бРел
913,13:46:41,6.28,0.0,8,5476,бРел
914,13:47:00,6.29,0.009999999999999787,18,11322,бРел
915,13:47:04,6.29,0.0,7,4403,бРел
916,13:47:34,6.29,0.0,8,5032,бРел
917,13:48:04,6.29,0.0,7,4403,бРел
918,13:48:10,6.28,-0.009999999999999787,52,32847,бТел
919,13:48:17,6.28,0.0,1,1080,бРел
920,13:48:34,6.29,0.009999999999999787,8,5032,бРел
921,13:49:04,6.29,0.0,7,4403,бРел
922,13:49:34,6.29,0.0,8,5032,бРел
923,13:49:41,6.29,0.0,16,10064,бРел
924,13:50:04,6.29,0.0,8,5032,бРел
925,13:50:34,6.29,0.0,7,4403,бРел
926,13:51:04,6.29,0.0,8,5032,бРел
927,13:51:11,6.29,0.0,12,7548,бРел
928,13:51:35,6.29,0.0,7,4403,бРел
929,13:51:42,6.29,0.0,67,42138,бРел
930,13:51:47,6.29,0.0,1,629,бРел
931,13:52:04,6.29,0.0,8,5032,бРел
932,13:52:30,6.29,0.0,13,8177,бРел
933,13:52:34,6.29,0.0,7,4403,бРел
934,13:52:41,6.29,0.0,10,6290,бРел
935,13:52:58,6.28,-0.009999999999999787,80,50240,бТел
936,13:53:04,6.29,0.009999999999999787,8,5032,бРел
937,13:53:34,6.29,0.0,8,5032,бРел
938,13:53:40,6.29,0.0,15,9435,бРел
939,13:54:04,6.29,0.0,7,4403,бРел
940,13:54:28,6.28,-0.009999999999999787,15,9420,бТел
941,13:54:34,6.29,0.009999999999999787,8,5032,бРел
942,13:54:47,6.29,0.0,40,25160,бРел
943,13:55:04,6.29,0.0,7,4403,бРел
944,13:55:28,6.29,0.0,29,18241,бРел
945,13:55:34,6.29,0.0,10,6290,бРел
946,13:55:41,6.29,0.0,15,9435,бРел
947,13:56:04,6.29,0.0,7,4403,бРел
948,13:56:10,6.29,0.0,2,1258,бРел
949,13:56:22,6.28,-0.009999999999999787,73,45844,бТел
950,13:56:28,6.28,0.0,5,3140,бТел
951,13:56:34,6.29,0.009999999999999787,5,3397,бРел
952,13:56:54,6.29,0.0,15,9435,бТел
953,13:57:05,6.3,0.009999999999999787,85,53848,бРел
954,13:57:35,6.29,-0.009999999999999787,8,5032,бРел
955,13:57:40,6.29,-0.009999999999999787,2,1258,бРел
956,13:58:05,6.29,0.0,8,5032,бРел
957,13:58:10,6.29,0.0,13,8177,бРел
958,13:58:35,6.29,0.0,7,4403,бРел
959,13:58:49,6.28,-0.009999999999999787,22,13816,бТел
960,13:59:05,6.3,0.019999999999999574,8,5040,бРел
961,13:59:34,6.29,-0.009999999999999787,7,4403,жпптел
962,13:59:40,6.29,0.0,1,629,бРел
963,14:00:05,6.29,0.0,8,5032,бРел
964,14:00:10,6.3,0.009999999999999787,18,11326,бРел
965,14:00:22,6.28,-0.019999999999999574,15,9420,бТел
966,14:00:34,6.3,0.019999999999999574,7,4410,бРел
967,14:01:05,6.3,0.0,8,5040,бРел
968,14:01:25,6.28,-0.019999999999999574,4,2637,бТел
969,14:01:35,6.3,0.019999999999999574,8,5040,бРел
970,14:02:05,6.3,0.0,7,4410,бРел
971,14:02:10,6.29,-0.009999999999999787,2,1258,жпптел
972,14:02:13,6.29,0.0,11,6919,бРел
973,14:02:35,6.29,0.0,8,5032,бРел
974,14:03:05,6.29,0.0,7,4403,бРел
975,14:03:10,6.29,0.0,16,10064,бРел
976,14:03:13,6.28,-0.009999999999999787,33,20737,бТел
977,14:03:34,6.29,0.009999999999999787,8,5032,бРел
978,14:04:03,6.29,0.0,7,4403,бРел
979,14:04:35,6.29,0.0,8,5032,бРел
980,14:05:03,6.29,0.0,8,5032,бРел
981,14:05:35,6.29,0.0,7,4403,бРел
982,14:06:05,6.29,0.0,8,5032,бРел
983,14:06:11,6.29,0.0,179,112591,бРел
984,14:06:13,6.29,0.0,8,5032,бРел
985,14:06:31,6.29,0.0,3,1887,бРел
986,14:06:37,6.3,0.009999999999999787,2,1260,бРел
987,14:06:43,6.3,0.0,1,630,бРел
988,14:06:49,6.29,-0.009999999999999787,10,6290,бТел
989,14:07:05,6.3,0.009999999999999787,8,5040,бРел
990,14:07:13,6.3,0.0,7,4410,бРел
991,14:07:25,6.29,-0.009999999999999787,10,6290,бТел
992,14:07:35,6.3,0.009999999999999787,7,4410,бРел
993,14:07:43,6.29,-0.009999999999999787,10,6290,бТел
994,14:08:03,6.3,0.009999999999999787,8,5040,бРел
995,14:08:25,6.3,0.0,50,31500,бРел
996,14:08:33,6.3,0.0,8,5040,бРел
997,14:08:39,6.3,0.0,62,39010,бРел
998,14:08:43,6.3,0.0,1,630,бРел
999,14:08:51,6.29,-0.009999999999999787,30,18870,бТел
1000,14:08:57,6.29,0.0,5,3145,бТел
1001,14:09:03,6.3,0.009999999999999787,7,4410,бРел
1002,14:09:11,6.3,0.0,2,1260,бРел
1003,14:09:33,6.3,0.0,8,5040,бРел
1004,14:10:03,6.29,-0.009999999999999787,78,49062,бТел
1005,14:10:11,6.29,0.0,22,13838,бРел
1006,14:10:33,6.3,0.009999999999999787,8,5040,бРел
1007,14:10:39,6.29,-0.009999999999999787,5,3145,бТел
1008,14:11:03,6.3,0.009999999999999787,7,4410,бРел
1009,14:11:15,6.29,-0.009999999999999787,16,10064,бТел
1010,14:11:19,6.29,0.0,1,629,бРел
1011,14:11:33,6.29,0.0,8,5032,бРел
1012,14:11:51,6.29,0.0,30,18870,бРел
1013,14:12:05,6.29,0.0,8,5032,бРел
1014,14:12:19,6.28,-0.009999999999999787,75,47100,бТел
1015,14:12:33,6.29,0.009999999999999787,7,4403,бРел
1016,14:12:39,6.29,0.0,1,629,бРел
1017,14:12:43,6.28,-0.009999999999999787,70,43960,бТел
1018,14:13:03,6.29,0.009999999999999787,8,5032,бРел
1019,14:13:31,6.28,-0.009999999999999787,10,6280,бТел
1020,14:13:33,6.29,0.009999999999999787,7,4403,бРел
1021,14:13:39,6.29,0.0,15,9435,бРел
1022,14:14:01,6.28,-0.009999999999999787,10,6280,бТел
1023,14:14:03,6.29,0.009999999999999787,8,5032,бРел
1024,14:14:33,6.29,0.0,7,4403,бРел
1025,14:14:39,6.29,0.0,1,629,бРел
1026,14:14:45,6.28,-0.009999999999999787,7,4396,бТел
1027,14:15:03,6.29,0.009999999999999787,8,5032,бРел
1028,14:15:09,6.29,0.0,50,31450,бРел
1029,14:15:15,6.28,-0.009999999999999787,2,1256,бТел
1030,14:15:19,6.28,0.0,44,27632,бТел
1031,14:15:33,6.29,0.0,8,5032,бРел
1032,14:16:03,6.29,0.0,7,4403,бРел
1033,14:16:15,6.28,-0.009999999999999787,10,6280,бТел
1034,14:16:33,6.29,0.009999999999999787,8,5032,бРел
1035,14:16:57,6.29,0.0,9,5661,бРел
1036,14:17:01,6.28,-0.009999999999999787,3,1884,бТел
1037,14:17:03,6.29,0.009999999999999787,7,4403,бРел
1038,14:17:15,6.28,-0.009999999999999787,255,160140,бТел
1039,14:17:19,6.29,0.009999999999999787,66,41452,бРел
1040,14:17:25,6.29,0.0,1,629,бРел
1041,14:17:33,6.29,0.0,230,144448,бРел
1042,14:18:03,6.28,0.0,7,4396,бРел
1043,14:18:19,6.27,-0.010000000000000675,65,40755,бТел
1044,14:18:27,6.27,0.0,37,23199,бТел
1045,14:18:31,6.28,0.010000000000000675,12,7536,бРел
1046,14:18:33,6.28,0.0,8,5024,бРел
1047,14:18:51,6.27,-0.010000000000000675,350,219450,бТел
1048,14:18:57,6.28,0.010000000000000675,3,1884,бРел
1049,14:19:03,6.28,0.0,8,5024,бРел
1050,14:19:33,6.28,0.0,7,4396,бРел
1051,14:20:03,6.28,0.0,8,5024,бРел
1052,14:20:13,6.27,-0.010000000000000675,10,6270,бТел
1053,14:20:33,6.28,0.010000000000000675,7,4396,бРел
1054,14:20:39,6.27,-0.010000000000000675,300,188100,бТел
1055,14:20:43,6.27,0.0,17,10659,бТел
1056,14:21:03,6.28,0.010000000000000675,8,5024,бРел
1057,14:21:31,6.27,-0.010000000000000675,20,12540,бТел
1058,14:21:33,6.28,0.010000000000000675,7,4396,бРел
1059,14:21:49,6.27,-0.010000000000000675,6,3762,бТел
1060,14:22:03,6.28,0.010000000000000675,8,5024,бРел
1061,14:22:09,6.27,-0.010000000000000675,10,6270,жпптел
1062,14:22:13,6.27,0.0,24,15048,бТел
1063,14:22:25,6.26,-0.009999999999999787,10,6260,бТел
1064,14:22:33,6.27,0.009999999999999787,8,5016,бРел
1065,14:22:51,6.26,-0.009999999999999787,77,48202,бТел
1066,14:22:57,6.26,0.0,14,8764,бТел
1067,14:23:03,6.27,0.009999999999999787,7,4389,бРел
1068,14:23:13,6.27,0.0,50,31350,бРел
1069,14:23:33,6.27,0.0,8,5016,бРел
1070,14:23:43,6.27,0.009999999999999787,38,23826,бРел
1071,14:24:03,6.28,0.010000000000000675,7,4396,бРел
1072,14:24:33,6.28,0.0,8,5024,бРел
1073,14:25:03,6.28,0.0,7,4396,бРел
1074,14:25:13,6.28,0.0,4,2512,бРел
1075,14:25:21,6.28,0.0,50,31352,бРел
1076,14:25:33,6.28,0.0,26,16310,бРел
1077,14:25:51,6.27,-0.010000000000000675,20,12540,бТел
1078,14:25:55,6.27,0.0,8,5016,бТел
1079,14:26:01,6.26,0.0,3,1878,бТел
1080,14:26:03,6.27,0.009999999999999787,8,5016,бРел
1081,14:26:09,6.27,0.0,3,1881,бРел
1082,14:26:33,6.27,0.0,7,4389,бРел
1083,14:26:43,6.27,0.0,9,5643,бРел
1084,14:27:03,6.27,0.0,8,5016,бРел
1085,14:27:13,6.27,0.009999999999999787,4,2508,бРел
1086,14:27:33,6.27,0.0,7,4389,бРел
1087,14:27:45,6.27,0.0,4,2508,бРел
1088,14:27:51,6.26,-0.009999999999999787,14,8764,бТел
1089,14:28:03,6.27,0.009999999999999787,28,17556,бРел
1090,14:28:15,6.27,0.0,5,3135,бРел
1091,14:28:31,6.27,0.0,5,3135,бРел
1092,14:28:33,6.27,0.0,7,4389,бРел
1093,14:28:43,6.26,-0.009999999999999787,48,30048,бТел
1094,14:29:03,6.27,0.0,18,11276,бРел
1095,14:29:09,6.26,-0.009999999999999787,251,157126,бТел
1096,14:29:33,6.27,0.009999999999999787,8,5016,бРел
1097,14:29:51,6.27,0.0,4,2508,бРел
1098,14:29:55,6.27,0.0,4,2508,бРел
1099,14:30:03,6.27,0.0,45,28215,бРел
1100,14:30:09,6.26,-0.009999999999999787,10,6260,бТел
1101,14:30:19,6.27,0.009999999999999787,23,14421,бРел
1102,14:30:33,6.27,0.0,8,5016,бРел
1103,14:30:55,6.26,0.0,115,71990,бТел
1104,14:31:01,6.26,-0.009999999999999787,6,3760,бТел
1105,14:31:03,6.27,0.009999999999999787,7,4389,бРел
1106,14:31:21,6.27,0.0,1,627,бРел
1107,14:31:27,6.27,0.0,4,2508,бРел
1108,14:31:31,6.26,-0.009999999999999787,41,25666,бТел
1109,14:31:33,6.27,0.009999999999999787,8,5016,бРел
1110,14:31:43,6.26,0.0,350,219313,бТел
1111,14:31:49,6.26,0.0,246,154409,бТел
1112,14:32:01,6.26,0.0,11,6886,бРел
1113,14:32:03,6.26,0.0,7,4382,бРел
1114,14:32:27,6.25,-0.009999999999999787,0,13,бТел
1115,14:32:31,6.26,0.009999999999999787,37,23152,бРел
1116,14:32:33,6.26,0.0,8,5008,бРел
1117,14:32:39,6.26,0.009999999999999787,100,62600,бРел
1118,14:32:43,6.26,0.0,6,3756,бРел
1119,14:32:49,6.26,0.0,1,839,бРел
1120,14:33:03,6.27,0.009999999999999787,8,5016,бРел
1121,14:33:33,6.27,0.0,7,4389,бРел
1122,14:33:39,6.27,0.0,1,627,бРел
1123,14:33:57,6.27,0.0,2,1254,бРел
1124,14:34:01,6.27,0.0,23,14421,бРел
1125,14:34:03,6.27,0.0,8,5016,бРел
1126,14:34:09,6.27,0.009999999999999787,4,2508,бРел
1127,14:34:15,6.27,0.0,20,12540,бРел
1128,14:34:31,6.27,0.0,23,14421,бРел
1129,14:34:33,6.27,0.0,7,4389,бРел
1130,14:34:39,6.27,0.0,4,2508,бРел
1131,14:34:53,6.26,-0.009999999999999787,154,96415,бТел
1132,14:35:03,6.27,0.009999999999999787,8,5016,бРел
1133,14:35:13,6.27,0.0,4,2508,бРел
1134,14:35:19,6.26,-0.009999999999999787,55,34430,бТел
1135,14:35:25,6.26,0.0,100,62600,бТел
1136,14:35:33,6.27,0.009999999999999787,8,5016,бРел
1137,14:35:43,6.27,0.0,5,3135,бРел
1138,14:35:55,6.27,0.0,1,627,бРел
1139,14:36:05,6.27,0.0,8,5016,бРел
1140,14:36:17,6.27,0.0,4,2508,бРел
1141,14:36:19,6.26,-0.009999999999999787,5,3130,бТел
1142,14:36:31,6.26,0.0,85,53623,бТел
1143,14:36:35,6.26,0.0,29,18133,бРел
1144,14:36:39,6.26,0.009999999999999787,1,626,бРел
1145,14:36:43,6.25,-0.009999999999999787,1,625,бТел
1146,14:36:51,6.26,-0.009999999999999787,65,40690,бТел
1147,14:37:05,6.26,0.0,3,1878,бРел
1148,14:37:09,6.26,0.0,23,14398,бРел
1149,14:37:17,6.26,0.0,20,12520,бРел
1150,14:37:19,6.26,0.0,5,3130,бРел
1151,14:37:23,6.26,0.0,23,14398,бРел
1152,14:37:33,6.26,0.0,114,71264,бРел
1153,14:37:45,6.25,0.0,204,127500,бТел
1154,14:38:03,6.26,0.009999999999999787,7,4382,бРел
1155,14:38:13,6.26,0.0,1,626,бРел
1156,14:38:22,6.26,0.0,12,7512,бРел
1157,14:38:24,6.26,0.0,4,2504,бРел
1158,14:38:29,6.26,0.0,5,3130,бРел
1159,14:38:35,6.26,0.0,8,5008,бРел
1160,14:38:42,6.25,-0.009999999999999787,8,5000,бТел
1161,14:38:46,6.25,0.0,20,12500,бТел
1162,14:38:59,6.26,0.009999999999999787,23,14398,бРел
1163,14:39:05,6.26,0.0,49,30663,бРел
1164,14:39:12,6.26,0.0,48,30048,бРел
1165,14:39:24,6.25,-0.009999999999999787,338,211250,бТел
1166,14:39:29,6.26,0.009999999999999787,4,2504,бРел
1167,14:39:34,6.26,0.0,8,5008,бРел
1168,14:39:40,6.26,0.0,23,14398,бРел
1169,14:39:46,6.25,-0.009999999999999787,46,28750,бТел
1170,14:39:52,6.26,0.009999999999999787,1,626,бРел
1171,14:40:00,6.26,0.0,68,42568,бРел
1172,14:40:04,6.26,0.0,8,5008,бРел
1173,14:40:24,6.26,0.0,24,15024,бРел
1174,14:40:31,6.26,0.0,37,23162,бРел
1175,14:40:34,6.26,0.0,7,4382,бРел
1176,14:40:46,6.26,0.0,1,626,бРел
1177,14:40:52,6.26,0.0,1,626,бРел
1178,14:40:54,6.25,-0.009999999999999787,20,12500,бТел
1179,14:41:04,6.26,0.009999999999999787,8,5008,бРел
1180,14:41:18,6.26,0.0,27,16902,бРел
1181,14:41:24,6.25,-0.009999999999999787,40,25000,бТел
1182,14:41:35,6.26,0.009999999999999787,7,4382,бРел
1183,14:42:04,6.26,0.0,17,10633,бРел
1184,14:42:24,6.26,0.0,2,1252,бРел
1185,14:42:28,6.25,-0.009999999999999787,63,39375,бТел
1186,14:42:34,6.26,0.009999999999999787,7,4382,бРел
1187,14:42:42,6.26,0.009999999999999787,8,5008,бРел
1188,14:42:48,6.25,-0.009999999999999787,150,93750,бТел
1189,14:43:04,6.26,0.0,8,5008,бРел
1190,14:43:10,6.25,0.0,123,77487,бТел
1191,14:43:17,6.25,-0.009999999999999787,5,3125,бТел
1192,14:43:22,6.24,-0.009999999999999787,28,17490,бТел
1193,14:43:34,6.25,0.009999999999999787,8,5000,бРел
1194,14:43:47,6.25,0.0,4,2500,бРел
1195,14:43:52,6.24,-0.009999999999999787,60,37440,бТел
1196,14:43:54,6.25,0.009999999999999787,46,28750,бРел
1197,14:44:05,6.25,0.0,7,4375,бРел
1198,14:44:16,6.25,0.0,4,2500,бРел
1199,14:44:28,6.24,-0.009999999999999787,63,39322,бТел
1200,14:44:34,6.25,0.009999999999999787,203,126680,бРел
1201,14:44:42,6.25,0.009999999999999787,38,23732,бРел
1202,14:44:48,6.25,0.0,1,625,бРел
1203,14:45:04,6.25,0.0,68,42439,бРел
1204,14:45:18,6.25,0.0,24,15000,бРел
1205,14:45:24,6.25,0.0,21,13115,бРел
1206,14:45:30,6.25,0.0,10,6250,бРел
1207,14:45:34,6.24,-0.009999999999999787,98,61160,бТел
1208,14:45:46,6.25,0.0,26,16250,бРел
1209,14:45:48,6.24,-0.009999999999999787,68,42432,бТел
1210,14:46:00,6.25,0.0,1,625,бРел
1211,14:46:04,6.25,0.0,8,5000,бРел
1212,14:46:10,6.25,0.0,69,43057,бРел
1213,14:46:16,6.24,-0.009999999999999787,45,28080,бТел
1214,14:46:24,6.24,0.0,63,39312,бРел
1215,14:46:35,6.25,0.009999999999999787,8,5000,бРел
1216,14:46:40,6.24,-0.009999999999999787,10,6240,бТел
1217,14:46:46,6.24,0.0,8,4992,бТел
1218,14:46:52,6.24,0.0,30,18720,бТел
1219,14:46:54,6.25,0.009999999999999787,1,625,бРел
1220,14:47:05,6.25,0.0,7,4375,бРел
1221,14:47:10,6.24,-0.009999999999999787,1,624,бТел
1222,14:47:16,6.24,0.0,55,34365,бТел
1223,14:47:22,6.25,0.009999999999999787,6,3750,бРел
1224,14:47:24,6.24,-0.009999999999999787,100,62400,бТел
1225,14:47:28,6.25,0.009999999999999787,4,2500,бРел
1226,14:47:35,6.25,0.0,12,7500,бРел
1227,14:47:40,6.25,0.009999999999999787,1,625,бРел
1228,14:47:48,6.25,0.0,46,28750,бРел
1229,14:47:54,6.24,-0.009999999999999787,16,9984,бТел
1230,14:47:58,6.25,0.009999999999999787,5,3125,бРел
1231,14:48:04,6.25,0.009999999999999787,8,5000,бРел
1232,14:48:10,6.24,0.0,39,24336,бТел
1233,14:48:24,6.25,0.009999999999999787,46,28750,бРел
1234,14:48:28,6.24,-0.009999999999999787,19,11859,бТел
1235,14:48:34,6.25,0.0,11,6875,бРел
1236,14:48:41,6.24,-0.009999999999999787,10,6240,бТел
1237,14:48:58,6.25,0.009999999999999787,22,13750,бРел
1238,14:49:04,6.25,0.009999999999999787,15,9368,бРел
1239,14:49:11,6.24,0.0,5,3120,бРел
1240,14:49:17,6.24,0.0,2,1248,бРел
1241,14:49:28,6.24,0.0,5,3120,бРел
1242,14:49:34,6.24,0.0,7,4368,бРел
1243,14:49:40,6.24,-0.009999999999999787,9,5616,бРел
1244,14:49:48,6.24,0.0,2,1248,бТел
1245,14:50:05,6.25,0.009999999999999787,20,12500,бРел
1246,14:50:18,6.24,0.0,37,23088,бТел
1247,14:50:34,6.25,0.0,7,4375,бРел
1248,14:50:54,6.25,0.0,5,3125,бРел
1249,14:51:05,6.24,-0.009999999999999787,52,32457,бТел
1250,14:51:11,6.25,0.009999999999999787,13,8125,бРел
1251,14:51:17,6.25,0.0,199,124562,бРел
1252,14:51:18,6.26,0.009999999999999787,35,21878,бРел
1253,14:51:30,6.25,-0.009999999999999787,8,5412,бТел
1254,14:51:35,6.25,0.0,9,5625,бРел
1255,14:51:42,6.25,0.0,75,47088,бРел
1256,14:52:00,6.26,0.009999999999999787,1,626,бРел
1257,14:52:05,6.26,0.0,1,626,бРел
1258,14:52:22,6.26,0.0,15,9380,бРел
1259,14:52:28,6.26,0.0,1,626,бРел
1260,14:52:35,6.26,0.0,259,162134,бРел
1261,14:52:47,6.25,-0.009999999999999787,7,4375,бТел
1262,14:52:58,6.26,0.009999999999999787,1,626,бРел
1263,14:53:11,6.26,0.009999999999999787,10,6260,бРел
1264,14:53:17,6.26,0.0,11,6886,бРел
1265,14:53:18,6.26,0.0,7,4382,бРел
1266,14:53:24,6.26,0.0,2,1252,бРел
1267,14:53:28,6.26,0.0,10,6260,бРел
1268,14:53:37,6.26,0.0,1,626,бРел
1269,14:53:48,6.26,0.0,12,7501,бРел
1270,14:54:05,6.25,-0.009999999999999787,30,18750,бТел
1271,14:54:17,6.26,0.009999999999999787,1,626,бРел
1272,14:54:22,6.25,-0.009999999999999787,19,11875,бТел
1273,14:54:35,6.26,0.009999999999999787,6,3756,бРел
1274,14:55:05,6.25,-0.009999999999999787,24,15000,бТел
1275,14:55:11,6.26,0.0,10,6260,бРел
1276,14:55:17,6.26,0.0,1,626,бРел
1277,14:55:23,6.25,-0.009999999999999787,100,62500,бТел
1278,14:55:30,6.25,0.0,20,12500,бТел
1279,14:55:37,6.25,0.0,30,18750,бТел
1280,14:55:42,6.25,0.0,10,6250,бТел
1281,14:55:52,6.26,0.009999999999999787,1,626,бРел
1282,14:56:00,6.25,-0.009999999999999787,11,6875,бТел
1283,14:56:07,6.24,-0.009999999999999787,3,1872,бТел
1284,14:56:12,6.25,0.009999999999999787,6,3750,бРел
1285,14:56:48,6.25,0.0,185,115625,бРел
1286,15:00:07,6.25,0.0,597,373125,бРел
