,Ёи╫╩й╠╪Д,Ёи╫╩╪ш,╪ш╦Я╠Д╤╞,Ёи╫╩а©ё╗йжё╘,Ёи╫╩╤Нё╗т╙ё╘,птжй
0,09:25:02,48.8,-0.28000000000000114,93,453840,бРел
1,09:30:01,49.0,0.20000000000000284,45,220738,бРел
2,09:30:05,48.97,-0.030000000000001137,37,180961,жпптел
3,09:30:11,48.98,-0.030000000000001137,18,93029,бТел
4,09:30:17,49.06,0.09000000000000341,7,36070,бРел
5,09:30:23,49.0,-0.060000000000002274,15,73500,бРел
6,09:30:25,49.08,0.0799999999999983,12,58842,бРел
7,09:30:31,48.98,0.0,4,19593,бТел
8,09:30:35,48.99,0.010000000000005116,11,58806,жпптел
9,09:30:41,49.07,0.00999999999999801,15,75228,жпптел
10,09:30:47,49.08,0.00999999999999801,15,77160,бРел
11,09:30:53,49.17,0.0,5,29453,бТел
12,09:30:55,49.07,-0.10000000000000142,24,118080,бТел
13,09:31:01,49.05,-0.10999999999999943,45,225647,бТел
14,09:31:05,49.05,0.0,16,78470,бРел
15,09:31:11,49.05,-0.10000000000000142,25,122992,бТел
16,09:31:17,49.03,-0.10999999999999943,26,127498,жпптел
17,09:31:23,49.02,0.030000000000001137,21,102882,бРел
18,09:31:25,49.03,0.00999999999999801,38,186174,бРел
19,09:31:31,49.05,0.02999999999999403,0,4414,жпптел
20,09:31:35,49.03,-0.01999999999999602,38,187130,бТел
21,09:31:41,49.15,0.07000000000000028,32,157247,бРел
22,09:31:47,49.16,0.00999999999999801,22,108158,бРел
23,09:31:53,49.19,0.0,19,93449,бРел
24,09:31:55,49.2,0.010000000000005116,61,301850,бРел
25,09:32:01,49.3,0.01999999999999602,20,101592,бРел
26,09:32:05,49.36,0.060000000000002274,7,34550,бРел
27,09:32:11,49.36,-0.030000000000001137,2,12001,бТел
28,09:32:17,49.39,-0.01999999999999602,11,56369,бТел
29,09:32:23,49.41,0.00999999999999801,37,186593,бРел
30,09:32:25,49.39,-0.01999999999999602,26,131352,бТел
31,09:32:31,49.3,0.0,26,133017,бТел
32,09:32:35,49.36,0.060000000000002274,12,59240,жпптел
33,09:32:41,49.36,0.00999999999999801,11,54304,бТел
34,09:32:47,49.3,-0.0800000000000054,16,78969,бТел
35,09:32:53,48.88,-0.46999999999999886,87,428727,бТел
36,09:32:55,49.13,0.25,10,49328,жпптел
37,09:33:01,48.9,-0.44000000000000483,2,9803,бТел
38,09:33:05,49.21,0.3100000000000023,34,167100,бРел
39,09:33:11,49.21,0.0,16,80113,бТел
40,09:33:17,49.14,-0.18999999999999773,10,49505,бТел
41,09:33:23,49.21,0.03999999999999915,13,63928,бРел
42,09:33:25,49.19,-0.020000000000003126,19,93543,бТел
43,09:33:31,49.18,0.0,24,121077,бТел
44,09:33:35,49.27,0.09000000000000341,16,78833,бРел
45,09:33:41,49.35,0.060000000000002274,26,130213,бРел
46,09:33:47,49.27,0.0,3,16391,бТел
47,09:33:53,49.34,0.12000000000000455,18,88812,бРел
48,09:33:55,49.36,0.01999999999999602,31,156346,бРел
49,09:34:01,49.4,0.0,22,111571,бРел
50,09:34:05,49.41,0.00999999999999801,60,300790,бРел
51,09:34:11,49.43,0.00999999999999801,12,59381,бРел
52,09:34:17,49.54,0.060000000000002274,24,118854,жпптел
53,09:34:25,49.57,0.04999999999999716,11,54506,бРел
54,09:34:31,49.51,-0.010000000000005116,20,103065,бТел
55,09:34:35,49.54,0.030000000000001137,6,29728,жпптел
56,09:34:41,49.54,0.0,3,15902,бТел
57,09:34:47,49.54,-0.00999999999999801,43,213041,бТел
58,09:34:53,49.55,0.0,3,14869,бТел
59,09:34:55,49.6,0.05000000000000426,7,34718,бРел
60,09:35:01,49.71,0.10999999999999943,17,84345,бРел
61,09:35:05,49.65,-0.060000000000002274,25,124160,бТел
62,09:35:11,49.55,-0.10000000000000142,14,73348,бТел
63,09:35:17,49.66,0.00999999999999801,16,79481,жпптел
64,09:35:23,49.7,0.0,6,29795,бРел
65,09:35:25,49.7,0.0,10,49701,бРел
66,09:35:31,49.7,0.0,15,74550,бТел
67,09:35:35,49.74,0.03999999999999915,9,44745,бРел
68,09:35:41,49.76,0.05999999999999517,32,159052,бРел
69,09:35:47,49.72,0.01999999999999602,11,54692,бТел
70,09:35:53,49.7,-0.03999999999999915,23,114378,бТел
71,09:35:55,49.74,0.03999999999999915,13,64644,бРел
72,09:36:01,49.56,-0.14000000000000057,6,29779,бТел
73,09:36:05,49.57,0.00999999999999801,26,128879,жпптел
74,09:36:11,49.56,-0.00999999999999801,18,89224,бТел
75,09:36:17,49.56,0.010000000000005116,33,163391,бРел
76,09:36:23,49.56,0.0,8,39643,бРел
77,09:36:25,49.5,-0.060000000000002274,15,74190,жпптел
78,09:36:31,49.52,-0.02999999999999403,2,9898,жпптел
79,09:36:37,49.53,0.00999999999999801,4,19815,бТел
80,09:36:41,49.56,0.030000000000001137,41,206376,бРел
81,09:36:47,49.56,0.0,3,14868,бТел
82,09:36:53,49.61,0.04999999999999716,2,9922,жпптел
83,09:36:59,49.56,-0.04999999999999716,50,247805,бТел
84,09:37:01,49.56,0.0,2,9912,бТел
85,09:37:05,49.63,0.07000000000000028,10,49581,бРел
86,09:37:11,49.6,0.03999999999999915,1,4960,жпптел
87,09:37:17,49.61,0.04999999999999716,29,143852,бРел
88,09:37:23,49.67,0.030000000000001137,20,99344,бТел
89,09:37:29,49.64,-0.030000000000001137,14,69526,бТел
90,09:37:31,49.64,0.0,1,4964,бТел
91,09:37:35,49.67,0.030000000000001137,9,44702,бРел
92,09:37:41,49.65,-0.020000000000003126,3,14894,бРел
93,09:37:47,49.65,0.0,6,29790,бРел
94,09:37:55,49.66,0.00999999999999801,18,89384,бРел
95,09:38:05,49.67,0.010000000000005116,3,14901,бРел
96,09:38:11,49.67,-0.00999999999999801,15,74505,бТел
97,09:38:17,49.72,0.03999999999999915,18,89478,бРел
98,09:38:23,49.7,0.0,5,24852,бТел
99,09:38:25,49.74,0.03999999999999915,19,94492,бРел
100,09:38:31,49.78,0.03999999999999915,45,223940,бРел
101,09:38:35,49.75,-0.030000000000001137,5,24875,бРел
102,09:38:41,49.81,0.020000000000003126,23,114541,бРел
103,09:38:47,49.92,0.0,11,54906,бРел
104,09:38:53,49.97,0.030000000000001137,24,119827,бРел
105,09:38:55,49.97,0.0,30,149777,бРел
106,09:39:01,49.97,0.0,6,29975,бРел
107,09:39:05,49.99,0.020000000000003126,7,34982,бРел
108,09:39:11,49.99,0.010000000000005116,7,34990,бРел
109,09:39:17,49.99,0.0,62,309983,бРел
110,09:39:23,50.0,0.0,65,324999,бРел
111,09:39:25,50.0,0.0,23,115004,бРел
112,09:39:31,50.06,0.060000000000002274,49,245025,бРел
113,09:39:35,50.06,0.0,19,95100,бТел
114,09:39:41,50.0,-0.04999999999999716,5,25003,бТел
115,09:39:47,50.05,0.02999999999999403,28,140176,бТел
116,09:39:53,50.0,-0.03999999999999915,52,260173,бТел
117,09:39:55,50.06,0.060000000000002274,53,265167,бРел
118,09:40:01,50.03,-0.01999999999999602,30,150026,бТел
119,09:40:05,50.0,-0.030000000000001137,69,345109,бТел
120,09:40:11,49.94,-0.05000000000000426,14,69951,бТел
121,09:40:17,49.9,-0.0799999999999983,29,144757,жпптел
122,09:40:23,49.82,-0.14000000000000057,22,109884,бТел
123,09:40:29,49.89,0.07000000000000028,31,154703,бТел
124,09:40:31,49.91,0.01999999999999602,54,269477,бРел
125,09:40:35,49.96,0.05000000000000426,7,34957,бРел
126,09:40:41,49.97,0.00999999999999801,6,29980,бРел
127,09:40:47,49.92,-0.04999999999999716,33,164736,жпптел
128,09:40:53,49.97,0.03999999999999915,27,134910,бРел
129,09:40:55,49.99,0.020000000000003126,38,189914,бРел
130,09:41:01,49.99,0.0,6,29998,бТел
131,09:41:05,50.01,0.01999999999999602,14,70007,бРел
132,09:41:11,50.02,0.0,8,40010,бТел
133,09:41:17,50.02,-0.02999999999999403,7,35020,жпптел
134,09:41:23,50.01,0.00999999999999801,13,65008,бРел
135,09:41:25,50.0,-0.00999999999999801,2,10002,бТел
136,09:41:31,50.02,0.020000000000003126,30,150046,бРел
137,09:41:35,49.99,-0.030000000000001137,49,244978,бТел
138,09:41:41,49.98,0.0,3,14993,бРел
139,09:41:47,49.98,0.0,3,14996,бТел
140,09:41:53,49.97,-0.00999999999999801,34,169917,бТел
141,09:41:55,49.98,0.00999999999999801,54,269890,бРел
142,09:42:01,49.98,-0.010000000000005116,2,9996,бТел
143,09:42:05,49.98,0.0,9,44982,бТел
144,09:42:11,49.98,0.0,42,209926,бТел
145,09:42:17,50.0,0.020000000000003126,49,244962,бРел
146,09:42:23,50.0,0.0,54,270000,бТел
147,09:42:25,50.0,0.0,21,105000,бТел
148,09:42:31,50.0,0.0,5,25000,бТел
149,09:42:35,50.02,0.020000000000003126,7,35002,бРел
150,09:42:41,50.03,0.00999999999999801,1,5003,бРел
151,09:42:47,50.06,0.030000000000001137,20,100096,бРел
152,09:42:53,50.1,0.07000000000000028,83,415692,бРел
153,09:42:55,50.1,0.0,9,45098,бТел
154,09:43:01,50.12,0.0,11,55129,бРел
155,09:43:05,50.15,0.030000000000001137,14,70172,бРел
156,09:43:11,50.13,-0.02999999999999403,11,55133,жпптел
157,09:43:17,50.16,0.03999999999999915,21,105326,бРел
158,09:43:23,50.16,-0.010000000000005116,40,200640,бТел
159,09:43:25,50.14,-0.01999999999999602,32,160512,бТел
160,09:43:31,50.16,0.0,24,120388,бТел
161,09:43:35,50.18,0.020000000000003126,13,65218,бРел
162,09:43:41,50.17,-0.00999999999999801,17,85291,бТел
163,09:43:47,50.17,-0.00999999999999801,50,250849,бТел
164,09:43:53,50.14,-0.01999999999999602,16,80254,бТел
165,09:43:55,50.17,0.030000000000001137,9,45149,бРел
166,09:44:01,50.16,-0.010000000000005116,7,35113,бТел
167,09:44:05,50.16,0.0,62,311008,бТел
168,09:44:11,50.13,-0.03999999999999915,18,93659,бТел
169,09:44:17,50.28,0.030000000000001137,25,126342,бРел
170,09:44:23,50.17,0.010000000000005116,24,121878,бРел
171,09:44:25,50.25,0.0799999999999983,11,55211,бРел
172,09:44:31,50.14,0.0,25,127461,бТел
173,09:44:35,50.15,0.00999999999999801,59,298978,бРел
174,09:44:41,50.18,-0.11999999999999744,3,15054,бТел
175,09:44:47,50.3,0.0899999999999963,148,744382,бРел
176,09:44:53,50.38,0.07000000000000028,11,55355,бРел
177,09:44:55,50.38,0.0,3,15114,бРел
178,09:45:05,50.39,0.00999999999999801,14,70556,бТел
179,09:45:11,50.4,0.0,30,151163,жпптел
180,09:45:17,50.41,0.0,7,35284,бТел
181,09:45:23,50.41,-0.04000000000000625,15,75680,бТел
182,09:45:25,50.49,0.0800000000000054,10,50472,бРел
183,09:45:31,50.5,0.04999999999999716,35,176716,бРел
184,09:45:35,50.55,0.04999999999999716,17,85889,бРел
185,09:45:41,50.61,0.0,24,121333,бРел
186,09:45:47,50.74,0.03999999999999915,45,228390,бРел
187,09:45:55,50.62,-0.0800000000000054,23,116514,бТел
188,09:46:01,50.8,0.09999999999999432,152,771490,бРел
189,09:46:05,50.77,-0.02999999999999403,72,365624,бТел
190,09:46:11,50.69,0.07000000000000028,3,15210,жпптел
191,09:46:17,50.65,0.0,25,126797,бТел
192,09:46:23,50.65,-0.00999999999999801,42,212839,бТел
193,09:46:25,50.65,0.0,31,157007,бРел
194,09:46:31,50.66,0.0,11,55728,бТел
195,09:46:35,50.64,-0.01999999999999602,36,182243,бТел
196,09:46:41,50.65,0.0,58,293732,бРел
197,09:46:47,50.66,0.00999999999999801,7,35457,бРел
198,09:46:53,50.65,-0.030000000000001137,8,40524,бТел
199,09:46:55,50.66,0.00999999999999801,20,101335,жпптел
200,09:47:01,50.76,0.00999999999999801,26,132009,бРел
201,09:47:05,50.77,0.010000000000005116,9,45714,жпптел
202,09:47:11,50.79,0.07000000000000028,17,86299,бРел
203,09:47:17,50.75,-0.03999999999999915,23,116628,жпптел
204,09:47:23,50.87,0.07000000000000028,5,25414,бРел
205,09:47:25,50.8,-0.07000000000000028,9,45728,бТел
206,09:47:31,50.8,-0.0800000000000054,28,142255,бТел
207,09:47:35,50.8,0.0,112,570647,бТел
208,09:47:41,50.9,0.0,93,473377,бТел
209,09:47:47,50.97,0.0,76,387212,бТел
210,09:47:53,50.98,0.0799999999999983,24,122232,бРел
211,09:47:55,50.98,0.0,9,45880,бРел
212,09:48:01,51.1,0.03999999999999915,26,132760,бРел
213,09:48:05,51.1,0.0,23,117479,бТел
214,09:48:11,51.09,-0.10999999999999943,27,137744,жпптел
215,09:48:17,51.08,-0.020000000000003126,6,30650,жпптел
216,09:48:23,51.09,0.010000000000005116,26,132812,бРел
217,09:48:25,51.01,-0.0800000000000054,23,117461,бТел
218,09:48:31,51.01,-0.030000000000001137,35,178583,бТел
219,09:48:35,51.0,-0.00999999999999801,89,453897,бТел
220,09:48:41,50.93,-0.07000000000000028,34,173069,жпптел
221,09:48:47,50.9,0.0,63,321095,бТел
222,09:48:53,50.9,-0.09000000000000341,31,157799,бТел
223,09:48:55,50.93,0.030000000000001137,68,346184,жпптел
224,09:49:01,50.9,-0.0799999999999983,76,386873,бТел
225,09:49:05,50.9,0.0,36,182683,бРел
226,09:49:13,50.79,-0.00999999999999801,7,35553,бРел
227,09:49:17,50.8,0.00999999999999801,30,152350,бРел
228,09:49:23,50.75,-0.00999999999999801,8,40596,бТел
229,09:49:25,50.76,0.00999999999999801,43,218268,бРел
230,09:49:31,50.74,-0.00999999999999801,25,126850,бРел
231,09:49:37,50.73,-0.010000000000005116,4,20293,бТел
232,09:49:41,50.73,0.0,3,15220,жпптел
233,09:49:47,50.75,0.020000000000003126,80,405956,бРел
234,09:49:53,50.75,0.020000000000003126,21,106500,бРел
235,09:49:55,50.75,0.0,1,5075,бРел
236,09:50:01,50.79,0.03999999999999915,12,60896,бРел
237,09:50:05,50.71,-0.0799999999999983,42,213010,бТел
238,09:50:11,50.7,-0.00999999999999801,14,70984,бТел
239,09:50:17,50.66,-0.030000000000001137,50,253300,бТел
240,09:50:23,50.66,0.0,40,202646,бТел
241,09:50:25,50.69,0.030000000000001137,15,75996,бРел
242,09:50:31,50.66,-0.030000000000001137,32,162124,бТел
243,09:50:35,50.62,-0.03999999999999915,9,45558,бТел
244,09:50:41,50.62,0.0,1,5062,бРел
245,09:50:47,50.62,0.0,7,35434,бРел
246,09:50:53,50.62,-0.010000000000005116,15,75931,бТел
247,09:50:55,50.63,0.010000000000005116,9,45567,бРел
248,09:51:01,50.63,0.0,8,40497,бРел
249,09:51:05,50.65,0.01999999999999602,36,182256,бРел
250,09:51:11,50.61,0.0,24,121480,бТел
251,09:51:17,50.61,-0.00999999999999801,25,126539,бТел
252,09:51:23,50.62,0.0,23,116413,бРел
253,09:51:25,50.61,-0.00999999999999801,1,5061,бТел
254,09:51:31,50.66,0.04999999999999716,73,369674,бРел
255,09:51:35,50.65,-0.00999999999999801,37,187427,бТел
256,09:51:41,50.65,0.0,2,10130,бТел
257,09:51:47,50.65,0.0,77,390055,бТел
258,09:51:53,50.65,-0.020000000000003126,1,5065,бТел
259,09:51:55,50.65,0.0,4,20264,бТел
260,09:52:01,50.7,0.0,14,70984,бТел
261,09:52:05,50.72,0.01999999999999602,7,35498,бРел
262,09:52:13,50.72,0.00999999999999801,8,40579,бТел
263,09:52:17,50.8,0.0799999999999983,157,797057,бРел
264,09:52:23,50.75,0.030000000000001137,4,20315,бТел
265,09:52:25,50.8,0.04999999999999716,13,66006,бТел
266,09:52:31,50.74,-0.05999999999999517,4,20296,бТел
267,09:52:35,50.74,0.0,9,45703,бТел
268,09:52:41,50.74,0.0,21,106579,бТел
269,09:52:47,50.81,0.010000000000005116,23,116842,бРел
270,09:52:53,50.8,0.0,52,264162,бТел
271,09:52:55,50.8,0.0,16,81280,бТел
272,09:53:01,50.78,-0.01999999999999602,6,30472,бТел
273,09:53:05,50.74,-0.03999999999999915,67,339958,бТел
274,09:53:11,50.78,-0.030000000000001137,30,152284,жпптел
275,09:53:17,50.74,0.010000000000005116,35,177525,бРел
276,09:53:23,50.71,-0.04999999999999716,26,131899,бТел
277,09:53:25,50.8,0.0899999999999963,80,406220,бРел
278,09:53:31,50.78,-0.01999999999999602,1,5078,жпптел
279,09:53:35,50.73,-0.05000000000000426,20,101470,бТел
280,09:53:41,50.71,-0.01999999999999602,2,10144,бТел
281,09:53:47,50.8,0.0899999999999963,42,213246,бРел
282,09:53:53,50.8,0.0,64,325120,бТел
283,09:53:55,50.7,-0.09999999999999432,142,719994,бТел
284,09:54:01,50.65,0.030000000000001137,9,45573,бРел
285,09:54:05,50.6,-0.04999999999999716,3,15182,бТел
286,09:54:11,50.6,0.0,18,91096,бТел
287,09:54:17,50.6,-0.01999999999999602,113,571782,бТел
288,09:54:23,50.55,-0.05000000000000426,19,96050,бТел
289,09:54:25,50.55,0.0,4,20220,бТел
290,09:54:31,50.58,0.030000000000001137,1,5058,бРел
291,09:54:35,50.6,0.020000000000003126,3,15179,бРел
292,09:54:41,50.7,0.0,52,263640,бТел
293,09:54:47,50.75,0.0,13,65921,бРел
294,09:54:53,50.72,0.01999999999999602,5,25369,бТел
295,09:54:55,50.71,-0.00999999999999801,2,10143,бТел
296,09:55:01,50.71,0.0,4,20286,бТел
297,09:55:05,50.71,0.0,17,86207,бТел
298,09:55:11,50.71,0.0,2,10132,бРел
299,09:55:17,50.61,-0.10000000000000142,7,35427,бТел
300,09:55:29,50.69,0.0799999999999983,5,25313,бРел
301,09:55:31,50.62,-0.07000000000000028,3,15186,бРел
302,09:55:35,50.63,0.010000000000005116,6,30374,бРел
303,09:55:41,50.63,0.0,1,5063,бТел
304,09:55:47,50.62,-0.07000000000000028,2,10123,жпптел
305,09:55:53,50.69,0.0799999999999983,38,192406,бРел
306,09:55:55,50.7,0.010000000000005116,9,45626,бРел
307,09:56:05,50.7,0.07000000000000028,30,152098,бРел
308,09:56:11,50.63,0.0,110,557718,бТел
309,09:56:17,50.69,0.05999999999999517,3,15197,бРел
310,09:56:23,50.63,-0.01999999999999602,5,25315,жпптел
311,09:56:25,50.63,0.0,5,25308,бРел
312,09:56:31,50.62,0.00999999999999801,5,25310,бРел
313,09:56:35,50.63,0.010000000000005116,13,65819,бРел
314,09:56:41,50.62,0.00999999999999801,2,10124,бТел
315,09:56:47,50.66,0.02999999999999403,29,146795,бРел
316,09:56:53,50.66,0.0,8,40535,бТел
317,09:56:55,50.68,0.020000000000003126,368,1865333,жпптел
318,09:57:05,50.56,-0.11999999999999744,3,15192,жпптел
319,09:57:11,50.63,0.07000000000000028,4,20248,бРел
320,09:57:19,50.62,0.00999999999999801,8,40468,бРел
321,09:57:25,50.55,-0.07000000000000028,3,15167,бТел
322,09:57:31,50.55,0.0,2,10110,бТел
323,09:57:35,50.6,0.05000000000000426,8,40481,бРел
324,09:57:41,50.63,0.010000000000005116,5,25313,бРел
325,09:57:53,50.55,0.0,2,10110,бТел
326,09:57:55,50.6,0.05000000000000426,34,172020,бРел
327,09:58:01,50.62,0.0,13,65852,бТел
328,09:58:05,50.63,0.010000000000005116,7,35436,бРел
329,09:58:11,50.62,0.0,8,40496,бРел
330,09:58:17,50.63,0.010000000000005116,1,5063,жпптел
331,09:58:25,50.63,0.0,3,15189,бТел
332,09:58:31,50.63,0.0,1,5063,бТел
333,09:58:35,50.63,0.0,3,15189,бРел
334,09:58:41,50.71,0.09000000000000341,87,440985,бРел
335,09:58:47,50.71,-0.00999999999999801,10,50716,бТел
336,09:58:53,50.73,0.00999999999999801,8,40583,бРел
337,09:58:55,50.72,-0.00999999999999801,10,50720,бТел
338,09:59:01,50.75,0.0,5,25375,бТел
339,09:59:05,50.8,0.04999999999999716,23,116801,бРел
340,09:59:11,50.77,0.020000000000003126,4,20314,жпптел
341,09:59:17,50.74,-0.00999999999999801,6,30446,жпптел
342,09:59:23,50.71,-0.03999999999999915,5,25355,бТел
343,09:59:25,50.75,0.03999999999999915,6,30450,бРел
344,09:59:35,50.8,0.01999999999999602,17,86360,бРел
345,09:59:41,50.8,0.19999999999999574,152,769498,бРел
346,09:59:49,50.75,-0.04999999999999716,12,60880,бТел
347,09:59:53,50.75,0.0,1,5075,бРел
348,09:59:59,50.7,-0.04999999999999716,3,15210,бРел
349,10:00:01,50.76,0.05999999999999517,15,76140,бТел
350,10:00:05,50.76,0.0,4,20310,бРел
351,10:00:11,50.7,0.0,49,248083,бРел
352,10:00:23,50.65,-0.05000000000000426,5,25326,бТел
353,10:00:25,50.66,0.00999999999999801,2,10130,жпптел
354,10:00:31,50.65,-0.00999999999999801,1,5065,бТел
355,10:00:37,50.63,-0.01999999999999602,20,101259,бТел
356,10:00:41,50.62,-0.010000000000005116,23,116485,жпптел
357,10:00:49,50.63,0.010000000000005116,1,5063,бТел
358,10:00:53,50.63,0.0,3,15189,бРел
359,10:00:55,50.62,-0.010000000000005116,1,5062,жпптел
360,10:01:01,50.66,0.00999999999999801,2,10132,бРел
361,10:01:05,50.66,0.0,6,30396,бРел
362,10:01:11,50.7,0.020000000000003126,11,55768,бРел
363,10:01:19,50.79,0.18999999999999773,45,228532,бРел
364,10:01:23,50.8,0.00999999999999801,13,66033,бРел
365,10:01:25,50.8,0.0,30,152371,бРел
366,10:01:31,50.84,-0.05999999999999517,8,40672,жпптел
367,10:01:35,50.85,0.00999999999999801,2,10170,жпптел
368,10:01:41,50.6,-0.19999999999999574,40,203291,бТел
369,10:01:47,50.8,0.19999999999999574,2,10160,бРел
370,10:01:55,50.81,0.1700000000000017,5,25393,бРел
371,10:02:01,50.69,-0.10999999999999943,8,40563,бТел
372,10:02:05,50.69,0.0,8,40689,бРел
373,10:02:11,50.8,0.0,9,45720,бТел
374,10:02:17,50.8,0.00999999999999801,62,314953,бРел
375,10:02:23,50.83,0.030000000000001137,2,10163,бРел
376,10:02:29,50.83,0.0,4,20332,бРел
377,10:02:32,50.83,0.0,4,20332,бТел
378,10:02:35,50.84,0.010000000000005116,2,10168,бРел
379,10:02:41,50.9,0.04999999999999716,15,76342,бРел
380,10:02:47,50.9,0.01999999999999602,11,55990,бРел
381,10:02:51,50.92,0.020000000000003126,19,96742,бРел
382,10:02:55,50.92,0.0,33,168036,бРел
383,10:03:01,51.0,0.07000000000000028,109,555881,бРел
384,10:03:05,51.0,0.0,3,15300,бРел
385,10:03:11,51.1,0.03999999999999915,5,25538,бРел
386,10:03:15,51.0,-0.10000000000000142,87,444256,бТел
387,10:03:21,51.15,0.0,50,255745,бТел
388,10:03:25,51.1,0.0,6,30657,бРел
389,10:03:33,51.15,0.0,1,5115,бТел
390,10:03:37,51.15,0.0,30,153436,бРел
391,10:03:41,51.15,0.0,25,127888,бРел
392,10:03:46,51.15,0.0,37,189206,бРел
393,10:03:51,51.2,0.05000000000000426,33,168854,бРел
394,10:03:55,51.16,-0.04000000000000625,5,25596,бТел
395,10:04:03,51.22,-0.0799999999999983,21,107722,жпптел
396,10:04:05,51.3,0.0799999999999983,72,369220,бРел
397,10:04:11,51.27,-0.02999999999999403,10,51281,жпптел
398,10:04:16,51.29,-0.00999999999999801,25,128234,жпптел
399,10:04:21,51.27,-0.01999999999999602,24,123094,жпптел
400,10:04:25,51.27,0.0,12,61524,бТел
401,10:04:33,51.28,0.0,22,112819,бТел
402,10:04:35,51.28,0.0,2,10256,бТел
403,10:04:40,51.29,0.0,64,328308,бТел
404,10:04:50,51.3,0.00999999999999801,41,210306,бРел
405,10:04:59,51.38,0.09000000000000341,21,107881,бРел
406,10:05:08,51.38,0.0,30,154140,бРел
407,10:05:10,51.38,0.0,29,148918,бРел
408,10:05:17,51.39,0.00999999999999801,7,35971,бРел
409,10:05:20,51.39,0.0,5,25692,бРел
410,10:05:26,51.41,0.01999999999999602,1,5141,бРел
411,10:05:32,51.43,0.0,9,46292,бТел
412,10:05:38,51.46,0.030000000000001137,118,607451,бРел
413,10:05:40,51.49,0.030000000000001137,1,5149,бРел
414,10:05:50,51.44,-0.05000000000000426,75,386082,бТел
415,10:05:56,51.48,0.04999999999999716,2,10296,жпптел
416,10:06:02,51.51,0.00999999999999801,169,870435,бРел
417,10:06:08,51.5,0.0,31,159667,бТел
418,10:06:10,51.5,0.0,1,5150,бРел
419,10:06:15,51.5,0.0,10,51500,бРел
420,10:06:20,51.49,-0.00999999999999801,20,103029,жпптел
421,10:06:26,51.5,0.020000000000003126,4,20598,бРел
422,10:06:32,51.48,-0.020000000000003126,3,15448,бТел
423,10:06:38,51.48,0.0,8,41192,бТел
424,10:06:40,51.48,0.0,22,113294,бТел
425,10:06:46,51.43,-0.04999999999999716,4,20574,бТел
426,10:06:50,51.41,-0.020000000000003126,5,25709,бТел
427,10:06:56,51.38,0.0,94,482972,бТел
428,10:07:10,51.26,-0.12000000000000455,2,10247,жпптел
429,10:07:16,51.21,0.0,22,112662,бРел
430,10:07:20,51.1,-0.10999999999999943,12,61381,бТел
431,10:07:28,51.11,0.00999999999999801,8,40886,бРел
432,10:07:32,51.13,0.020000000000003126,26,132936,бРел
433,10:07:35,51.14,0.00999999999999801,23,117622,бРел
434,10:07:40,51.14,-0.01999999999999602,10,51140,бТел
435,10:07:45,51.19,0.04999999999999716,1,5119,бРел
436,10:07:50,51.1,-0.0899999999999963,72,368227,бТел
437,10:07:56,51.1,0.0,2,10220,бРел
438,10:08:15,51.09,0.10000000000000142,5,25535,бРел
439,10:08:20,51.0,-0.030000000000001137,2,10200,бРел
440,10:08:32,51.1,0.10000000000000142,111,567193,бРел
441,10:08:35,51.03,-0.07000000000000028,9,45977,бТел
442,10:08:41,51.03,-0.060000000000002274,11,56157,бТел
443,10:08:45,51.1,0.07000000000000028,8,40866,бРел
444,10:08:50,51.0,-0.10000000000000142,38,193857,бТел
445,10:08:56,51.0,0.0,183,933300,бРел
446,10:09:02,51.1,0.10000000000000142,2,10220,бРел
447,10:09:05,50.95,-0.14999999999999858,19,96862,бТел
448,10:09:10,51.01,0.05999999999999517,4,20404,бРел
449,10:09:16,51.01,0.0,5,25537,бТел
450,10:09:20,51.0,-0.00999999999999801,37,188976,бТел
451,10:09:26,51.01,-0.09000000000000341,2,10202,жпптел
452,10:09:38,51.1,0.09000000000000341,19,97090,бРел
453,10:09:41,51.01,-0.09000000000000341,12,61212,бТел
454,10:09:45,51.01,0.0,10,51055,бТел
455,10:09:50,51.01,0.0,37,188981,бТел
456,10:10:15,51.09,0.0800000000000054,4,20436,бРел
457,10:10:20,51.01,0.0,2,10202,бТел
458,10:10:26,51.03,0.020000000000003126,2,10206,бРел
459,10:10:35,51.05,0.01999999999999602,6,30626,жпптел
460,10:10:41,51.03,0.0,10,51030,бТел
461,10:10:45,51.05,0.01999999999999602,3,15315,бТел
462,10:10:50,51.06,0.010000000000005116,3,15318,бРел
463,10:10:56,51.07,0.020000000000003126,2,10214,бРел
464,10:11:08,51.06,0.030000000000001137,2,10212,жпптел
465,10:11:10,51.06,0.0,15,76567,бРел
466,10:11:15,51.02,-0.03999999999999915,8,40816,бТел
467,10:11:22,51.02,0.010000000000005116,2,10204,жпптел
468,10:11:26,51.02,0.0,6,30624,жпптел
469,10:11:40,51.0,-0.020000000000003126,10,51001,бТел
470,10:11:45,51.0,0.0,1,5100,бТел
471,10:11:50,51.02,0.020000000000003126,1,5102,жпптел
472,10:11:56,51.0,-0.00999999999999801,14,72170,бТел
473,10:12:02,50.97,-0.020000000000003126,8,40783,бТел
474,10:12:05,50.91,-0.060000000000002274,9,45838,бТел
475,10:12:10,50.9,-0.00999999999999801,26,132341,бТел
476,10:12:15,50.7,-0.19999999999999574,52,263740,бТел
477,10:12:20,50.73,0.02999999999999403,1,5073,бТел
478,10:12:26,50.74,0.010000000000005116,5,25371,бТел
479,10:12:32,50.71,-0.030000000000001137,6,30473,бТел
480,10:12:38,50.88,0.1700000000000017,4,20338,бРел
481,10:12:40,50.71,-0.1700000000000017,8,40577,бТел
482,10:12:45,50.71,0.0,3,15213,бРел
483,10:12:52,50.75,0.03999999999999915,1,5075,бТел
484,10:12:58,50.75,0.0,6,30450,бРел
485,10:13:10,50.78,0.030000000000001137,4,20312,бРел
486,10:13:16,50.79,0.01999999999999602,3,15245,бТел
487,10:13:25,50.8,0.00999999999999801,4,20327,бТел
488,10:13:37,50.8,0.0,3,15240,бТел
489,10:13:40,50.8,0.0,2,10160,жпптел
490,10:13:45,50.8,0.0,11,55868,бРел
491,10:13:52,50.77,0.0,5,25385,бТел
492,10:13:56,50.76,-0.010000000000005116,6,30456,бТел
493,10:14:02,50.76,-0.010000000000005116,1,5076,бТел
494,10:14:05,50.75,-0.00999999999999801,36,182707,бТел
495,10:14:10,50.72,-0.020000000000003126,1,5072,бТел
496,10:14:15,50.74,0.020000000000003126,44,223231,бРел
497,10:14:26,50.71,-0.03999999999999915,3,15219,бТел
498,10:14:32,50.72,0.00999999999999801,2,10144,бРел
499,10:14:35,50.72,0.0,1,5072,бРел
500,10:14:40,50.71,-0.00999999999999801,6,30427,бТел
501,10:14:49,50.7,-0.00999999999999801,1,5070,бТел
502,10:14:56,50.72,0.01999999999999602,1,5072,жпптел
503,10:15:01,50.72,0.01999999999999602,6,30418,бРел
504,10:15:05,50.66,-0.060000000000002274,7,35462,бРел
505,10:15:10,50.71,0.05000000000000426,1,5071,бРел
506,10:15:17,50.67,0.010000000000005116,1,5067,бТел
507,10:15:23,50.71,0.03999999999999915,7,35491,бРел
508,10:15:25,50.72,0.00999999999999801,19,96350,бРел
509,10:15:31,50.71,-0.00999999999999801,4,20284,бТел
510,10:15:35,50.7,-0.00999999999999801,1,5070,бРел
511,10:15:40,50.71,0.00999999999999801,2,10144,бТел
512,10:15:45,50.71,0.0,9,45639,бРел
513,10:15:53,50.74,0.030000000000001137,1,5074,бРел
514,10:15:58,50.73,-0.010000000000005116,6,30442,бТел
515,10:16:05,50.72,-0.00999999999999801,1,5072,жпптел
516,10:16:10,50.72,0.0,1,5072,бТел
517,10:16:23,50.72,0.0,2,10144,бТел
518,10:16:26,50.72,0.0,7,35504,бРел
519,10:16:35,50.71,-0.00999999999999801,16,81129,бТел
520,10:16:41,50.67,-0.01999999999999602,5,25335,бТел
521,10:16:46,50.66,-0.010000000000005116,2,10132,бРел
522,10:16:55,50.72,0.07000000000000028,18,91244,бРел
523,10:17:05,50.64,0.0,1,5064,бТел
524,10:17:10,50.64,0.0,301,1523322,бТел
525,10:17:16,50.75,0.10999999999999943,11,55793,бРел
526,10:17:23,50.74,0.14000000000000057,1,5074,бРел
527,10:17:26,50.76,0.01999999999999602,11,55725,бРел
528,10:17:31,50.76,0.1599999999999966,10,50760,бРел
529,10:17:37,50.7,-0.05999999999999517,1,5070,бРел
530,10:17:41,50.6,-0.10000000000000142,20,101383,бТел
531,10:17:53,50.8,0.19999999999999574,16,81109,бРел
532,10:17:56,50.61,-0.18999999999999773,8,40545,бТел
533,10:18:07,50.8,0.18999999999999773,11,55880,бРел
534,10:18:15,50.68,-0.11999999999999744,2,10136,жпптел
535,10:18:22,50.64,-0.1599999999999966,1,5064,жпптел
536,10:18:25,50.64,0.0,16,81022,бРел
537,10:18:31,50.71,0.10000000000000142,2,10142,бРел
538,10:18:35,50.64,-0.07000000000000028,2,10128,бТел
539,10:18:41,50.7,0.060000000000002274,1,5070,бРел
540,10:18:49,50.71,0.00999999999999801,6,30426,бТел
541,10:18:53,50.7,-0.00999999999999801,10,50700,бТел
542,10:18:56,50.7,0.0,2,10140,бТел
543,10:19:07,50.69,-0.010000000000005116,8,40547,бРел
544,10:19:11,50.68,-0.00999999999999801,1,5068,бТел
545,10:19:17,50.7,0.020000000000003126,4,20277,бРел
546,10:19:26,50.64,-0.00999999999999801,10,50642,бТел
547,10:19:32,50.64,0.0,1,5064,бРел
548,10:19:35,50.64,0.0,1,5064,бРел
549,10:19:41,50.69,0.01999999999999602,1,5069,бРел
550,10:19:47,50.64,0.0,1,5064,бРел
551,10:19:52,50.8,0.1599999999999966,70,355568,бРел
552,10:19:56,50.8,0.0,9,45720,бТел
553,10:20:01,50.8,0.0,12,60960,бТел
554,10:20:07,50.78,-0.01999999999999602,2,10156,бТел
555,10:20:11,50.78,0.0,1,5078,бРел
556,10:20:17,50.77,0.0,5,25392,бТел
557,10:20:23,50.74,0.0,1,5074,бРел
558,10:20:25,50.74,0.0,5,25370,бРел
559,10:20:35,50.75,0.00999999999999801,21,106554,бРел
560,10:20:43,50.77,0.020000000000003126,22,111660,бРел
561,10:20:47,50.77,0.0,189,957727,бРел
562,10:20:53,50.61,-0.1600000000000037,1,5061,бТел
563,10:20:55,50.61,0.0,1,5061,бТел
564,10:21:07,50.64,0.030000000000001137,1,5064,бТел
565,10:21:11,50.75,0.10999999999999943,6,30450,бРел
566,10:21:16,50.63,-0.11999999999999744,6,30426,бТел
567,10:21:23,50.65,0.01999999999999602,6,30410,бТел
568,10:21:26,50.65,0.0,1,5065,бТел
569,10:21:43,50.7,0.05000000000000426,10,50700,бТел
570,10:21:49,50.74,0.03999999999999915,2,10148,бРел
571,10:22:05,50.67,-0.07000000000000028,1,5067,бТел
572,10:22:11,50.78,0.030000000000001137,15,76156,бРел
573,10:22:19,50.8,0.01999999999999602,1,5080,бРел
574,10:22:25,50.8,0.0,4,20323,бТел
575,10:22:43,50.8,0.0,8,40640,бТел
576,10:22:47,50.8,0.0,4,20320,бРел
577,10:23:01,50.86,0.07000000000000028,2,10172,бРел
578,10:23:11,50.8,-0.060000000000002274,4,20320,бРел
579,10:23:17,50.81,-0.00999999999999801,13,66087,жпптел
580,10:23:29,50.88,0.07000000000000028,19,96636,бРел
581,10:23:31,50.9,0.01999999999999602,6,30528,бРел
582,10:23:43,50.88,-0.01999999999999602,6,30528,бТел
583,10:23:47,50.88,0.0,1,5088,бРел
584,10:23:53,50.88,0.010000000000005116,1,5088,бРел
585,10:23:59,50.87,-0.010000000000005116,1,5087,бТел
586,10:24:05,50.88,0.010000000000005116,4,20352,бРел
587,10:24:11,51.0,0.0,1,5100,бТел
588,10:24:17,50.98,0.0,5,25498,бТел
589,10:24:23,50.96,-0.00999999999999801,5,25480,бТел
590,10:24:25,50.91,-0.05000000000000426,1,5091,бТел
591,10:24:31,50.91,0.02999999999999403,15,76333,бРел
592,10:24:35,50.88,-0.02999999999999403,3,15270,бТел
593,10:24:43,50.87,-0.010000000000005116,202,1027630,бТел
594,10:24:47,50.87,0.0,1,5087,бРел
595,10:24:53,50.87,0.07000000000000028,6,30503,бРел
596,10:24:59,50.8,-0.07000000000000028,2,10160,бТел
597,10:25:01,50.8,0.0,3,15240,бРел
598,10:25:05,50.91,0.10999999999999943,29,147576,бРел
599,10:25:11,50.91,0.0,28,142548,бТел
600,10:25:17,50.88,-0.02999999999999403,4,20355,бТел
601,10:25:23,50.86,0.0,4,20344,бТел
602,10:25:31,50.86,0.0,4,20343,бРел
603,10:25:35,50.87,0.00999999999999801,1,5087,бРел
604,10:25:41,50.86,0.0,1,5086,бРел
605,10:25:47,50.89,0.030000000000001137,45,228887,бРел
606,10:25:59,50.88,0.0,3,15264,бТел
607,10:26:01,50.92,0.03999999999999915,2,10184,бРел
608,10:26:11,50.92,0.0,3,15274,бРел
609,10:26:17,50.93,0.04999999999999716,2,10186,бРел
610,10:26:25,50.93,0.0,1,5093,бТел
611,10:26:37,50.97,0.04999999999999716,5,25485,бРел
612,10:26:41,50.97,0.0,1,5097,бРел
613,10:26:47,50.88,-0.02999999999999403,11,55979,бТел
614,10:26:53,50.88,-0.03999999999999915,30,152637,бРел
615,10:27:05,50.8,-0.0800000000000054,1,5080,бТел
616,10:27:11,50.92,0.0,70,356440,бРел
617,10:27:17,50.92,0.12000000000000455,15,76372,бРел
618,10:27:23,50.65,-0.28999999999999915,241,1222376,бТел
619,10:27:25,50.95,0.30000000000000426,2,10189,бРел
620,10:27:31,50.95,0.010000000000005116,4,20382,бТел
621,10:27:35,50.93,-0.020000000000003126,2,10188,бТел
622,10:27:41,50.97,0.0,22,112134,бТел
623,10:27:53,50.85,-0.07000000000000028,3,15255,жпптел
624,10:28:05,50.86,0.00999999999999801,10,50860,бТел
625,10:28:17,50.85,-0.10999999999999943,7,35631,бТел
626,10:28:23,50.95,0.10000000000000142,1,5095,бРел
627,10:28:29,50.95,0.0,3,15277,бРел
628,10:28:31,50.95,0.0,1,5095,жпптел
629,10:28:35,50.95,0.0,1,5095,бРел
630,10:28:43,50.95,0.10000000000000142,18,91710,бРел
631,10:28:47,50.95,0.0,12,61040,бРел
632,10:28:53,50.95,0.0,1,5095,бРел
633,10:29:05,50.95,0.0,1,5095,бРел
634,10:29:11,50.97,0.01999999999999602,42,214051,бРел
635,10:29:17,51.01,0.030000000000001137,4,20402,бРел
636,10:29:23,51.1,0.0,13,66425,бРел
637,10:29:29,51.1,0.0,4,20440,бТел
638,10:29:31,51.22,0.11999999999999744,1,5122,бРел
639,10:29:35,51.1,-0.11999999999999744,3,15330,бТел
640,10:29:41,51.11,-0.060000000000002274,2,10222,бТел
641,10:29:47,51.22,0.0,13,66476,бРел
642,10:29:55,51.2,-0.03999999999999915,1,5120,бРел
643,10:30:01,51.08,-0.12000000000000455,20,102221,бТел
644,10:30:05,51.07,-0.00999999999999801,2,10214,бТел
645,10:30:11,51.05,-0.010000000000005116,2,10210,бТел
646,10:30:17,51.05,0.0,4,20420,бРел
647,10:30:23,51.2,0.0,1,5120,бРел
648,10:30:35,51.05,-0.15000000000000568,3,15315,бТел
649,10:30:41,51.05,0.0,12,61284,бТел
650,10:30:47,51.04,0.03999999999999915,1,5104,бРел
651,10:30:53,51.04,0.0,3,15310,бРел
652,10:30:55,51.01,-0.030000000000001137,1,5101,бТел
653,10:31:05,51.01,0.0,3,15303,бТел
654,10:31:11,51.01,0.0,3,15302,бРел
655,10:31:17,50.98,-0.030000000000001137,10,51003,бТел
656,10:31:23,50.9,-0.0799999999999983,70,356768,бТел
657,10:31:29,50.9,0.0,1,5090,бРел
658,10:31:31,50.9,0.0,2,10180,бРел
659,10:31:37,50.85,-0.04999999999999716,3,15256,бТел
660,10:31:41,50.85,0.0,1,5085,бТел
661,10:31:47,50.9,0.0,27,137380,бРел
662,10:31:53,50.9,0.0,9,45810,бРел
663,10:32:05,51.02,0.12000000000000455,57,290758,бРел
664,10:32:11,51.01,0.0,3,15303,бТел
665,10:32:19,50.9,-0.09000000000000341,16,81477,бТел
666,10:32:31,50.9,0.0,6,30549,бТел
667,10:32:43,50.91,0.00999999999999801,5,25455,бТел
668,10:32:47,50.9,-0.00999999999999801,1,5090,бТел
669,10:33:05,50.97,0.060000000000002274,2,10189,бРел
670,10:33:17,50.98,0.00999999999999801,67,341190,бРел
671,10:33:29,50.96,-0.01999999999999602,2,10192,бРел
672,10:33:31,50.93,-0.030000000000001137,11,56028,бТел
673,10:33:35,50.93,0.0,10,50923,бРел
674,10:33:41,50.94,0.0,4,20376,бРел
675,10:33:47,50.92,0.0,10,50920,бТел
676,10:34:01,50.92,0.0,3,15276,бТел
677,10:34:05,50.92,0.0,4,20572,бТел
678,10:34:11,50.93,0.00999999999999801,30,152790,бТел
679,10:34:17,50.93,-0.020000000000003126,11,56017,жпптел
680,10:34:23,50.92,-0.00999999999999801,38,198385,бТел
681,10:34:25,50.91,-0.010000000000005116,24,122162,жпптел
682,10:34:31,50.89,-0.00999999999999801,19,96688,бТел
683,10:34:35,50.86,-0.030000000000001137,15,76325,бТел
684,10:34:41,50.84,-0.00999999999999801,1,5084,бТел
685,10:34:47,50.8,-0.04000000000000625,8,40640,бТел
686,10:35:01,50.8,0.0,10,50800,бТел
687,10:35:05,50.8,0.0,10,50800,бТел
688,10:35:17,50.84,0.04000000000000625,4,20332,бРел
689,10:35:25,50.82,0.0,1,5082,бТел
690,10:35:31,50.82,0.00999999999999801,4,20328,жпптел
691,10:35:35,50.82,0.0,3,15246,бРел
692,10:35:43,50.78,-0.01999999999999602,1,5078,бТел
693,10:35:47,50.77,-0.00999999999999801,4,20308,бТел
694,10:35:53,50.8,0.02999999999999403,464,2357090,бРел
695,10:35:55,50.81,0.010000000000005116,3,15243,жпптел
696,10:36:01,50.82,0.0,1,5082,бРел
697,10:36:05,50.82,0.0,1,5082,жпптел
698,10:36:11,50.81,-0.00999999999999801,3,15243,жпптел
699,10:36:17,50.87,0.05999999999999517,16,81366,бРел
700,10:36:23,50.84,-0.02999999999999403,3,15258,бТел
701,10:36:31,50.87,0.02999999999999403,6,30522,бРел
702,10:36:35,50.87,0.0,7,35603,бРел
703,10:36:47,50.87,0.0,10,50870,бТел
704,10:36:55,50.84,-0.02999999999999403,6,30504,бТел
705,10:37:01,50.84,0.0,5,25432,бТел
706,10:37:05,50.84,0.0,1,5084,бТел
707,10:37:13,50.84,0.0,1,5084,бТел
708,10:37:17,50.85,0.00999999999999801,5,25423,бРел
709,10:37:23,50.84,0.0,1,5084,бРел
710,10:37:25,50.84,0.0,2,10168,бТел
711,10:37:47,50.84,0.0,16,81339,бТел
712,10:37:53,50.84,0.0,10,50840,бРел
713,10:37:59,50.84,0.0,3,15252,бРел
714,10:38:05,50.85,0.00999999999999801,3,15253,бРел
715,10:38:11,50.83,-0.020000000000003126,2,10166,бТел
716,10:38:17,50.85,0.020000000000003126,2,10170,бРел
717,10:38:25,50.86,0.00999999999999801,1,5086,бТел
718,10:38:35,50.83,-0.03999999999999915,20,101713,бТел
719,10:38:41,50.9,0.07000000000000028,10,50900,бТел
720,10:38:49,50.9,0.0,10,50900,бТел
721,10:39:07,50.92,0.020000000000003126,14,71264,бРел
722,10:39:11,50.9,-0.020000000000003126,2,10183,бТел
723,10:39:17,50.94,0.03999999999999915,3,15282,бРел
724,10:39:25,50.96,0.030000000000001137,6,30576,бРел
725,10:39:35,50.95,-0.00999999999999801,12,61140,бТел
726,10:39:41,50.99,0.0,3,15297,бРел
727,10:39:47,50.99,0.0,1,5099,бРел
728,10:39:53,50.99,0.0,1,5099,бРел
729,10:39:55,51.0,0.00999999999999801,3,15300,бРел
730,10:40:01,51.02,0.020000000000003126,77,392693,бРел
731,10:40:05,51.02,0.0,5,25509,бРел
732,10:40:11,51.07,0.0,6,30642,бРел
733,10:40:17,51.11,0.10000000000000142,5,25515,бРел
734,10:40:23,51.19,0.0799999999999983,163,834315,бРел
735,10:40:29,51.19,0.0,16,81824,бРел
736,10:40:31,51.19,0.0,33,168927,бРел
737,10:40:35,51.19,0.0,13,66451,бРел
738,10:40:47,51.18,-0.00999999999999801,1,5118,бРел
739,10:40:53,51.08,-0.010000000000005116,17,86847,бТел
740,10:40:55,51.08,0.0,7,35756,бРел
741,10:41:01,51.03,-0.01999999999999602,2,10208,бТел
742,10:41:05,51.01,-0.020000000000003126,23,117333,бТел
743,10:41:11,50.95,-0.00999999999999801,11,56055,бТел
744,10:41:17,50.96,0.00999999999999801,9,45865,бТел
745,10:41:23,50.92,-0.10000000000000142,1,5092,бТел
746,10:41:49,50.92,0.0,27,137351,бРел
747,10:41:53,50.85,-0.07000000000000028,10,50878,бТел
748,10:41:55,50.85,0.0,18,91530,бРел
749,10:42:05,50.85,0.0,2,10170,бТел
750,10:42:17,50.85,0.0,4,20341,бТел
751,10:42:29,50.86,0.00999999999999801,2,10172,бРел
752,10:42:31,50.85,-0.00999999999999801,1,5085,жпптел
753,10:42:35,50.96,0.10999999999999943,4,20349,бРел
754,10:42:43,50.96,0.0,10,50863,бРел
755,10:42:49,50.85,-0.10999999999999943,10,50850,бТел
756,10:43:05,50.83,-0.020000000000003126,5,25415,бТел
757,10:43:11,50.83,0.0,8,40664,бТел
758,10:43:17,50.82,0.0,8,40653,бРел
759,10:43:31,50.85,0.0,1,5085,бРел
760,10:43:35,50.84,-0.00999999999999801,1,5084,жпптел
761,10:43:41,50.85,0.05000000000000426,95,482854,бРел
762,10:43:49,50.85,0.0,7,35595,бТел
763,10:43:55,50.79,-0.060000000000002274,5,25399,бТел
764,10:44:05,50.85,0.060000000000002274,15,76273,бРел
765,10:44:11,50.85,0.0,1,5085,бТел
766,10:44:19,50.91,0.05999999999999517,4,20364,бРел
767,10:44:25,50.9,-0.00999999999999801,1,5090,жпптел
768,10:44:31,50.86,-0.03999999999999915,9,45774,бТел
769,10:44:35,50.86,0.0,1,5086,бРел
770,10:44:43,50.94,0.0799999999999983,8,40728,бРел
771,10:44:49,50.85,-0.0899999999999963,13,66117,бТел
772,10:44:55,50.94,0.0899999999999963,3,15282,бРел
773,10:45:01,50.92,0.07000000000000028,3,15276,жпптел
774,10:45:17,50.86,-0.060000000000002274,3,15258,бТел
775,10:45:25,50.86,-0.04999999999999716,8,40688,бТел
776,10:45:31,50.97,0.10999999999999943,1,5097,бРел
777,10:45:37,50.89,-0.0799999999999983,2,10178,бТел
778,10:45:43,50.97,0.0799999999999983,1,5097,бРел
779,10:45:49,50.89,-0.0799999999999983,6,30534,бТел
780,10:45:53,50.89,0.0,4,20356,бРел
781,10:45:55,50.89,0.0,1,5089,бРел
782,10:46:01,50.89,0.0,7,35623,бРел
783,10:46:05,50.88,-0.00999999999999801,1,5088,бТел
784,10:46:11,50.88,0.0,1,5088,бТел
785,10:46:19,50.88,0.0,13,66180,бТел
786,10:46:23,50.88,0.0,3,15264,бРел
787,10:46:41,50.96,0.0799999999999983,3,15286,бРел
788,10:46:47,50.88,-0.0799999999999983,11,55968,бТел
789,10:46:55,50.87,-0.010000000000005116,6,30523,бТел
790,10:47:01,50.86,-0.00999999999999801,13,66130,бТел
791,10:47:05,50.86,0.0,8,40688,бТел
792,10:47:11,50.86,0.0,122,620492,бТел
793,10:47:17,50.84,-0.01999999999999602,166,844111,бТел
794,10:47:23,50.78,-0.03999999999999915,31,157582,бТел
795,10:47:25,50.78,0.0,1,5078,бРел
796,10:47:37,50.74,0.0,1,5074,бТел
797,10:47:43,50.78,0.03999999999999915,11,55858,бРел
798,10:47:47,50.85,0.07000000000000028,267,1357445,бРел
799,10:47:53,50.85,0.07000000000000028,6,30482,бРел
800,10:48:01,50.85,0.0,61,310174,бРел
801,10:48:07,50.85,0.0,6,30507,бРел
802,10:48:17,50.8,-0.05000000000000426,4,20319,бРел
803,10:48:23,50.8,-0.05000000000000426,46,233905,бТел
804,10:48:25,50.85,0.05000000000000426,25,127125,бРел
805,10:48:43,50.85,0.0,14,71190,бРел
806,10:48:49,50.82,-0.030000000000001137,13,66075,бТел
807,10:48:53,50.86,0.03999999999999915,20,101706,бРел
808,10:48:55,50.86,0.0,7,35594,бРел
809,10:49:05,50.88,0.010000000000005116,1,5088,бРел
810,10:49:11,50.88,0.0,2,10175,бРел
811,10:49:23,50.88,0.0,3,15264,бРел
812,10:49:29,50.88,0.0,2,10176,бРел
813,10:49:35,50.87,-0.010000000000005116,3,15263,бТел
814,10:49:41,50.88,0.010000000000005116,55,279838,бРел
815,10:49:47,50.88,0.0,1,5088,бРел
816,10:49:55,50.88,0.010000000000005116,3,15264,бРел
817,10:50:05,50.88,0.0,86,437568,бРел
818,10:50:11,50.88,0.0,32,162816,бРел
819,10:50:19,50.94,0.05999999999999517,4,20370,бРел
820,10:50:23,50.95,0.010000000000005116,1,5095,бРел
821,10:50:29,50.95,0.0,4,20380,бРел
822,10:50:35,50.97,0.01999999999999602,9,45873,бРел
823,10:50:43,50.94,-0.030000000000001137,10,50941,бТел
824,10:50:53,50.93,-0.00999999999999801,10,50930,бТел
825,10:50:55,50.98,0.04999999999999716,3,15294,бРел
826,10:51:01,50.96,-0.01999999999999602,2,10194,жпптел
827,10:51:05,50.96,0.0,12,64899,бРел
828,10:51:11,50.99,0.010000000000005116,1,5099,бРел
829,10:51:19,51.0,0.00999999999999801,5,25495,бРел
830,10:51:25,50.98,-0.020000000000003126,27,138971,бТел
831,10:51:31,50.93,-0.030000000000001137,5,25465,бТел
832,10:51:37,50.93,0.0,1,5093,бТел
833,10:51:45,50.93,0.0,3,15279,бТел
834,10:51:53,50.92,-0.05999999999999517,3,15286,жпптел
835,10:51:59,50.91,-0.010000000000005116,1,5091,бТел
836,10:52:03,50.91,0.0,2,10182,бРел
837,10:52:14,50.91,0.0,2,10182,бРел
838,10:52:19,50.9,-0.00999999999999801,9,45826,бТел
839,10:52:35,50.97,0.07000000000000028,1,5097,бТел
840,10:52:50,50.95,-0.01999999999999602,1,5095,бТел
841,10:52:56,50.94,-0.010000000000005116,4,20385,бТел
842,10:53:03,50.93,-0.00999999999999801,1,5093,бТел
843,10:53:14,50.92,-0.04999999999999716,19,96817,бТел
844,10:53:17,50.92,0.0,3,15276,бТел
845,10:53:20,50.92,0.0,1,5092,бТел
846,10:53:25,50.99,0.020000000000003126,2,10197,бРел
847,10:53:35,50.97,-0.020000000000003126,13,66261,бТел
848,10:53:44,50.99,0.020000000000003126,6,30592,бРел
849,10:53:50,50.98,-0.010000000000005116,1,5098,жпптел
850,10:53:57,51.0,0.030000000000001137,22,112198,бРел
851,10:54:05,51.0,0.0,5,25500,бРел
852,10:54:20,51.0,0.0,5,25494,бРел
853,10:54:25,51.0,0.0,4,20397,бРел
854,10:54:31,51.0,0.0,10,51000,бРел
855,10:54:35,51.0,0.0,1,5100,бРел
856,10:54:40,51.0,0.0,4,20400,бРел
857,10:54:46,51.0,0.0,1,5100,бРел
858,10:54:52,50.99,-0.00999999999999801,10,50990,бТел
859,10:54:55,51.0,0.00999999999999801,2,10200,бРел
860,10:55:05,51.0,0.0,70,357000,бРел
861,10:55:10,51.0,-0.00999999999999801,76,387668,бТел
862,10:55:16,51.1,0.0799999999999983,2,10220,бРел
863,10:55:22,51.19,0.0899999999999963,23,117578,бРел
864,10:55:28,51.1,-0.0899999999999963,2,10220,бТел
865,10:55:32,51.2,0.10000000000000142,13,66560,бРел
866,10:55:38,51.12,-0.0800000000000054,4,20447,бТел
867,10:55:40,51.09,-0.02999999999999403,10,51095,бТел
868,10:55:46,51.09,0.0,12,61308,бРел
869,10:55:50,51.09,0.0,4,20436,бТел
870,10:55:56,51.1,0.020000000000003126,20,102172,бРел
871,10:56:02,51.12,0.0,2,10232,бТел
872,10:56:11,51.12,0.0,3,15336,бРел
873,10:56:20,51.12,0.03999999999999915,4,20448,бРел
874,10:56:28,51.07,-0.00999999999999801,2,10215,бТел
875,10:56:32,51.09,0.020000000000003126,1,5109,бТел
876,10:56:38,51.16,-0.030000000000001137,4,20469,жпптел
877,10:56:45,51.15,-0.00999999999999801,2,10231,бТел
878,10:56:53,51.13,-0.04999999999999716,10,51133,бТел
879,10:56:56,51.2,0.07000000000000028,6,30718,бРел
880,10:57:02,51.17,-0.00999999999999801,1,5117,бТел
881,10:57:05,51.13,-0.03999999999999915,5,25579,бТел
882,10:57:10,51.18,0.04999999999999716,13,66528,бРел
883,10:57:15,51.13,-0.04999999999999716,4,20452,бТел
884,10:57:20,51.14,0.0,8,40912,бТел
885,10:57:28,51.13,-0.04999999999999716,8,40904,бТел
886,10:57:38,51.18,0.04999999999999716,1,5118,бРел
887,10:57:40,51.13,-0.04999999999999716,21,107373,бТел
888,10:57:47,51.18,0.04999999999999716,5,25587,бРел
889,10:57:50,51.17,-0.00999999999999801,2,10234,бТел
890,10:57:59,51.08,-0.05000000000000426,4,20432,бТел
891,10:58:05,51.13,0.05000000000000426,5,25555,бРел
892,10:58:11,51.16,0.02999999999999403,1,5116,бРел
893,10:58:15,51.16,0.0,2,10232,бРел
894,10:58:20,51.17,0.010000000000005116,6,30699,бРел
895,10:58:26,51.13,0.020000000000003126,3,15339,бРел
896,10:58:32,51.09,0.0,1,5109,бТел
897,10:58:35,51.09,0.0,1,5109,бТел
898,10:58:41,51.09,0.010000000000005116,1,5109,бРел
899,10:58:45,51.09,0.0,5,25557,жпптел
900,10:58:50,51.13,0.0,3,15331,бРел
901,10:58:56,51.09,0.0,10,51090,бТел
902,10:59:02,51.1,0.00999999999999801,49,250390,бРел
903,10:59:05,51.13,0.030000000000001137,5,25565,бРел
904,10:59:11,51.16,0.02999999999999403,5,25568,бРел
905,10:59:15,51.13,-0.02999999999999403,17,86934,бТел
906,10:59:20,51.18,0.04999999999999716,6,30699,бРел
907,10:59:26,51.13,-0.04999999999999716,2,10231,бТел
908,10:59:32,51.18,0.04999999999999716,28,143280,бРел
909,10:59:38,51.13,-0.04999999999999716,4,20453,бТел
910,10:59:47,51.18,0.04999999999999716,2,10236,бРел
911,10:59:50,51.19,0.00999999999999801,1,5119,бРел
912,10:59:56,51.13,-0.1699999999999946,41,210189,бТел
913,11:00:02,51.3,0.0,7,35910,бРел
914,11:00:05,51.32,0.020000000000003126,32,163896,бРел
915,11:00:11,51.14,-0.17999999999999972,7,35798,бТел
916,11:00:20,51.31,0.1700000000000017,17,87223,бРел
917,11:00:26,51.23,-0.0800000000000054,3,15371,бТел
918,11:00:32,51.29,-0.020000000000003126,2,10258,бТел
919,11:00:35,51.31,0.020000000000003126,8,41044,бРел
920,11:00:41,51.33,0.00999999999999801,120,615913,бРел
921,11:00:45,51.3,-0.030000000000001137,14,71851,бТел
922,11:00:50,51.31,0.0,1,5131,бТел
923,11:00:56,51.28,-0.01999999999999602,4,20518,бТел
924,11:01:02,51.25,-0.00999999999999801,15,76878,бТел
925,11:01:05,51.25,0.0,14,71690,бРел
926,11:01:11,51.19,0.0,11,56309,бТел
927,11:01:15,51.2,0.010000000000005116,28,143349,жпптел
928,11:01:20,51.16,-0.030000000000001137,3,15349,бТел
929,11:01:26,51.12,-0.030000000000001137,2,10225,бТел
930,11:01:32,51.03,0.0,6,30622,бТел
931,11:01:35,51.03,0.0,1,5103,бРел
932,11:01:47,51.01,0.0,4,20404,бТел
933,11:01:56,51.01,0.0,10,51010,бТел
934,11:02:02,51.01,0.0,24,122741,бТел
935,11:02:08,51.01,0.0,2,10202,бТел
936,11:02:11,51.03,0.020000000000003126,1,5103,бТел
937,11:02:15,51.17,0.14000000000000057,1,5117,бРел
938,11:02:23,51.01,-0.020000000000003126,6,30674,бТел
939,11:02:26,51.17,0.1600000000000037,2,10235,бТел
940,11:02:38,51.13,-0.01999999999999602,1,5113,бТел
941,11:02:53,51.17,0.03999999999999915,1,5117,бРел
942,11:02:56,51.1,-0.07000000000000028,2,10220,бТел
943,11:03:02,51.07,-0.030000000000001137,2,10214,бТел
944,11:03:15,51.1,0.030000000000001137,1,5110,бРел
945,11:03:23,51.1,0.0,6,30654,бРел
946,11:03:29,51.07,-0.030000000000001137,2,10217,бТел
947,11:03:32,51.1,0.030000000000001137,1,5110,бРел
948,11:03:38,51.07,-0.030000000000001137,2,10214,бТел
949,11:03:56,51.07,0.0,9,45963,бТел
950,11:04:02,51.05,-0.020000000000003126,3,15315,бТел
951,11:04:08,51.05,0.0,2,10210,бТел
952,11:04:15,51.07,0.020000000000003126,1,5107,бРел
953,11:04:23,51.06,-0.00999999999999801,4,20424,жпптел
954,11:04:26,51.06,0.0,1,5106,бТел
955,11:04:32,51.05,0.0,3,15315,бТел
956,11:04:35,51.05,0.0,2,10211,бТел
957,11:04:45,51.05,0.0,8,40840,бТел
958,11:04:50,51.06,0.010000000000005116,4,20422,бРел
959,11:04:56,51.05,0.0,2,10210,бТел
960,11:05:05,51.03,0.0,1,5103,бТел
961,11:05:11,51.01,-0.020000000000003126,2,10203,бТел
962,11:05:17,51.01,0.0,1,5101,бТел
963,11:05:20,51.01,0.0,4,20404,бРел
964,11:05:26,51.04,0.0,2,10208,бТел
965,11:05:51,51.04,0.030000000000001137,1,5104,бРел
966,11:05:56,51.05,0.00999999999999801,33,168461,бРел
967,11:06:15,51.05,-0.020000000000003126,46,234806,бТел
968,11:06:23,51.07,0.020000000000003126,4,20426,бРел
969,11:06:32,51.07,0.0,1,5107,бРел
970,11:06:38,51.05,-0.020000000000003126,2,10210,бТел
971,11:06:45,51.03,-0.01999999999999602,1,5103,бТел
972,11:06:56,51.01,-0.020000000000003126,1,5101,бТел
973,11:07:05,51.01,0.0,1,5101,бРел
974,11:07:15,51.05,0.04999999999999716,100,510448,бРел
975,11:07:23,51.05,0.0,3,15315,бРел
976,11:07:29,51.0,-0.04999999999999716,1,5100,бТел
977,11:07:38,51.04,0.03999999999999915,1,5104,жпптел
978,11:07:45,51.0,-0.03999999999999915,5,25500,бТел
979,11:07:50,51.05,0.00999999999999801,10,51050,бРел
980,11:07:56,51.0,-0.04999999999999716,10,51000,бТел
981,11:08:26,51.05,0.04999999999999716,4,20420,бРел
982,11:08:32,51.0,-0.04999999999999716,2,10200,бТел
983,11:08:43,51.0,0.0,10,51000,бТел
984,11:08:47,51.0,0.0,1,5100,бТел
985,11:08:53,51.0,0.0,3,15300,бТел
986,11:08:56,51.0,0.0,13,66300,бТел
987,11:09:02,51.0,-0.03999999999999915,7,35700,бТел
988,11:09:05,51.0,0.0,11,56108,бТел
989,11:09:15,50.99,-0.00999999999999801,20,101980,бТел
990,11:09:21,51.0,0.00999999999999801,4,20397,бРел
991,11:09:32,50.99,-0.00999999999999801,4,20396,бТел
992,11:09:38,51.0,0.00999999999999801,1,5100,бРел
993,11:09:47,50.99,-0.00999999999999801,9,45891,бТел
994,11:09:50,51.0,0.00999999999999801,7,35696,бРел
995,11:09:56,50.97,-0.00999999999999801,6,30585,бТел
996,11:10:02,50.97,0.0,1,5097,бТел
997,11:10:05,50.97,0.0,4,20388,бТел
998,11:10:11,50.95,-0.00999999999999801,5,25481,бТел
999,11:10:17,50.93,-0.00999999999999801,2,10185,жпптел
1000,11:10:23,50.95,0.020000000000003126,4,20380,бРел
1001,11:10:29,50.89,-0.060000000000002274,1,5089,бТел
1002,11:10:35,50.89,0.0,8,40713,бТел
1003,11:10:41,50.89,0.0,1,5089,бРел
1004,11:10:53,50.88,0.0,7,35616,бТел
1005,11:10:59,50.88,0.0,1,5088,бРел
1006,11:11:05,50.86,-0.020000000000003126,2,10172,бТел
1007,11:11:17,50.86,0.0,5,25430,бТел
1008,11:11:23,50.88,0.020000000000003126,4,20352,бРел
1009,11:11:29,50.88,0.0,1,5088,бРел
1010,11:11:32,50.86,-0.020000000000003126,1,5086,бТел
1011,11:11:37,50.86,0.0,4,20344,бТел
1012,11:11:41,50.86,0.0,2,10174,бТел
1013,11:11:45,50.88,0.020000000000003126,1,5088,бРел
1014,11:11:59,50.86,-0.020000000000003126,22,111892,бТел
1015,11:12:23,50.88,0.020000000000003126,9,45788,бРел
1016,11:12:26,50.88,0.0,5,25440,бРел
1017,11:12:32,50.88,0.0,13,66144,бТел
1018,11:12:35,50.88,0.0,3,15264,бРел
1019,11:12:45,50.88,0.0,3,15264,бТел
1020,11:12:53,50.88,0.0,1,5088,бРел
1021,11:12:59,50.86,-0.020000000000003126,14,71204,бТел
1022,11:13:01,50.88,0.020000000000003126,1,5088,бРел
1023,11:13:08,50.88,0.0,1,5088,бРел
1024,11:13:23,50.88,0.0,3,15264,бРел
1025,11:13:29,50.88,0.0,1,5088,бРел
1026,11:13:35,50.88,0.0,201,1022686,бРел
1027,11:13:41,50.97,0.0899999999999963,1,5097,бРел
1028,11:13:47,50.86,-0.020000000000003126,3,15258,бТел
1029,11:13:53,50.96,0.0799999999999983,2,10192,бРел
1030,11:13:59,50.92,-0.03999999999999915,10,50938,жпптел
1031,11:14:01,50.97,0.04999999999999716,4,20388,бРел
1032,11:14:05,50.97,0.0,3,15291,бТел
1033,11:14:23,50.98,0.00999999999999801,4,20391,бРел
1034,11:14:25,50.96,-0.01999999999999602,2,10192,бТел
1035,11:14:35,50.97,0.00999999999999801,2,10195,бТел
1036,11:14:41,50.97,0.0,5,25486,бТел
1037,11:14:47,51.01,0.03999999999999915,10,50994,бРел
1038,11:14:53,51.01,0.0,2,10202,бРел
1039,11:14:59,50.97,-0.03999999999999915,10,50970,бТел
1040,11:15:23,51.01,0.03999999999999915,4,20402,бРел
1041,11:15:25,51.01,0.0,1,5101,бРел
1042,11:15:35,51.0,-0.00999999999999801,1,5100,бТел
1043,11:15:41,51.01,0.00999999999999801,1,5101,бРел
1044,11:15:59,51.0,-0.00999999999999801,12,61210,бТел
1045,11:16:05,51.0,0.0,1,5100,бРел
1046,11:16:17,51.0,0.0,2,10200,бРел
1047,11:16:31,51.1,-0.10000000000000142,1,5110,бТел
1048,11:16:35,51.19,0.0899999999999963,3,15339,бРел
1049,11:16:41,51.1,-0.0899999999999963,1,5110,бТел
1050,11:16:59,51.1,0.0,10,51100,бТел
1051,11:17:05,51.19,0.0899999999999963,1,5119,бРел
1052,11:17:13,51.2,0.010000000000005116,10,51194,бРел
1053,11:17:19,51.19,-0.010000000000005116,8,40952,бТел
1054,11:17:23,51.19,0.0,10,51190,бТел
1055,11:17:25,51.18,-0.00999999999999801,7,35833,бТел
1056,11:17:35,51.19,0.0,5,25590,бРел
1057,11:17:41,51.18,-0.00999999999999801,2,10237,бТел
1058,11:17:59,51.18,-0.00999999999999801,11,56300,бТел
1059,11:18:01,51.18,0.0,1,5118,бТел
1060,11:18:05,51.18,0.0,2,10236,бТел
1061,11:18:13,51.2,0.020000000000003126,2,10240,бРел
1062,11:18:25,51.2,0.0,4,20478,бРел
1063,11:18:35,51.19,-0.010000000000005116,1,5119,бТел
1064,11:18:55,51.2,0.010000000000005116,1,5120,бРел
1065,11:19:01,51.19,0.0,8,40952,бРел
1066,11:19:05,51.19,0.0,2,10238,бТел
1067,11:19:13,51.19,0.0,4,20477,бТел
1068,11:19:25,51.2,0.010000000000005116,15,76790,бРел
1069,11:19:35,51.19,-0.010000000000005116,6,30713,жпптел
1070,11:19:41,51.18,-0.00999999999999801,1,5118,бТел
1071,11:19:55,51.19,0.00999999999999801,1,5119,бРел
1072,11:20:01,51.18,0.0,9,46062,бРел
1073,11:20:05,51.18,0.0,2,10237,бТел
1074,11:20:13,51.18,0.0,14,71652,бРел
1075,11:20:19,51.19,0.00999999999999801,1,5119,бРел
1076,11:20:25,51.19,0.0,4,20476,бРел
1077,11:20:35,51.19,0.0,1,5119,бРел
1078,11:20:47,51.18,0.0,26,133067,бТел
1079,11:20:55,51.18,0.0,1,5118,бРел
1080,11:21:01,51.19,0.01999999999999602,1,5119,бРел
1081,11:21:11,51.19,0.0,1,5119,бРел
1082,11:21:17,51.19,0.0,1,5119,бРел
1083,11:21:23,51.2,0.010000000000005116,110,563196,бРел
1084,11:21:25,51.21,0.00999999999999801,1,5121,жпптел
1085,11:21:35,51.29,0.0799999999999983,3,15379,бРел
1086,11:21:41,51.22,0.0,1,5122,бТел
1087,11:21:53,51.22,0.0,1,5122,бТел
1088,11:22:01,51.22,0.0,10,51220,бТел
1089,11:22:17,51.28,0.060000000000002274,1,5128,бРел
1090,11:22:23,51.28,0.0,1,5128,бРел
1091,11:22:25,51.29,0.00999999999999801,4,20516,бРел
1092,11:22:31,51.31,0.010000000000005116,1,5131,бРел
1093,11:22:35,51.33,0.01999999999999602,5,25659,бРел
1094,11:22:41,51.38,0.05000000000000426,29,149002,бРел
1095,11:22:47,51.38,0.0,7,35966,бРел
1096,11:22:53,51.4,0.00999999999999801,42,215880,бРел
1097,11:22:55,51.47,0.07000000000000028,5,25723,бРел
1098,11:23:01,51.47,0.01999999999999602,16,82295,бРел
1099,11:23:05,51.34,-0.12999999999999545,1,5134,бТел
1100,11:23:13,51.4,0.05999999999999517,2,10280,бРел
1101,11:23:23,51.39,-0.00999999999999801,2,10278,бРел
1102,11:23:25,51.4,0.00999999999999801,4,20560,бРел
1103,11:23:35,51.45,0.09000000000000341,9,46305,бРел
1104,11:23:41,51.45,-0.07000000000000028,1,5145,жпптел
1105,11:23:49,51.45,0.0,2,10290,бРел
1106,11:23:53,51.5,0.04999999999999716,9,46346,бРел
1107,11:23:55,51.5,0.0,1,5150,бРел
1108,11:24:01,51.52,0.030000000000001137,73,376027,бРел
1109,11:24:05,51.52,0.0,32,164864,бТел
1110,11:24:11,51.53,0.00999999999999801,2,10306,бРел
1111,11:24:17,51.6,0.03999999999999915,50,257908,бРел
1112,11:24:23,51.58,-0.020000000000003126,9,46422,бТел
1113,11:24:25,51.61,0.030000000000001137,23,118682,бРел
1114,11:24:35,51.68,0.07000000000000028,126,651045,бРел
1115,11:24:41,51.7,0.09000000000000341,35,180892,бРел
1116,11:24:47,51.8,0.09999999999999432,11,56948,бРел
1117,11:24:53,51.8,0.03999999999999915,50,258779,бРел
1118,11:24:59,51.85,0.05000000000000426,10,51830,бРел
1119,11:25:01,51.69,-0.1600000000000037,15,77610,бТел
1120,11:25:05,51.75,0.060000000000002274,10,51759,жпптел
1121,11:25:13,51.74,0.020000000000003126,9,46558,бРел
1122,11:25:17,51.75,0.00999999999999801,1,5175,бРел
1123,11:25:23,51.8,0.0,30,155400,бТел
1124,11:25:25,51.85,0.05000000000000426,15,77710,бРел
1125,11:25:35,51.8,-0.05000000000000426,2,10360,бТел
1126,11:25:41,51.8,0.0,8,41440,бТел
1127,11:25:47,51.79,0.0,13,67300,бРел
1128,11:25:55,51.72,-0.020000000000003126,5,25862,бТел
1129,11:26:01,51.72,0.0,10,51720,бТел
1130,11:26:07,51.8,0.0799999999999983,46,238146,бРел
1131,11:26:25,51.79,-0.00999999999999801,7,36253,бРел
1132,11:26:37,51.74,-0.04999999999999716,8,41413,бТел
1133,11:26:41,51.8,0.05999999999999517,14,72518,бРел
1134,11:26:47,51.88,0.030000000000001137,4,20749,бРел
1135,11:26:53,51.85,-0.030000000000001137,1,5185,бТел
1136,11:26:55,51.85,0.0,3,15555,бТел
1137,11:27:01,51.85,0.0,5,25925,бТел
1138,11:27:05,51.88,0.030000000000001137,8,45675,бРел
1139,11:27:13,51.85,-0.030000000000001137,2,10370,бТел
1140,11:27:19,51.75,-0.10000000000000142,3,15525,бТел
1141,11:27:23,51.85,0.10000000000000142,2,10370,бРел
1142,11:27:25,51.85,0.0,4,20739,бРел
1143,11:27:31,51.85,0.0,2,10370,бРел
1144,11:27:35,51.85,0.0,2,10360,бРел
1145,11:27:41,51.9,0.04999999999999716,89,461706,бРел
1146,11:27:47,51.95,0.05000000000000426,1,5195,бРел
1147,11:27:53,51.9,-0.05000000000000426,6,31150,бТел
1148,11:27:55,51.92,0.020000000000003126,1,5192,бРел
1149,11:28:01,51.9,-0.09000000000000341,10,51902,бТел
1150,11:28:05,52.0,0.10000000000000142,167,867573,бРел
1151,11:28:11,52.0,0.0,34,176780,бРел
1152,11:28:17,52.0,0.04999999999999716,88,457600,бРел
1153,11:28:23,51.95,0.0,3,15585,жпптел
1154,11:28:25,51.98,0.02999999999999403,6,31186,бРел
1155,11:28:31,51.95,0.0,1,5195,бТел
1156,11:28:41,51.95,0.0,3,15585,бТел
1157,11:28:49,52.0,0.04999999999999716,19,98763,бРел
1158,11:28:55,52.0,0.0,2,10400,бРел
1159,11:29:01,52.0,0.0,4,20800,бРел
1160,11:29:05,51.88,-0.11999999999999744,10,51881,бТел
1161,11:29:25,51.85,-0.030000000000001137,2,10370,бТел
1162,11:29:31,51.93,0.0799999999999983,1,5193,бРел
1163,11:29:41,51.93,0.0,5,25933,бРел
1164,11:29:47,51.93,-0.03999999999999915,6,31158,бТел
1165,11:29:53,51.97,0.03999999999999915,19,98739,бРел
1166,13:00:02,51.96,-0.00999999999999801,323,1675587,жпптел
1167,13:00:05,51.85,-0.10999999999999943,79,409236,жпптел
1168,13:00:11,51.79,-0.060000000000002274,27,139851,бТел
1169,13:00:19,51.74,-0.030000000000001137,2,10351,бТел
1170,13:00:23,51.74,0.0,1,5174,бТел
1171,13:00:26,51.73,-0.010000000000005116,1,5173,бТел
1172,13:00:35,51.73,-0.010000000000005116,39,201747,бТел
1173,13:00:41,51.72,0.0,48,248274,бТел
1174,13:00:47,51.73,0.00999999999999801,1,5173,жпптел
1175,13:00:51,51.73,0.0,7,36211,бТел
1176,13:00:57,51.72,-0.00999999999999801,45,232746,бТел
1177,13:01:05,51.7,-0.01999999999999602,5,25850,бТел
1178,13:01:14,51.6,-0.10000000000000142,1,5160,бТел
1179,13:01:17,51.6,0.0,1,5160,бТел
1180,13:01:23,51.6,0.0,3,15480,бТел
1181,13:01:26,51.6,0.0,1,5160,бТел
1182,13:01:35,51.6,0.0,3,15480,бТел
1183,13:01:44,51.6,0.0,1,5160,бТел
1184,13:01:47,51.6,0.0,23,118680,бТел
1185,13:01:50,51.68,0.0799999999999983,1,5168,бРел
1186,13:01:57,51.6,-0.0799999999999983,62,319920,бТел
1187,13:02:03,51.56,-0.03999999999999915,13,67043,бТел
1188,13:02:05,51.43,-0.13000000000000256,7,36079,жпптел
1189,13:02:11,51.56,0.13000000000000256,1,5156,бРел
1190,13:02:15,51.56,0.0,2,10312,бРел
1191,13:02:23,51.5,0.07000000000000028,2,10295,бРел
1192,13:02:33,51.5,0.0,8,41222,бТел
1193,13:02:35,51.5,0.0,1,5150,бТел
1194,13:02:44,51.5,0.030000000000001137,1,5150,бРел
1195,13:02:50,51.5,0.0,4,20600,бТел
1196,13:02:59,51.5,0.0,2,10300,бТел
1197,13:03:02,51.5,0.0,10,51500,бРел
1198,13:03:05,51.46,-0.03999999999999915,6,30896,бТел
1199,13:03:14,51.5,0.04999999999999716,13,66930,бРел
1200,13:03:17,51.43,-0.07000000000000028,4,20572,бТел
1201,13:03:20,51.43,0.0,48,246864,бТел
1202,13:03:27,51.48,0.04999999999999716,1,5148,жпптел
1203,13:03:32,51.47,-0.00999999999999801,1,5147,бРел
1204,13:03:41,51.49,0.020000000000003126,5,25741,бРел
1205,13:03:50,51.54,0.03999999999999915,4,20616,бРел
1206,13:03:57,51.54,0.03999999999999915,1,5154,бРел
1207,13:04:05,51.51,-0.030000000000001137,1,5151,жпптел
1208,13:04:11,51.54,0.0,13,66998,бРел
1209,13:04:17,51.54,0.03999999999999915,20,103078,бРел
1210,13:04:20,51.53,-0.00999999999999801,4,20613,жпптел
1211,13:04:29,51.54,0.00999999999999801,3,15461,бРел
1212,13:04:33,51.6,0.060000000000002274,30,154769,бРел
1213,13:04:35,51.63,0.030000000000001137,16,82608,бТел
1214,13:04:41,51.6,-0.030000000000001137,4,20643,бТел
1215,13:05:09,51.56,-0.03999999999999915,2,10312,бТел
1216,13:05:11,51.6,0.03999999999999915,5,25796,бРел
1217,13:05:17,51.58,0.0799999999999983,3,15473,жпптел
1218,13:05:21,51.58,0.0,4,20632,бТел
1219,13:05:26,51.52,-0.02999999999999403,1,5152,бТел
1220,13:05:32,51.55,0.0,2,10310,бТел
1221,13:05:38,51.47,-0.0799999999999983,93,478676,бТел
1222,13:05:41,51.47,0.0,7,36029,бРел
1223,13:05:47,51.57,0.020000000000003126,13,66956,бРел
1224,13:05:53,51.5,-0.07000000000000028,1,5150,бТел
1225,13:05:56,51.5,0.0,2,10300,бРел
1226,13:06:05,51.48,-0.020000000000003126,1,5148,бТел
1227,13:06:14,51.49,0.0,3,15444,бРел
1228,13:06:20,51.49,0.0,3,15447,бТел
1229,13:06:26,51.48,0.0,1,5148,бТел
1230,13:06:32,51.46,-0.00999999999999801,1,5146,бТел
1231,13:06:35,51.46,0.0,1,5146,бТел
1232,13:06:41,51.46,-0.030000000000001137,5,25730,жпптел
1233,13:06:47,51.45,-0.01999999999999602,1,5145,жпптел
1234,13:06:53,51.47,0.01999999999999602,12,61720,бРел
1235,13:06:56,51.44,-0.030000000000001137,15,77202,бТел
1236,13:07:03,51.48,0.0799999999999983,1,5148,жпптел
1237,13:07:05,51.47,-0.00999999999999801,7,36032,бТел
1238,13:07:11,51.46,0.020000000000003126,6,30876,бРел
1239,13:07:29,51.46,0.0,1,5146,бТел
1240,13:07:35,51.46,0.0,8,41178,бТел
1241,13:07:41,51.48,0.0,91,468468,бТел
1242,13:07:47,51.48,0.0,5,25740,бТел
1243,13:07:51,51.46,-0.01999999999999602,1,5146,бТел
1244,13:08:02,51.46,0.0,2,10292,бРел
1245,13:08:05,51.48,0.01999999999999602,1,5148,бРел
1246,13:08:14,51.49,0.030000000000001137,5,25744,бРел
1247,13:08:20,51.48,-0.010000000000005116,6,30888,бРел
1248,13:08:26,51.5,0.00999999999999801,8,41200,бРел
1249,13:08:32,51.48,-0.020000000000003126,6,30894,бТел
1250,13:08:41,51.68,0.20000000000000284,28,144503,бРел
1251,13:08:53,51.7,-0.00999999999999801,2,10340,бТел
1252,13:09:05,51.7,0.0,3,15510,бТел
1253,13:09:11,51.7,0.0,1,5170,бТел
1254,13:09:26,51.7,-0.02999999999999403,18,93060,бТел
1255,13:09:47,51.66,-0.020000000000003126,1,5166,бРел
1256,13:10:05,51.54,-0.11999999999999744,1,5154,бТел
1257,13:10:14,51.55,0.00999999999999801,5,25819,жпптел
1258,13:10:35,51.57,0.020000000000003126,1,5157,жпптел
1259,13:10:44,51.66,0.0,16,82656,бРел
1260,13:10:47,51.67,0.010000000000005116,1,5167,бРел
1261,13:10:53,51.67,0.0,1,5167,бРел
1262,13:11:11,51.66,-0.010000000000005116,1,5166,бТел
1263,13:11:26,51.67,0.0,3,15501,бРел
1264,13:11:39,51.67,0.0,1,5167,бРел
1265,13:11:41,51.68,0.00999999999999801,22,113685,бРел
1266,13:11:47,51.75,0.07000000000000028,4,20700,бРел
1267,13:11:50,51.75,0.0,1,5175,бРел
1268,13:11:59,51.78,0.0,2,10356,бРел
1269,13:12:05,51.75,-0.030000000000001137,2,10350,бТел
1270,13:12:11,51.75,0.0,3,15533,бТел
1271,13:12:17,51.8,0.04999999999999716,20,103590,бРел
1272,13:12:20,51.8,0.0,25,129480,бРел
1273,13:12:26,51.81,0.0,2,10362,бРел
1274,13:12:32,51.81,0.0,2,10362,бРел
1275,13:12:38,51.79,-0.020000000000003126,2,10360,бТел
1276,13:12:41,51.81,0.020000000000003126,2,10362,бРел
1277,13:12:50,51.8,-0.010000000000005116,2,10359,бРел
1278,13:12:59,51.8,0.0,4,20720,бТел
1279,13:13:02,51.8,0.0,3,15540,бТел
1280,13:13:05,51.8,0.0,11,56975,бРел
1281,13:13:11,51.8,0.0,19,98406,бРел
1282,13:13:17,51.76,-0.05000000000000426,7,36232,бТел
1283,13:13:20,51.75,-0.00999999999999801,3,15525,бТел
1284,13:13:26,51.81,0.060000000000002274,4,20709,бРел
1285,13:13:35,51.69,-0.07000000000000028,1,5169,бТел
1286,13:13:44,51.71,0.020000000000003126,1,5171,жпптел
1287,13:13:47,51.76,0.04999999999999716,1,5176,бРел
1288,13:13:50,51.7,-0.05999999999999517,17,87885,бТел
1289,13:13:59,51.71,0.00999999999999801,2,10342,бТел
1290,13:14:02,51.76,0.04999999999999716,4,20698,бРел
1291,13:14:05,51.8,0.03999999999999915,7,36240,бРел
1292,13:14:11,51.76,-0.03999999999999915,2,10352,бТел
1293,13:14:17,51.8,0.03999999999999915,5,25899,бРел
1294,13:14:20,51.8,0.0,4,20718,бРел
1295,13:14:26,51.8,0.0,2,10360,бРел
1296,13:15:08,51.82,0.020000000000003126,41,212401,бРел
1297,13:15:11,51.87,0.04999999999999716,2,10373,бРел
1298,13:15:17,51.8,-0.0800000000000054,12,62224,жпптел
1299,13:15:20,51.88,0.0800000000000054,3,15564,бРел
1300,13:15:26,51.88,0.0,8,41504,бРел
1301,13:15:35,51.88,0.0,1,5188,бРел
1302,13:15:41,51.88,0.0,4,20752,бРел
1303,13:15:47,51.89,0.00999999999999801,2,10378,жпптел
1304,13:15:50,51.9,0.00999999999999801,5,25950,бРел
1305,13:15:59,51.93,0.0,1,5193,бРел
1306,13:16:02,51.93,0.0,3,15579,бРел
1307,13:16:05,51.93,0.0,17,88281,бРел
1308,13:16:11,51.97,0.030000000000001137,5,25977,бРел
1309,13:16:17,51.97,0.0,2,10391,бРел
1310,13:16:20,51.97,0.0,1,5197,бРел
1311,13:16:29,51.97,0.0,3,15587,бРел
1312,13:16:32,51.97,0.0,3,15591,бРел
1313,13:16:35,51.97,0.0,1,5197,бРел
1314,13:16:41,51.97,0.01999999999999602,2,10394,бРел
1315,13:16:50,51.95,-0.01999999999999602,3,15585,бТел
1316,13:16:56,51.95,0.0,6,31170,бТел
1317,13:17:02,52.0,0.0,24,124800,бРел
1318,13:17:05,52.01,0.00999999999999801,41,218373,бРел
1319,13:17:11,52.12,0.03999999999999915,23,119824,бРел
1320,13:17:17,52.06,-0.05999999999999517,6,31275,бТел
1321,13:17:20,52.12,0.05999999999999517,14,72961,бРел
1322,13:17:26,52.06,-0.0799999999999983,4,20824,бТел
1323,13:17:32,51.96,-0.10000000000000142,2,10392,бТел
1324,13:17:38,52.0,0.03999999999999915,7,36366,бРел
1325,13:17:41,51.96,-0.03999999999999915,9,46765,бТел
1326,13:17:47,51.94,-0.020000000000003126,1,5194,бТел
1327,13:17:50,51.96,0.020000000000003126,2,10389,бРел
1328,13:17:56,51.9,-0.060000000000002274,7,36330,бРел
1329,13:18:03,51.88,-0.01999999999999602,2,10376,бРел
1330,13:18:05,51.88,0.0,6,31119,бРел
1331,13:18:11,51.9,0.00999999999999801,2,10380,бРел
1332,13:18:17,51.91,0.02999999999999403,4,20761,бРел
1333,13:18:20,51.94,0.030000000000001137,7,36322,бРел
1334,13:18:29,51.94,0.0,3,15574,бРел
1335,13:18:35,51.86,-0.0799999999999983,6,31127,бТел
1336,13:18:41,51.9,0.0,2,10380,бТел
1337,13:19:05,51.85,-0.03999999999999915,5,25925,бТел
1338,13:19:11,51.85,0.0,6,31110,бТел
1339,13:19:17,51.85,0.0,5,25941,бТел
1340,13:19:29,51.85,0.0,1,5185,бТел
1341,13:19:32,51.9,0.04999999999999716,3,15565,бРел
1342,13:19:41,51.89,-0.00999999999999801,1,5189,бРел
1343,13:19:50,51.9,0.00999999999999801,18,93417,бРел
1344,13:20:08,51.84,-0.05999999999999517,1,5184,бТел
1345,13:20:17,51.84,0.0,1,5184,бТел
1346,13:20:20,51.9,0.05999999999999517,5,25948,бРел
1347,13:20:26,51.9,0.0,1,5190,бРел
1348,13:20:40,51.89,0.04999999999999716,1,5189,бРел
1349,13:20:50,51.89,0.0,1,5189,бРел
1350,13:21:20,51.89,0.0,4,20756,бРел
1351,13:21:33,51.85,-0.03999999999999915,4,20740,бТел
1352,13:21:35,51.87,0.01999999999999602,4,20748,бРел
1353,13:21:41,51.85,0.0,3,15554,бРел
1354,13:21:46,51.85,0.0,12,62214,бРел
1355,13:21:50,51.85,0.0,6,31110,бТел
1356,13:21:56,51.84,0.0,36,186629,бТел
1357,13:22:02,51.83,0.0,11,57013,бТел
1358,13:22:08,51.8,-0.010000000000005116,15,77700,бТел
1359,13:22:11,51.78,-0.01999999999999602,1,5178,бТел
1360,13:22:17,51.81,0.030000000000001137,5,25896,бРел
1361,13:22:23,51.7,-0.10999999999999943,2,10340,бТел
1362,13:22:29,51.84,0.14000000000000057,1,5184,бРел
1363,13:22:35,51.7,-0.14000000000000057,4,20680,бТел
1364,13:23:02,51.71,0.00999999999999801,2,10342,бТел
1365,13:23:17,51.84,0.13000000000000256,6,31089,бРел
1366,13:23:23,51.82,-0.020000000000003126,1,5182,бРел
1367,13:23:41,51.78,-0.03999999999999915,1,5178,бТел
1368,13:23:47,51.73,-0.030000000000001137,5,25857,жпптел
1369,13:23:50,51.74,0.010000000000005116,1,5174,бТел
1370,13:23:56,51.71,-0.00999999999999801,3,15516,бТел
1371,13:24:02,51.71,0.0,7,36188,бРел
1372,13:24:05,51.72,0.00999999999999801,2,10343,жпптел
1373,13:24:11,51.67,-0.01999999999999602,2,10335,бТел
1374,13:24:20,51.67,0.0,4,20668,бРел
1375,13:24:26,51.59,-0.0799999999999983,1,5159,бТел
1376,13:24:38,51.57,-0.020000000000003126,11,56728,бТел
1377,13:24:41,51.67,0.10000000000000142,3,15499,бРел
1378,13:24:50,51.63,-0.10999999999999943,24,124017,бТел
1379,13:24:56,51.6,0.00999999999999801,65,335337,бРел
1380,13:25:05,51.78,0.1700000000000017,1,5178,бРел
1381,13:25:11,51.6,0.0,5,25800,бРел
1382,13:25:17,51.6,0.0,1,5160,бТел
1383,13:25:20,51.7,0.10000000000000142,5,25850,жпптел
1384,13:26:08,51.62,-0.12000000000000455,1,5162,бТел
1385,13:26:11,51.72,0.10000000000000142,1,5172,бРел
1386,13:26:20,51.73,0.00999999999999801,5,25856,бРел
1387,13:26:44,51.72,-0.00999999999999801,2,10344,бРел
1388,13:26:50,51.72,0.0,1,5172,бРел
1389,13:26:56,51.72,0.0,5,25860,бРел
1390,13:27:02,51.65,-0.07000000000000028,7,36155,бТел
1391,13:27:05,51.65,0.0,1,5165,бРел
1392,13:27:20,51.72,0.0899999999999963,6,31021,бРел
1393,13:28:02,51.62,-0.10000000000000142,7,36134,бТел
1394,13:28:17,51.69,0.07000000000000028,3,15505,бРел
1395,13:28:20,51.75,0.060000000000002274,3,15512,жпптел
1396,13:28:38,51.67,-0.00999999999999801,2,10335,бТел
1397,13:28:44,51.67,0.0,3,15501,бРел
1398,13:28:50,51.68,0.00999999999999801,1,5168,бРел
1399,13:28:56,51.74,0.05000000000000426,1,5174,жпптел
1400,13:29:05,51.66,-0.0800000000000054,1,5166,бТел
1401,13:29:20,51.74,0.0800000000000054,5,25870,бРел
1402,13:29:38,51.67,0.010000000000005116,1,5167,бТел
1403,13:30:08,51.66,-0.010000000000005116,1,5166,бТел
1404,13:30:20,51.66,0.0,5,25846,бТел
1405,13:30:35,51.7,0.010000000000005116,1,5170,бРел
1406,13:30:56,51.7,0.0,1,5170,бРел
1407,13:31:08,51.66,-0.04000000000000625,1,5166,бТел
1408,13:31:20,51.66,0.0,1,5166,бТел
1409,13:31:35,51.68,-0.00999999999999801,7,36173,жпптел
1410,13:31:41,51.67,0.010000000000005116,1,5167,бРел
1411,13:31:50,51.67,0.0,17,87839,бРел
1412,13:31:56,51.67,0.0,2,10334,жпптел
1413,13:32:11,51.69,0.01999999999999602,2,10338,бРел
1414,13:32:19,51.7,0.010000000000005116,3,15509,бРел
1415,13:32:20,51.7,0.0,5,25850,бРел
1416,13:32:29,51.7,0.010000000000005116,2,10340,бРел
1417,13:32:44,51.7,0.0,26,134420,бРел
1418,13:32:47,51.71,0.00999999999999801,2,10340,бРел
1419,13:32:50,51.7,-0.00999999999999801,1,5170,бРел
1420,13:32:56,51.7,0.0,6,31020,бРел
1421,13:33:04,51.7,0.0,3,15510,бРел
1422,13:33:08,51.7,0.0,3,15509,бРел
1423,13:33:14,51.7,0.0,2,10340,бРел
1424,13:33:17,51.7,0.0,1,5170,бРел
1425,13:33:25,51.7,0.0,5,25849,бРел
1426,13:33:35,51.69,-0.010000000000005116,2,10338,бТел
1427,13:33:41,51.7,0.010000000000005116,1,5170,бРел
1428,13:33:49,51.7,0.010000000000005116,6,31020,бРел
1429,13:33:53,51.7,0.0,2,10340,бРел
1430,13:33:59,51.69,-0.010000000000005116,6,31014,бТел
1431,13:34:02,51.7,0.010000000000005116,16,82705,бРел
1432,13:34:05,51.7,0.0,3,15510,бРел
1433,13:34:11,51.69,-0.010000000000005116,1,5169,бТел
1434,13:34:20,51.71,0.00999999999999801,5,25855,бРел
1435,13:34:26,51.72,0.00999999999999801,1,5172,бРел
1436,13:34:37,51.72,0.0,1,5172,бТел
1437,13:34:43,51.72,0.0,2,10344,бРел
1438,13:34:53,51.73,0.0,1,5173,бРел
1439,13:34:56,51.74,0.010000000000005116,2,10348,бРел
1440,13:35:02,51.82,0.0,1,5182,бРел
1441,13:35:05,51.82,0.0,13,67366,бТел
1442,13:35:11,51.82,-0.00999999999999801,1,5182,жпптел
1443,13:35:17,51.79,-0.030000000000001137,16,82896,бТел
1444,13:35:20,51.79,0.0,1,5179,бРел
1445,13:35:26,51.79,-0.03999999999999915,1,5179,бРел
1446,13:35:32,51.83,0.0,61,316163,бРел
1447,13:35:53,51.83,0.0,7,36281,бРел
1448,13:35:56,51.83,0.0,5,25915,бРел
1449,13:36:07,51.82,-0.00999999999999801,2,10364,бРел
1450,13:36:17,51.83,0.0,2,10366,бРел
1451,13:36:20,51.83,0.0,6,31098,бРел
1452,13:36:26,51.83,0.01999999999999602,14,72562,бРел
1453,13:36:31,51.89,0.060000000000002274,27,140045,бРел
1454,13:36:37,52.0,0.10999999999999943,372,1932356,бРел
1455,13:36:41,52.0,0.0,6,31193,бРел
1456,13:36:49,52.01,0.00999999999999801,3,15602,бРел
1457,13:36:50,52.0,-0.00999999999999801,1,5200,бТел
1458,13:36:56,52.0,0.020000000000003126,37,192344,бРел
1459,13:37:14,51.88,-0.10999999999999943,1,5188,бТел
1460,13:37:16,51.88,0.0,1,5188,бРел
1461,13:37:26,51.89,0.00999999999999801,5,25981,бТел
1462,13:37:44,51.9,0.00999999999999801,4,20760,бТел
1463,13:37:50,51.95,0.05000000000000426,1,5195,бРел
1464,13:37:55,51.97,0.01999999999999602,1,5197,бРел
1465,13:38:07,51.91,-0.060000000000002274,1,5191,бТел
1466,13:38:11,51.96,0.05000000000000426,1,5196,бРел
1467,13:38:23,51.93,-0.030000000000001137,9,46757,бТел
1468,13:38:26,51.93,0.0,12,62316,бРел
1469,13:38:42,51.9,-0.030000000000001137,16,83045,бТел
1470,13:38:47,51.93,0.030000000000001137,2,10386,бРел
1471,13:39:00,51.95,0.020000000000003126,1,5195,бРел
1472,13:39:07,51.95,0.0,1,5195,бРел
1473,13:39:14,51.91,-0.04000000000000625,1,5191,бТел
1474,13:39:20,51.95,0.04000000000000625,3,15585,бРел
1475,13:39:26,51.89,-0.060000000000002274,1,5189,бТел
1476,13:39:44,51.95,0.060000000000002274,1,5195,бРел
1477,13:39:50,51.95,0.0,2,10390,бРел
1478,13:40:05,51.94,-0.010000000000005116,1,5194,бРел
1479,13:40:23,51.95,0.060000000000002274,11,57136,бРел
1480,13:40:26,51.89,-0.060000000000002274,1,5189,бТел
1481,13:40:32,51.95,0.060000000000002274,1,5195,бРел
1482,13:40:38,51.95,0.0,1,5195,бРел
1483,13:40:42,51.94,-0.010000000000005116,2,10383,жпптел
1484,13:40:48,51.94,0.0,1,5194,бРел
1485,13:40:55,51.94,0.0,1,5194,бРел
1486,13:41:01,51.9,-0.03999999999999915,2,10382,бТел
1487,13:41:08,51.89,-0.00999999999999801,5,25946,бТел
1488,13:41:12,51.89,0.0,1,5189,бТел
1489,13:41:17,51.94,0.04999999999999716,7,36358,бРел
1490,13:41:20,51.94,0.0,4,20776,бРел
1491,13:41:26,51.89,-0.04999999999999716,15,77835,бТел
1492,13:41:31,51.94,0.04999999999999716,1,5194,бРел
1493,13:41:37,51.93,-0.00999999999999801,3,15579,жпптел
1494,13:41:44,51.93,0.0,1,5193,бРел
1495,13:41:47,51.89,-0.03999999999999915,7,36323,бТел
1496,13:41:50,51.93,0.03999999999999915,1,5193,бРел
1497,13:41:59,51.94,0.0,25,129850,бРел
1498,13:42:05,51.95,0.010000000000005116,4,20780,бРел
1499,13:42:11,51.95,0.010000000000005116,5,25975,бРел
1500,13:42:20,51.95,0.0,1,5195,бРел
1501,13:42:25,51.95,0.0,8,41557,бРел
1502,13:42:31,51.96,0.00999999999999801,23,119486,бРел
1503,13:42:37,51.96,0.0,2,10391,бРел
1504,13:42:49,51.94,-0.030000000000001137,2,10388,бТел
1505,13:42:50,51.94,0.0,7,36361,бТел
1506,13:42:55,51.93,-0.00999999999999801,3,15579,бТел
1507,13:43:02,51.92,0.0,2,10384,бРел
1508,13:43:08,51.93,0.00999999999999801,1,5193,бРел
1509,13:43:17,51.93,0.0,3,15579,бРел
1510,13:43:22,51.93,0.0,2,10386,бТел
1511,13:43:25,51.94,0.00999999999999801,5,25970,бРел
1512,13:43:36,51.93,0.0,2,10386,бТел
1513,13:43:56,51.92,-0.00999999999999801,1,5192,бТел
1514,13:44:02,51.94,0.01999999999999602,13,67522,бРел
1515,13:44:05,51.92,-0.01999999999999602,2,10384,бТел
1516,13:44:14,51.92,0.0,3,15576,бТел
1517,13:44:19,51.92,0.0,2,10384,бРел
1518,13:44:20,51.91,-0.010000000000005116,3,15573,бТел
1519,13:44:25,51.91,0.0,1,5191,бРел
1520,13:44:32,51.91,0.00999999999999801,13,67470,бРел
1521,13:44:37,51.89,-0.01999999999999602,62,321718,бТел
1522,13:44:41,51.88,0.010000000000005116,33,171087,бРел
1523,13:44:47,51.87,-0.010000000000005116,9,46655,жпптел
1524,13:44:59,51.83,-0.03999999999999915,2,10366,бТел
1525,13:45:02,51.83,0.0,2,10366,бТел
1526,13:45:05,51.83,0.0,1,5183,бТел
1527,13:45:25,51.87,0.03999999999999915,17,88039,бРел
1528,13:45:30,51.83,-0.03999999999999915,2,10366,бТел
1529,13:45:38,51.82,-0.00999999999999801,5,25910,бРел
1530,13:45:41,51.8,-0.020000000000003126,10,51822,бТел
1531,13:45:48,51.79,-0.00999999999999801,2,10358,бРел
1532,13:45:54,51.8,0.00999999999999801,3,15540,бРел
1533,13:46:00,51.78,-0.01999999999999602,1,5178,бТел
1534,13:46:06,51.77,-0.00999999999999801,1,5177,бТел
1535,13:46:14,51.77,0.0,4,20708,бТел
1536,13:46:17,51.77,0.0,7,36239,бРел
1537,13:46:20,51.78,0.00999999999999801,1,5178,бТел
1538,13:46:30,51.76,-0.03999999999999915,1,5176,бТел
1539,13:46:36,51.7,-0.05999999999999517,63,325715,бТел
1540,13:46:50,51.67,-0.030000000000001137,1,5167,бТел
1541,13:47:01,51.7,0.030000000000001137,37,191290,бРел
1542,13:47:14,51.7,0.0,10,51709,бТел
1543,13:47:19,51.71,0.00999999999999801,3,15511,бРел
1544,13:47:20,51.71,0.0,1,5171,бРел
1545,13:47:41,51.72,0.00999999999999801,2,10344,бТел
1546,13:47:47,51.72,-0.00999999999999801,4,20687,бРел
1547,13:47:50,51.71,-0.00999999999999801,2,10342,бТел
1548,13:47:55,51.71,0.0,2,10342,бТел
1549,13:48:00,51.7,0.0,1,5170,бТел
1550,13:48:05,51.71,0.00999999999999801,1,5171,жпптел
1551,13:48:26,51.7,-0.00999999999999801,8,41368,бТел
1552,13:48:30,51.7,0.0,1,5170,бТел
1553,13:48:44,51.68,0.0,16,82688,бТел
1554,13:48:49,51.68,0.0,1,5168,бРел
1555,13:48:50,51.68,0.0,5,25839,бРел
1556,13:48:59,51.67,-0.00999999999999801,1,5167,бТел
1557,13:49:08,51.67,0.0,1,5167,бРел
1558,13:49:14,51.66,-0.010000000000005116,11,56826,бТел
1559,13:49:19,51.66,0.0,2,10332,бРел
1560,13:49:26,51.66,0.0,5,25830,бРел
1561,13:49:30,51.65,-0.00999999999999801,2,10331,бТел
1562,13:49:49,51.66,0.00999999999999801,1,5166,бРел
1563,13:49:56,51.65,-0.00999999999999801,18,92982,бТел
1564,13:50:00,51.65,0.0,9,46486,бРел
1565,13:50:06,51.65,0.00999999999999801,2,10330,жпптел
1566,13:50:11,51.63,-0.00999999999999801,2,10326,бТел
1567,13:50:19,51.62,-0.030000000000001137,4,20648,бТел
1568,13:50:20,51.62,0.0,12,61944,бТел
1569,13:50:25,51.62,0.0,2,10324,бРел
1570,13:50:32,51.61,-0.00999999999999801,21,108401,бТел
1571,13:50:38,51.61,0.0,1,5161,бТел
1572,13:50:41,51.61,0.0,1,5161,бТел
1573,13:50:49,51.61,0.0,1,5161,бТел
1574,13:50:50,51.61,0.0,13,67093,бТел
1575,13:50:55,51.61,0.0,44,227342,бТел
1576,13:51:00,51.6,0.0,6,30960,бТел
1577,13:51:08,51.59,-0.01999999999999602,3,15477,бТел
1578,13:51:14,51.5,-0.09000000000000341,78,401799,бТел
1579,13:51:19,51.5,0.0,3,15450,бРел
1580,13:51:20,51.5,0.0,17,87470,бРел
1581,13:51:25,51.5,0.0,6,30900,бРел
1582,13:51:30,51.45,0.0,26,133775,бТел
1583,13:51:37,51.45,0.05000000000000426,2,10289,жпптел
1584,13:51:49,51.4,-0.05000000000000426,3,15425,бТел
1585,13:51:50,51.4,0.0,18,92525,бТел
1586,13:51:56,51.4,0.0,3,15420,бТел
1587,13:52:00,51.36,-0.03999999999999915,16,82207,бТел
1588,13:52:07,51.39,0.030000000000001137,1,5139,бТел
1589,13:52:11,51.4,0.0,9,46260,бРел
1590,13:52:17,51.45,0.010000000000005116,33,169785,бРел
1591,13:52:25,51.41,-0.04000000000000625,5,25705,бТел
1592,13:52:30,51.41,0.00999999999999801,4,20564,жпптел
1593,13:52:37,51.5,0.0799999999999983,1,5150,бРел
1594,13:52:42,51.5,0.0,13,66950,бРел
1595,13:52:50,51.59,0.09000000000000341,1,5159,бРел
1596,13:53:02,51.47,-0.12000000000000455,2,10297,бТел
1597,13:53:07,51.51,0.03999999999999915,9,46351,бРел
1598,13:53:13,51.47,-0.030000000000001137,1,5147,бТел
1599,13:53:19,51.47,0.0,1,5147,бРел
1600,13:53:20,51.46,-0.00999999999999801,1,5146,бТел
1601,13:53:25,51.47,0.00999999999999801,1,5147,бРел
1602,13:53:32,51.46,-0.00999999999999801,6,30884,бТел
1603,13:53:37,51.47,0.00999999999999801,1,5147,бРел
1604,13:53:41,51.41,-0.060000000000002274,31,159415,бТел
1605,13:53:47,51.47,0.060000000000002274,1,5147,бРел
1606,13:53:54,51.46,-0.00999999999999801,3,15440,бТел
1607,13:54:02,51.47,0.00999999999999801,1,5147,бРел
1608,13:54:06,51.4,-0.07000000000000028,100,514041,бТел
1609,13:54:11,51.46,0.060000000000002274,3,15439,бТел
1610,13:54:18,51.45,-0.00999999999999801,2,10290,бТел
1611,13:54:20,51.43,-0.020000000000003126,2,10287,жпптел
1612,13:54:25,51.45,0.020000000000003126,5,25723,бРел
1613,13:54:32,51.4,0.0,11,56535,бРел
1614,13:54:35,51.39,-0.00999999999999801,18,92508,бТел
1615,13:54:44,51.4,0.00999999999999801,1,5140,жпптел
1616,13:54:54,51.39,-0.00999999999999801,1,5139,бТел
1617,13:54:56,51.39,0.0,2,10278,бТел
1618,13:55:06,51.4,0.00999999999999801,4,20559,бРел
1619,13:55:11,51.4,0.0,22,113080,бРел
1620,13:55:17,51.38,-0.00999999999999801,2,10277,бТел
1621,13:55:20,51.37,-0.010000000000005116,38,195225,бТел
1622,13:55:25,51.38,0.010000000000005116,2,10274,бРел
1623,13:55:30,51.38,0.0,4,20552,бРел
1624,13:55:36,51.38,0.0,7,35966,бРел
1625,13:55:41,51.37,0.0,3,15411,бТел
1626,13:55:47,51.38,0.010000000000005116,28,143863,бРел
1627,13:55:50,51.38,0.0,15,77070,бРел
1628,13:55:55,51.38,0.0,16,82208,бРел
1629,13:56:00,51.38,0.0,6,30837,бТел
1630,13:56:15,51.4,0.01999999999999602,2,10280,бРел
1631,13:56:26,51.43,0.030000000000001137,25,128575,бРел
1632,13:56:32,51.4,-0.030000000000001137,2,10283,бТел
1633,13:56:36,51.4,0.0,1,5140,бТел
1634,13:56:44,51.43,0.030000000000001137,5,25715,бРел
1635,13:56:47,51.39,-0.03999999999999915,94,483106,бТел
1636,13:56:50,51.39,0.0,3,15416,бРел
1637,13:56:55,51.39,0.0,9,46244,бРел
1638,13:57:00,51.3,0.0,2,10260,бРел
1639,13:57:05,51.3,0.0,8,41040,бРел
1640,13:57:11,51.3,0.0,5,25647,бРел
1641,13:57:17,51.29,-0.00999999999999801,8,41032,бРел
1642,13:57:20,51.29,0.0,6,30774,бРел
1643,13:57:26,51.3,0.00999999999999801,4,20520,бРел
1644,13:57:30,51.3,0.0,13,66690,бРел
1645,13:57:36,51.31,0.0,3,15395,бТел
1646,13:57:45,51.32,0.00999999999999801,1,5132,бРел
1647,13:57:50,51.32,0.0,4,20528,бРел
1648,13:57:56,51.3,-0.020000000000003126,1,5130,бТел
1649,13:58:02,51.3,0.0,40,205216,бТел
1650,13:58:06,51.32,0.020000000000003126,2,10265,жпптел
1651,13:58:13,51.33,0.0,1,5133,бРел
1652,13:58:15,51.33,0.0,3,15399,бРел
1653,13:58:26,51.35,0.020000000000003126,33,169393,бРел
1654,13:58:30,51.35,0.0,9,46215,бРел
1655,13:58:36,51.37,0.01999999999999602,3,15410,бРел
1656,13:58:50,51.3,-0.07000000000000028,46,236087,бТел
1657,13:58:56,51.37,0.07000000000000028,1,5137,бРел
1658,13:59:07,51.34,-0.02999999999999403,2,10268,бТел
1659,13:59:12,51.34,0.0,1,5134,бТел
1660,13:59:17,51.34,0.0,1,5134,бРел
1661,13:59:25,51.33,-0.010000000000005116,2,10266,бРел
1662,13:59:32,51.34,0.0,1,5134,бРел
1663,13:59:37,51.34,0.0,2,10268,бРел
1664,13:59:41,51.32,0.0,5,25660,бТел
1665,13:59:45,51.32,0.0,2,10264,бТел
1666,14:00:00,51.34,0.020000000000003126,15,77010,бРел
1667,14:00:06,51.33,-0.010000000000005116,8,41065,бТел
1668,14:00:12,51.34,0.010000000000005116,11,56473,бРел
1669,14:00:17,51.36,0.01999999999999602,13,66763,бРел
1670,14:00:23,51.34,-0.01999999999999602,5,25671,бТел
1671,14:00:29,51.35,0.00999999999999801,5,25675,бРел
1672,14:00:32,51.34,-0.00999999999999801,1,5134,бТел
1673,14:00:37,51.35,0.00999999999999801,1,5135,бРел
1674,14:00:44,51.34,0.0,3,15403,бТел
1675,14:00:48,51.35,0.00999999999999801,1,5135,бРел
1676,14:00:56,51.32,-0.030000000000001137,47,241287,бТел
1677,14:01:00,51.33,0.00999999999999801,1,5133,бРел
1678,14:01:14,51.33,0.00999999999999801,3,15399,бРел
1679,14:01:17,51.32,-0.00999999999999801,18,92376,бТел
1680,14:01:23,51.31,-0.00999999999999801,15,76966,бТел
1681,14:01:26,51.31,0.0,6,30785,бРел
1682,14:01:31,51.31,0.0,49,251378,бРел
1683,14:01:36,51.3,0.0,9,46170,бТел
1684,14:01:42,51.29,-0.00999999999999801,14,71806,бТел
1685,14:01:45,51.29,0.0,17,87207,бТел
1686,14:01:50,51.29,0.0,35,179515,бТел
1687,14:01:55,51.3,0.00999999999999801,1,5130,бРел
1688,14:02:01,51.29,-0.00999999999999801,14,71821,бТел
1689,14:02:06,51.29,0.0,33,169257,бТел
1690,14:02:11,51.29,0.0,2,10258,бРел
1691,14:02:15,51.29,0.0,1,5129,бРел
1692,14:02:20,51.29,0.0,1,5129,бРел
1693,14:02:25,51.28,-0.00999999999999801,15,76925,бТел
1694,14:02:39,51.28,-0.00999999999999801,2,10257,бТел
1695,14:02:42,51.24,-0.03999999999999915,107,548549,бТел
1696,14:02:47,51.24,0.0,4,20496,бТел
1697,14:02:51,51.21,-0.030000000000001137,7,35862,бТел
1698,14:02:55,51.21,0.0,4,20484,бРел
1699,14:03:06,51.24,0.030000000000001137,1,5124,бТел
1700,14:03:11,51.24,0.0,10,51240,бТел
1701,14:03:17,51.2,-0.03999999999999915,96,491781,бТел
1702,14:03:21,51.2,0.0,83,424960,бРел
1703,14:03:25,51.2,0.0,1,5120,бРел
1704,14:03:30,51.19,-0.010000000000005116,10,51195,бТел
1705,14:03:37,51.19,-0.010000000000005116,7,35841,бТел
1706,14:03:47,51.22,0.01999999999999602,8,40976,бРел
1707,14:03:53,51.28,0.060000000000002274,6,30768,бРел
1708,14:03:59,51.22,-0.060000000000002274,8,40995,бТел
1709,14:04:03,51.22,0.0,4,20488,бРел
1710,14:04:06,51.24,0.020000000000003126,5,25618,бРел
1711,14:04:15,51.21,-0.030000000000001137,2,10242,бТел
1712,14:04:27,51.21,0.0,6,30726,бРел
1713,14:04:36,51.2,-0.00999999999999801,8,40960,бТел
1714,14:04:48,51.21,0.00999999999999801,21,107541,бРел
1715,14:04:51,51.21,0.0,8,40968,бРел
1716,14:04:57,51.21,0.0,4,20483,бРел
1717,14:05:06,51.23,0.01999999999999602,6,30738,бРел
1718,14:05:12,51.23,0.0,10,51212,бРел
1719,14:05:15,51.24,0.010000000000005116,4,20494,бРел
1720,14:05:23,51.23,0.0,2,10246,бТел
1721,14:05:27,51.23,0.0,3,15369,бТел
1722,14:05:33,51.23,0.0,5,25615,бРел
1723,14:05:39,51.23,0.0,8,40983,бРел
1724,14:05:45,51.22,-0.00999999999999801,1,5122,бТел
1725,14:05:56,51.21,-0.01999999999999602,31,158751,бТел
1726,14:06:00,51.21,0.0,2,10242,бРел
1727,14:06:06,51.2,0.0,1,5120,бТел
1728,14:06:11,51.2,0.0,50,256000,бТел
1729,14:06:15,51.19,-0.010000000000005116,1,5119,бТел
1730,14:06:21,51.19,0.0,2,10237,бРел
1731,14:06:25,51.2,0.010000000000005116,19,97262,бРел
1732,14:06:30,51.2,0.0,21,107503,бРел
1733,14:06:41,51.19,-0.020000000000003126,1,5119,бТел
1734,14:06:45,51.18,-0.00999999999999801,5,25592,бТел
1735,14:06:53,51.21,0.0,2,10242,бРел
1736,14:06:57,51.19,-0.020000000000003126,1,5119,бТел
1737,14:07:01,51.19,0.0,6,30723,бТел
1738,14:07:05,51.23,0.01999999999999602,32,163882,бРел
1739,14:07:11,51.15,-0.060000000000002274,64,327466,бТел
1740,14:07:15,51.15,0.0,33,168795,бРел
1741,14:07:21,51.15,0.0,11,56265,бРел
1742,14:07:29,51.16,0.00999999999999801,2,10232,бРел
1743,14:07:47,51.14,-0.01999999999999602,100,511466,бТел
1744,14:07:51,51.16,0.01999999999999602,1,5116,бТел
1745,14:08:03,51.17,0.010000000000005116,10,51165,бРел
1746,14:08:06,51.17,0.0,2,10234,бРел
1747,14:08:17,51.17,0.010000000000005116,1,5117,бРел
1748,14:08:27,51.15,-0.020000000000003126,1,5115,жпптел
1749,14:08:33,51.17,0.0,5,25585,бРел
1750,14:08:36,51.15,-0.020000000000003126,8,40923,бТел
1751,14:08:51,51.16,0.00999999999999801,1,5116,бРел
1752,14:08:55,51.16,0.0,1,5116,бРел
1753,14:09:03,51.17,0.020000000000003126,5,25583,бРел
1754,14:09:06,51.19,0.01999999999999602,3,15357,бРел
1755,14:09:17,51.16,-0.030000000000001137,2,10232,бТел
1756,14:09:21,51.16,0.0,6,30696,бТел
1757,14:09:30,51.18,0.020000000000003126,5,25590,бРел
1758,14:09:39,51.18,0.0,1,5118,бРел
1759,14:09:41,51.16,-0.020000000000003126,1,5116,бТел
1760,14:09:45,51.18,0.020000000000003126,1,5118,бРел
1761,14:09:51,51.18,0.0,5,25590,бРел
1762,14:09:57,51.16,-0.020000000000003126,1,5116,бТел
1763,14:10:09,51.18,0.020000000000003126,51,260928,бРел
1764,14:10:11,51.18,0.0,15,76770,бТел
1765,14:10:21,51.17,0.020000000000003126,1,5117,бТел
1766,14:10:30,51.18,0.00999999999999801,5,25589,бРел
1767,14:10:41,51.18,0.0,17,87000,бРел
1768,14:10:47,51.16,-0.020000000000003126,33,168862,бТел
1769,14:10:51,51.16,0.0,2,10232,бРел
1770,14:11:09,51.15,-0.020000000000003126,73,373410,бТел
1771,14:11:11,51.15,0.0,36,184127,бРел
1772,14:11:15,51.14,-0.00999999999999801,7,35798,бТел
1773,14:11:21,51.13,-0.00999999999999801,5,25565,бТел
1774,14:11:27,51.14,0.0,1,5114,бРел
1775,14:11:36,51.13,-0.00999999999999801,16,81814,бТел
1776,14:11:41,51.13,-0.00999999999999801,1,5113,бТел
1777,14:11:45,51.13,0.0,2,10226,бТел
1778,14:11:55,51.14,0.00999999999999801,4,20456,бРел
1779,14:12:06,51.14,0.00999999999999801,1,5114,бРел
1780,14:12:11,51.14,0.0,11,56254,бРел
1781,14:12:21,51.14,0.0,1,5114,бРел
1782,14:12:27,51.14,0.0,2,10228,бРел
1783,14:12:33,51.14,0.0,5,25570,бРел
1784,14:12:45,51.13,-0.00999999999999801,1,5113,бТел
1785,14:12:51,51.14,0.00999999999999801,5,25570,бРел
1786,14:12:57,51.14,0.0,1,5114,бРел
1787,14:13:03,51.14,0.0,1,5114,бРел
1788,14:13:06,51.13,-0.00999999999999801,2,10226,бТел
1789,14:13:11,51.14,0.00999999999999801,2,10228,бРел
1790,14:13:15,51.14,0.0,2,10228,бРел
1791,14:13:25,51.13,-0.01999999999999602,11,56253,бТел
1792,14:13:32,51.15,0.01999999999999602,5,25575,бРел
1793,14:13:36,51.13,-0.01999999999999602,1,5113,бТел
1794,14:13:45,51.15,0.00999999999999801,3,15344,бРел
1795,14:14:02,51.15,0.0,1,5115,бРел
1796,14:14:09,51.14,-0.00999999999999801,1,5114,бРел
1797,14:14:15,51.14,0.0,13,66473,бРел
1798,14:14:25,51.14,0.0,1,5114,бРел
1799,14:14:33,51.13,-0.00999999999999801,1,5113,бТел
1800,14:14:36,51.14,0.00999999999999801,1,5114,бРел
1801,14:14:41,51.13,-0.00999999999999801,1,5113,бТел
1802,14:14:47,51.14,0.00999999999999801,8,40912,бРел
1803,14:15:03,51.14,0.0,2,10228,бРел
1804,14:15:06,51.13,-0.00999999999999801,3,15340,бТел
1805,14:15:12,51.13,0.0,21,107373,бТел
1806,14:15:15,51.13,0.0,3,15341,бТел
1807,14:15:27,51.13,-0.00999999999999801,6,30679,бТел
1808,14:15:33,51.14,0.00999999999999801,2,10228,бРел
1809,14:15:36,51.13,-0.00999999999999801,6,30682,бТел
1810,14:15:45,51.13,-0.00999999999999801,1,5113,бТел
1811,14:15:53,51.13,-0.00999999999999801,3,15339,бТел
1812,14:15:57,51.13,0.0,7,35791,бТел
1813,14:16:03,51.14,0.00999999999999801,3,15340,бРел
1814,14:16:06,51.14,0.0,3,15341,бРел
1815,14:16:12,51.14,0.0,11,56254,бРел
1816,14:16:17,51.14,0.0,2,10228,бРел
1817,14:16:25,51.14,0.0,1,5114,бРел
1818,14:16:30,51.14,0.0,5,25570,бРел
1819,14:16:39,51.14,0.0,6,30679,бРел
1820,14:16:41,51.13,-0.00999999999999801,22,112486,бТел
1821,14:16:45,51.14,0.00999999999999801,2,10227,бРел
1822,14:16:57,51.13,-0.00999999999999801,5,25565,бТел
1823,14:17:01,51.14,0.00999999999999801,2,10228,бРел
1824,14:17:06,51.13,0.0,8,40905,бТел
1825,14:17:12,51.14,0.0,1,5114,бРел
1826,14:17:15,51.14,0.0,2,10228,бРел
1827,14:17:21,51.12,-0.020000000000003126,1,5112,бТел
1828,14:17:27,51.14,0.020000000000003126,2,10228,бРел
1829,14:17:33,51.14,0.0,4,20456,бРел
1830,14:17:39,51.13,-0.00999999999999801,1,5113,бРел
1831,14:17:45,51.12,-0.010000000000005116,1,5112,бТел
1832,14:18:02,51.12,0.0,22,112466,бТел
1833,14:18:06,51.13,0.010000000000005116,1,5113,бРел
1834,14:18:17,51.13,0.020000000000003126,2,10226,бРел
1835,14:18:21,51.13,0.0,2,10226,бРел
1836,14:18:33,51.13,0.0,1,5113,бРел
1837,14:18:36,51.13,0.0,5,25565,бРел
1838,14:18:41,51.12,-0.010000000000005116,11,56232,бТел
1839,14:18:45,51.12,0.0,1,5112,бТел
1840,14:19:05,51.13,0.0,3,15340,бТел
1841,14:19:15,51.14,0.0,10,51132,бРел
1842,14:19:21,51.12,-0.020000000000003126,14,71583,бТел
1843,14:19:29,51.14,0.020000000000003126,4,20454,бРел
1844,14:19:37,51.13,-0.00999999999999801,3,15339,бТел
1845,14:19:42,51.14,0.00999999999999801,1,5114,бРел
1846,14:19:45,51.13,-0.00999999999999801,1,5113,бТел
1847,14:20:06,51.12,-0.010000000000005116,13,66456,бТел
1848,14:20:11,51.1,-0.00999999999999801,14,71541,бТел
1849,14:20:15,51.08,-0.020000000000003126,31,158363,бТел
1850,14:20:21,51.03,-0.04999999999999716,18,91907,бТел
1851,14:20:27,51.01,-0.020000000000003126,15,76516,бТел
1852,14:20:33,51.02,0.0,2,10204,бРел
1853,14:20:35,51.02,0.0,1,5102,бРел
1854,14:20:41,51.01,0.0,6,30606,бРел
1855,14:20:45,51.01,0.0,7,35707,бРел
1856,14:20:51,51.0,-0.00999999999999801,12,61210,бТел
1857,14:20:57,51.02,0.020000000000003126,9,45913,бРел
1858,14:21:00,51.01,-0.010000000000005116,29,147910,бРел
1859,14:21:06,51.06,0.03999999999999915,21,107120,бРел
1860,14:21:12,51.01,-0.09000000000000341,16,81669,бТел
1861,14:21:15,51.0,-0.00999999999999801,301,1535112,бТел
1862,14:21:21,50.96,-0.13000000000000256,28,142833,бТел
1863,14:21:27,50.9,-0.060000000000002274,9,45859,бТел
1864,14:21:30,50.85,-0.04999999999999716,64,325692,бТел
1865,14:21:36,50.83,-0.12000000000000455,45,228891,бТел
1866,14:21:42,50.85,0.0,16,81360,бРел
1867,14:21:45,50.85,0.0,6,30511,бТел
1868,14:21:51,50.85,0.0,5,25428,бТел
1869,14:21:55,50.85,0.0,3,15255,бРел
1870,14:22:03,50.84,0.0,16,81344,бРел
1871,14:22:06,50.89,0.04999999999999716,77,391478,бРел
1872,14:22:11,51.07,0.11999999999999744,2,11235,бРел
1873,14:22:15,51.07,0.0,12,65370,бТел
1874,14:22:21,51.05,0.0,4,20420,бРел
1875,14:22:33,51.05,0.0,5,25525,бРел
1876,14:22:35,51.05,0.0,3,15315,бРел
1877,14:22:41,51.07,0.020000000000003126,4,20425,бРел
1878,14:22:45,51.02,-0.04999999999999716,4,20417,бТел
1879,14:22:51,51.02,0.0,1,5102,бТел
1880,14:22:59,51.05,0.02999999999999403,2,10210,бРел
1881,14:23:03,51.05,0.0,9,45921,бРел
1882,14:23:05,51.03,-0.01999999999999602,1,5103,бТел
1883,14:23:11,51.02,-0.00999999999999801,1,5102,бТел
1884,14:23:21,51.05,0.02999999999999403,7,35725,бРел
1885,14:23:27,51.01,-0.03999999999999915,4,20405,бТел
1886,14:23:33,51.05,0.03999999999999915,6,30630,бРел
1887,14:23:35,51.05,0.0,6,30627,бРел
1888,14:23:47,51.03,-0.00999999999999801,3,15311,бТел
1889,14:23:51,51.03,0.0,2,10206,бТел
1890,14:24:03,51.03,-0.00999999999999801,1,5103,бТел
1891,14:24:09,51.03,0.0,4,20412,бТел
1892,14:24:11,51.04,0.00999999999999801,3,15310,бРел
1893,14:24:15,51.03,-0.00999999999999801,1,5103,жпптел
1894,14:24:25,51.01,-0.020000000000003126,6,30606,бТел
1895,14:24:30,51.03,0.0,12,61236,бРел
1896,14:24:36,51.04,0.00999999999999801,4,20413,бРел
1897,14:24:42,51.04,0.030000000000001137,2,10208,бРел
1898,14:24:45,51.0,-0.03999999999999915,20,102012,бТел
1899,14:24:51,51.04,0.03999999999999915,8,40829,бРел
1900,14:24:55,51.01,-0.030000000000001137,12,61212,бТел
1901,14:25:09,51.01,0.0,2,10202,бРел
1902,14:25:11,51.01,0.0,1,5101,бРел
1903,14:25:15,51.01,0.0,63,321305,бРел
1904,14:25:21,51.02,0.010000000000005116,3,15305,бРел
1905,14:25:27,51.02,0.010000000000005116,4,20408,бРел
1906,14:25:42,51.04,0.01999999999999602,1,5104,бРел
1907,14:25:45,51.04,0.0,1,5104,бРел
1908,14:25:51,51.04,0.00999999999999801,2,10207,бРел
1909,14:25:57,51.0,0.0,5,25500,бРел
1910,14:26:00,51.0,0.0,2,10200,бРел
1911,14:26:05,51.0,0.0,13,66300,бРел
1912,14:26:11,51.0,0.0,8,40800,бРел
1913,14:26:26,51.0,0.0,1,5100,бРел
1914,14:26:33,51.0,0.0,14,71400,бРел
1915,14:26:36,51.0,0.0,4,20400,бРел
1916,14:26:41,51.02,0.020000000000003126,3,15305,бРел
1917,14:26:45,51.02,0.0,3,15306,бРел
1918,14:26:51,51.04,0.0,2,10208,бРел
1919,14:27:00,51.04,0.0,2,10208,жпптел
1920,14:27:07,51.02,0.0,1,5102,бРел
1921,14:27:15,51.02,0.0,3,15305,бРел
1922,14:27:21,51.02,0.0,2,10204,бРел
1923,14:27:29,51.01,-0.010000000000005116,1,5101,бТел
1924,14:27:35,51.01,0.0,23,117333,бТел
1925,14:27:41,51.02,0.0,1,5102,бРел
1926,14:27:47,51.02,0.0,1,5102,бРел
1927,14:27:51,51.01,-0.010000000000005116,2,10203,бТел
1928,14:27:57,51.02,0.0,6,30610,бТел
1929,14:28:05,51.02,0.0,13,66326,бРел
1930,14:28:13,51.03,0.00999999999999801,1,5103,жпптел
1931,14:28:15,51.03,0.0,2,10206,бРел
1932,14:28:27,51.03,0.0,2,10206,бРел
1933,14:28:33,51.04,0.00999999999999801,2,10208,бРел
1934,14:28:36,51.02,-0.01999999999999602,11,56137,бТел
1935,14:28:45,51.1,0.0799999999999983,1,5110,бРел
1936,14:28:51,51.04,-0.060000000000002274,1,5104,бТел
1937,14:29:00,51.1,0.0,2,10220,бРел
1938,14:29:15,51.04,0.01999999999999602,2,10208,бТел
1939,14:29:27,51.04,0.0,3,15312,бТел
1940,14:29:33,51.08,0.03999999999999915,6,30648,жпптел
1941,14:29:38,51.08,0.0,1,5108,бРел
1942,14:29:41,51.09,0.010000000000005116,22,112395,бРел
1943,14:29:45,51.04,-0.05000000000000426,36,183754,бТел
1944,14:29:51,51.04,0.0,7,35728,бРел
1945,14:29:57,51.03,-0.00999999999999801,1,5103,бТел
1946,14:30:03,51.09,0.060000000000002274,2,10218,бРел
1947,14:30:09,51.09,0.0,3,15327,бРел
1948,14:30:11,51.09,0.0,2,10218,бРел
1949,14:30:21,51.09,0.0,1,5109,бРел
1950,14:30:25,51.02,-0.07000000000000028,17,86764,бТел
1951,14:30:33,51.09,0.07000000000000028,4,20434,бРел
1952,14:30:47,51.09,0.0,1,5109,бРел
1953,14:30:57,51.09,0.0,2,10218,бРел
1954,14:31:06,51.09,0.0,2,10218,бРел
1955,14:31:17,51.07,-0.020000000000003126,1,5107,бРел
1956,14:31:21,51.05,-0.020000000000003126,3,15315,бТел
1957,14:31:33,51.02,-0.02999999999999403,6,30618,бТел
1958,14:31:37,51.09,0.07000000000000028,5,25545,бРел
1959,14:31:45,51.06,-0.030000000000001137,1,5106,бРел
1960,14:31:53,51.06,0.0,4,20424,бРел
1961,14:32:18,51.07,0.00999999999999801,1,5107,бРел
1962,14:32:21,51.08,0.00999999999999801,10,51078,бРел
1963,14:32:25,51.07,-0.00999999999999801,3,15319,жпптел
1964,14:32:35,51.08,0.00999999999999801,14,71512,бРел
1965,14:32:41,51.13,0.030000000000001137,2,10226,бРел
1966,14:32:45,51.13,0.0,2,10226,бРел
1967,14:32:51,51.13,0.0,2,10226,бРел
1968,14:32:57,51.13,0.0,1,5113,бРел
1969,14:33:03,51.19,0.04999999999999716,2,10238,бРел
1970,14:33:17,51.16,-0.030000000000001137,7,35812,бТел
1971,14:33:21,51.18,0.020000000000003126,1,5118,бРел
1972,14:33:27,51.19,0.00999999999999801,7,35828,бРел
1973,14:33:33,51.19,0.0,18,92142,бРел
1974,14:33:37,51.18,-0.00999999999999801,8,40950,бТел
1975,14:33:41,51.18,0.0,2,10237,бТел
1976,14:33:45,51.19,0.00999999999999801,1,5119,бРел
1977,14:33:51,51.19,0.0,3,15357,бРел
1978,14:33:55,51.19,0.0,26,133094,бРел
1979,14:34:03,51.2,0.0,19,97280,бРел
1980,14:34:07,51.2,0.0,4,20479,бРел
1981,14:34:15,51.2,0.0,4,20480,жпптел
1982,14:34:24,51.2,0.0,12,61440,бТел
1983,14:34:27,51.21,0.00999999999999801,1,5121,бРел
1984,14:34:39,51.21,0.0,5,25605,бРел
1985,14:34:41,51.21,0.0,1,5121,бРел
1986,14:34:47,51.21,0.0,7,35847,бРел
1987,14:34:53,51.21,0.0,4,20484,бРел
1988,14:35:03,51.21,0.0,2,10242,бРел
1989,14:35:06,51.21,0.0,1,5121,бРел
1990,14:35:11,51.19,-0.010000000000005116,16,81904,бТел
1991,14:35:15,51.18,-0.00999999999999801,40,204720,бТел
1992,14:35:21,51.16,-0.010000000000005116,5,25580,бТел
1993,14:35:27,51.1,0.0,16,81785,бТел
1994,14:35:30,51.1,0.0,3,15330,бТел
1995,14:35:35,51.1,-0.01999999999999602,4,20440,бРел
1996,14:35:41,51.08,-0.010000000000005116,7,35767,бТел
1997,14:35:45,51.08,0.0,4,20432,бТел
1998,14:35:51,51.08,0.0,8,40859,бРел
1999,14:35:57,51.08,0.01999999999999602,4,20433,бТел
2000,14:36:05,51.09,0.010000000000005116,10,51087,бРел
2001,14:36:11,51.12,0.02999999999999403,7,35781,бРел
2002,14:36:17,51.08,-0.03999999999999915,41,209429,бТел
2003,14:36:25,51.06,-0.01999999999999602,6,30642,бТел
2004,14:36:33,51.06,0.0,1,5106,бРел
2005,14:36:35,51.06,0.0,5,25530,бРел
2006,14:36:41,51.07,0.0,16,81712,бТел
2007,14:36:47,51.09,0.020000000000003126,1,5109,бТел
2008,14:36:51,51.12,0.02999999999999403,3,15330,бРел
2009,14:36:55,51.09,-0.02999999999999403,4,20436,бТел
2010,14:37:03,51.12,0.0,1,5112,бРел
2011,14:37:05,51.1,-0.01999999999999602,6,30662,бТел
2012,14:37:11,51.12,0.0,5,25551,бРел
2013,14:37:15,51.09,-0.02999999999999403,2,10218,бТел
2014,14:37:21,51.08,-0.010000000000005116,6,30654,бТел
2015,14:37:25,51.08,0.0,5,25540,бТел
2016,14:37:31,51.07,0.0,1,5107,бТел
2017,14:37:35,51.08,0.00999999999999801,10,51083,бРел
2018,14:37:41,51.09,0.010000000000005116,2,10219,жпптел
2019,14:37:45,51.09,0.0,4,20436,бТел
2020,14:37:51,51.1,0.00999999999999801,1,5110,бРел
2021,14:37:57,51.1,0.0,14,71527,бРел
2022,14:38:00,51.09,-0.00999999999999801,5,25548,бТел
2023,14:38:07,51.09,0.0,3,15327,бТел
2024,14:38:13,51.1,0.00999999999999801,1,5110,бРел
2025,14:38:15,51.1,0.0,2,10220,бРел
2026,14:38:29,51.09,0.0,5,25545,бТел
2027,14:38:33,51.09,0.0,5,25545,бТел
2028,14:38:37,51.1,0.00999999999999801,5,25550,бРел
2029,14:38:41,51.08,0.0,1,5108,бРел
2030,14:38:47,51.08,0.0,8,40864,бРел
2031,14:38:53,51.08,0.0,2,10216,бРел
2032,14:38:57,51.08,0.0,6,30648,бРел
2033,14:39:01,51.08,0.0,1,5108,бРел
2034,14:39:07,51.08,0.0,1,5108,бРел
2035,14:39:17,51.08,0.0,7,35756,бРел
2036,14:39:21,51.08,0.0,10,51078,бРел
2037,14:39:25,51.08,0.0,3,15324,бТел
2038,14:39:37,51.08,0.0,4,20432,бРел
2039,14:39:45,51.08,0.0,6,30643,бРел
2040,14:39:51,51.07,-0.00999999999999801,5,25536,бТел
2041,14:39:57,51.08,0.00999999999999801,3,15324,бРел
2042,14:40:03,51.08,0.0,2,10215,бРел
2043,14:40:05,51.08,0.0,1,5108,бРел
2044,14:40:13,51.06,-0.00999999999999801,5,25530,бТел
2045,14:40:15,51.06,0.0,14,71476,бРел
2046,14:40:21,51.03,-0.00999999999999801,5,25515,бТел
2047,14:40:26,51.04,0.00999999999999801,8,40821,бРел
2048,14:40:33,51.0,0.0,10,51000,бТел
2049,14:40:35,51.04,0.03999999999999915,6,30613,бРел
2050,14:40:47,51.0,-0.03999999999999915,20,102001,бТел
2051,14:40:51,51.0,0.0,11,56109,бТел
2052,14:40:57,50.98,-0.020000000000003126,20,101964,бТел
2053,14:41:03,50.98,-0.010000000000005116,4,20396,бТел
2054,14:41:05,50.99,0.010000000000005116,3,15297,жпптел
2055,14:41:11,50.96,-0.01999999999999602,12,61158,бТел
2056,14:41:15,50.96,0.0,2,10192,бРел
2057,14:41:21,50.96,-0.03999999999999915,7,35684,бТел
2058,14:41:27,50.98,0.01999999999999602,2,10196,бРел
2059,14:41:33,50.97,-0.00999999999999801,41,208678,бТел
2060,14:41:37,50.97,0.0,5,25485,бТел
2061,14:41:45,50.98,0.03999999999999915,2,10195,бРел
2062,14:41:51,50.97,-0.00999999999999801,13,66236,бРел
2063,14:41:57,50.92,-0.04999999999999716,3,15280,бТел
2064,14:42:05,50.96,0.0,6,30556,бРел
2065,14:42:11,50.94,-0.020000000000003126,4,20376,бТел
2066,14:42:15,50.94,0.0,7,35664,бТел
2067,14:42:21,50.95,0.010000000000005116,1,5095,бРел
2068,14:42:25,50.93,-0.020000000000003126,3,15280,бТел
2069,14:42:33,50.95,0.010000000000005116,5,25474,бРел
2070,14:42:35,50.94,-0.010000000000005116,1,5094,бРел
2071,14:42:41,50.95,0.0,4,20378,бРел
2072,14:42:47,50.94,-0.010000000000005116,2,10188,бТел
2073,14:42:53,50.94,0.0,3,15282,бТел
2074,14:43:01,50.94,0.0,2,10189,бТел
2075,14:43:05,50.94,0.0,4,20376,бТел
2076,14:43:12,50.94,0.0,1,5094,бТел
2077,14:43:15,50.95,0.010000000000005116,8,40748,бРел
2078,14:43:21,50.93,0.0,5,25465,бТел
2079,14:43:30,50.93,0.0,1,5093,бРел
2080,14:43:35,50.92,0.0,2,10184,бТел
2081,14:43:47,50.92,0.0,4,20368,бТел
2082,14:43:51,50.91,-0.010000000000005116,5,25456,бТел
2083,14:43:55,50.91,0.0,3,15273,бТел
2084,14:44:05,50.91,0.0,2,10182,бРел
2085,14:44:17,50.91,0.0,32,162912,бРел
2086,14:44:21,50.9,-0.00999999999999801,4,20360,бТел
2087,14:44:33,50.9,-0.00999999999999801,4,20361,бТел
2088,14:44:35,50.91,0.00999999999999801,4,20364,бРел
2089,14:44:41,50.9,-0.00999999999999801,2,10180,бТел
2090,14:44:45,50.91,0.00999999999999801,12,61083,бРел
2091,14:44:51,50.91,0.00999999999999801,1,5091,бРел
2092,14:44:56,50.9,-0.00999999999999801,2,10180,бТел
2093,14:45:00,50.91,0.00999999999999801,1,5091,бРел
2094,14:45:05,50.9,0.0,7,35629,бТел
2095,14:45:21,50.9,0.00999999999999801,6,30540,бТел
2096,14:45:29,50.89,-0.00999999999999801,7,35624,бТел
2097,14:45:36,50.88,-0.00999999999999801,16,81408,бТел
2098,14:45:41,50.87,0.00999999999999801,3,15261,жпптел
2099,14:45:45,50.85,-0.01999999999999602,5,25425,бТел
2100,14:45:53,50.84,-0.00999999999999801,1,5084,бТел
2101,14:45:57,50.85,0.00999999999999801,20,101700,бРел
2102,14:46:03,50.84,0.04000000000000625,1,5084,бРел
2103,14:46:09,50.84,0.0,4,20336,бРел
2104,14:46:11,50.84,0.0,5,25418,бРел
2105,14:46:15,50.84,0.0,6,30500,бРел
2106,14:46:23,50.84,0.04000000000000625,3,15252,бРел
2107,14:46:27,50.84,0.0,1,5084,бРел
2108,14:46:33,50.83,-0.010000000000005116,4,20335,жпптел
2109,14:46:36,50.84,0.010000000000005116,6,30504,бРел
2110,14:46:41,50.85,0.00999999999999801,2,10170,бРел
2111,14:46:47,50.85,0.0,5,25429,бТел
2112,14:46:54,50.86,0.00999999999999801,1,5086,бТел
2113,14:46:57,50.86,0.0,1,5086,бТел
2114,14:47:03,50.87,0.00999999999999801,12,61044,бРел
2115,14:47:05,50.87,0.0,17,86474,бРел
2116,14:47:11,50.87,0.0,36,183132,бРел
2117,14:47:15,50.88,0.010000000000005116,3,15262,бРел
2118,14:47:21,50.89,0.030000000000001137,7,35623,жпптел
2119,14:47:27,50.9,0.00999999999999801,8,40720,бРел
2120,14:47:33,50.9,0.0,1,5090,бРел
2121,14:47:36,50.89,-0.00999999999999801,5,25448,бТел
2122,14:47:47,50.9,0.0,4,20360,бРел
2123,14:47:51,50.9,0.0,1,5090,бРел
2124,14:47:57,50.89,-0.00999999999999801,4,20356,бТел
2125,14:48:03,50.89,0.0,10,50890,бТел
2126,14:48:06,50.9,0.00999999999999801,7,35630,бРел
2127,14:48:11,50.9,0.0,4,20360,бРел
2128,14:48:15,50.9,0.0,2,10180,бРел
2129,14:48:21,50.89,-0.00999999999999801,7,35629,бТел
2130,14:48:27,50.87,-0.020000000000003126,5,25438,бТел
2131,14:48:33,50.89,0.0,8,40712,бРел
2132,14:48:35,50.89,0.0,2,10178,бРел
2133,14:48:41,50.87,-0.020000000000003126,1,5087,бТел
2134,14:48:47,50.86,-0.00999999999999801,6,30521,бТел
2135,14:48:53,50.89,0.030000000000001137,2,10178,бРел
2136,14:49:01,50.86,-0.030000000000001137,8,40691,бТел
2137,14:49:09,50.87,0.00999999999999801,12,61042,жпптел
2138,14:49:15,50.87,0.0,2,10173,бРел
2139,14:49:33,50.87,0.0,6,30522,бРел
2140,14:49:36,50.86,-0.00999999999999801,3,15258,бТел
2141,14:49:41,50.87,0.00999999999999801,1,5087,бРел
2142,14:49:45,50.86,-0.00999999999999801,1,5086,бТел
2143,14:49:57,50.87,0.00999999999999801,1,5087,бРел
2144,14:50:06,50.87,0.00999999999999801,2,10174,бРел
2145,14:50:13,50.87,0.0,17,86464,бРел
2146,14:50:15,50.87,0.0,11,55957,бРел
2147,14:50:21,50.86,-0.00999999999999801,1,5086,бТел
2148,14:50:27,50.86,0.0,11,55946,бТел
2149,14:50:33,50.86,0.0,3,15258,бТел
2150,14:50:35,50.86,0.0,19,96634,бРел
2151,14:50:45,50.86,0.0,7,35602,бТел
2152,14:50:51,50.87,0.0,3,15261,бРел
2153,14:50:55,50.86,-0.00999999999999801,23,116978,бТел
2154,14:51:00,50.85,-0.00999999999999801,10,50850,бТел
2155,14:51:06,50.87,0.0,15,76291,бРел
2156,14:51:12,50.85,-0.00999999999999801,9,45765,бТел
2157,14:51:15,50.86,0.00999999999999801,5,25430,бРел
2158,14:51:23,50.86,0.0,9,45774,бРел
2159,14:51:27,50.86,0.0,26,132236,бРел
2160,14:51:36,50.86,0.0,3,15258,бРел
2161,14:51:51,50.86,0.0,26,132236,бРел
2162,14:51:57,50.85,-0.00999999999999801,5,25425,бТел
2163,14:52:03,50.86,0.00999999999999801,33,167813,бРел
2164,14:52:09,50.86,0.0,2,10172,бРел
2165,14:52:11,50.86,0.0,1,5086,бРел
2166,14:52:15,50.86,0.0,25,127148,бРел
2167,14:52:21,50.87,0.00999999999999801,6,30512,бРел
2168,14:52:27,50.87,0.0,1,5087,бРел
2169,14:52:33,50.88,0.010000000000005116,62,315438,бРел
2170,14:52:35,50.88,0.0,2,10176,бТел
2171,14:52:45,50.9,0.0,28,147152,бРел
2172,14:52:51,50.92,0.0,1,5092,бРел
2173,14:52:59,50.93,0.020000000000003126,1,5093,жпптел
2174,14:53:03,50.95,0.020000000000003126,8,40754,бРел
2175,14:53:06,50.96,0.00999999999999801,1,5096,бРел
2176,14:53:11,50.96,-0.00999999999999801,14,71344,бТел
2177,14:53:17,50.96,0.0,2,10192,бТел
2178,14:53:21,50.98,0.01999999999999602,10,50980,бРел
2179,14:53:27,50.98,0.00999999999999801,12,61175,бРел
2180,14:53:30,50.98,0.0,3,15294,бРел
2181,14:53:37,50.97,-0.00999999999999801,16,81552,бТел
2182,14:53:41,50.98,0.0,1,5098,бРел
2183,14:53:45,50.98,0.0,4,20389,бРел
2184,14:53:51,50.98,0.00999999999999801,34,173324,бРел
2185,14:53:57,50.98,0.0,11,56063,бРел
2186,14:54:03,50.95,-0.02999999999999403,48,244586,бТел
2187,14:54:05,50.98,0.02999999999999403,10,50980,бРел
2188,14:54:11,51.0,0.020000000000003126,13,66289,бРел
2189,14:54:15,51.0,0.0,11,56100,бРел
2190,14:54:24,50.96,-0.03999999999999915,11,56056,бТел
2191,14:54:27,50.96,0.0,7,35672,бРел
2192,14:54:35,50.99,-0.00999999999999801,3,15297,жпптел
2193,14:54:41,50.96,-0.030000000000001137,17,86656,бТел
2194,14:54:53,50.99,0.030000000000001137,7,35693,бРел
2195,14:54:57,50.99,0.0,1,5099,бРел
2196,14:55:03,50.99,0.030000000000001137,3,15297,бРел
2197,14:55:05,50.97,-0.020000000000003126,2,10194,бТел
2198,14:55:13,51.0,0.030000000000001137,8,40794,бРел
2199,14:55:15,51.0,0.0,7,35700,бРел
2200,14:55:23,51.0,0.0,14,71394,бРел
2201,14:55:29,51.0,0.0,10,51000,бРел
2202,14:55:32,51.0,0.0,5,25499,бРел
2203,14:55:35,51.0,0.0,25,127500,бРел
2204,14:55:41,51.0,0.0,4,20400,бРел
2205,14:55:47,51.0,0.0,5,25499,бРел
2206,14:55:51,50.99,-0.00999999999999801,6,30594,бТел
2207,14:55:57,50.98,-0.020000000000003126,12,61184,бТел
2208,14:56:03,51.0,0.0,8,40800,бРел
2209,14:56:05,51.0,0.0,50,254994,бРел
2210,14:56:11,51.0,0.0,156,795600,бРел
2211,14:56:15,51.01,0.00999999999999801,11,56308,бРел
2212,14:56:21,51.06,0.03999999999999915,6,30616,бРел
2213,14:56:25,51.06,0.0,10,51060,бТел
2214,14:56:33,51.09,0.0,3,15327,бРел
2215,14:56:36,51.09,0.0,13,66411,бРел
2216,14:56:42,51.1,0.00999999999999801,6,30657,бРел
2217,14:56:45,51.1,0.0,5,25550,бРел
2218,14:56:51,51.14,0.020000000000003126,12,61335,бРел
2219,14:56:57,51.2,0.04000000000000625,12,61434,бРел
2220,14:57:05,51.23,-0.010000000000005116,3,15371,бТел
2221,15:00:07,51.05,-0.17999999999999972,396,2025817,бРел
