,Ёи╫╩й╠╪Д,Ёи╫╩╪ш,╪ш╦Я╠Д╤╞,Ёи╫╩а©ё╗йжё╘,Ёи╫╩╤Нё╗т╙ё╘,птжй
0,09:25:05,10.65,0.030000000000001137,50,53250,бРел
1,09:30:05,10.64,-0.009999999999999787,25,26611,бТел
2,09:30:10,10.64,0.0,18,19169,бТел
3,09:30:13,10.65,0.009999999999999787,30,31950,бРел
4,09:30:19,10.66,0.009999999999999787,11,11726,бРел
5,09:30:23,10.66,0.0,46,49006,бРел
6,09:30:37,10.67,0.009999999999999787,2,2133,бРел
7,09:30:40,10.66,-0.009999999999999787,1,1066,бРел
8,09:30:58,10.68,0.019999999999999574,1,1068,бРел
9,09:31:31,10.68,0.0,99,105732,бРел
10,09:31:35,10.66,-0.019999999999999574,40,42718,бТел
11,09:31:49,10.69,0.02999999999999936,2,2138,бРел
12,09:31:58,10.66,-0.02999999999999936,16,17163,бТел
13,09:32:19,10.67,0.009999999999999787,10,10670,бТел
14,09:32:23,10.66,-0.009999999999999787,4,4264,бТел
15,09:32:28,10.66,-0.009999999999999787,11,11726,бТел
16,09:32:43,10.67,0.009999999999999787,61,65049,бРел
17,09:32:49,10.67,0.0,48,51202,бРел
18,09:32:58,10.66,0.0,12,12792,бРел
19,09:33:05,10.66,0.0,2,2132,бТел
20,09:33:10,10.66,0.0,10,10660,бТел
21,09:33:22,10.66,0.0,3,3198,бТел
22,09:33:25,10.66,0.0,21,22386,бТел
23,09:33:28,10.66,0.0,2,2132,бРел
24,09:33:49,10.66,0.0,20,21320,бРел
25,09:33:55,10.67,0.009999999999999787,1,1067,бРел
26,09:33:58,10.66,-0.009999999999999787,5,5330,бТел
27,09:34:13,10.66,0.0,11,11726,бТел
28,09:34:31,10.66,0.0,1,1066,бРел
29,09:34:40,10.65,-0.009999999999999787,1,1065,бТел
30,09:34:43,10.66,0.009999999999999787,10,10660,бРел
31,09:35:13,10.65,-0.009999999999999787,46,48990,бТел
32,09:35:25,10.66,0.0,2,2132,бРел
33,09:35:28,10.65,-0.009999999999999787,13,13845,бТел
34,09:35:40,10.66,0.009999999999999787,9,9594,бРел
35,09:35:43,10.65,-0.009999999999999787,1,1065,бТел
36,09:35:49,10.65,0.0,24,25560,бТел
37,09:35:55,10.65,0.0,98,104370,бТел
38,09:35:58,10.65,0.0,14,14910,бТел
39,09:36:05,10.64,-0.009999999999999787,40,42560,бТел
40,09:36:10,10.64,0.0,1,1064,бТел
41,09:36:22,10.63,-0.009999999999999787,1,1063,бТел
42,09:36:25,10.63,0.0,2,2126,бТел
43,09:36:28,10.64,0.009999999999999787,5,5320,бРел
44,09:36:33,10.64,0.0,4,4256,бРел
45,09:36:39,10.64,0.0,1,1064,бТел
46,09:36:46,10.64,0.0,4,4257,бТел
47,09:36:49,10.63,-0.009999999999999787,11,11693,бТел
48,09:37:05,10.63,0.0,16,17008,бТел
49,09:37:09,10.63,0.0,2,2126,бРел
50,09:37:13,10.63,0.0,5,5315,бТел
51,09:37:19,10.64,0.009999999999999787,2,2128,бРел
52,09:37:40,10.63,-0.009999999999999787,30,31890,бТел
53,09:37:43,10.63,0.0,23,24449,бТел
54,09:37:49,10.64,0.0,14,14890,бРел
55,09:38:07,10.63,-0.009999999999999787,10,10630,бТел
56,09:38:17,10.63,0.0,5,5315,бРел
57,09:38:28,10.63,0.0,1,1063,бРел
58,09:38:40,10.65,0.019999999999999574,129,137293,бРел
59,09:38:49,10.62,-0.030000000000001137,21,22302,бТел
60,09:39:01,10.63,0.010000000000001563,1,1063,бТел
61,09:39:05,10.62,-0.010000000000001563,1,1062,бТел
62,09:39:13,10.62,0.0,92,97709,бТел
63,09:39:25,10.65,0.019999999999999574,2,2128,бРел
64,09:39:45,10.63,-0.019999999999999574,1,1063,бТел
65,09:39:58,10.64,0.009999999999999787,50,53200,бТел
66,09:40:05,10.64,0.0,13,13832,бТел
67,09:40:13,10.64,0.0,10,10640,бТел
68,09:40:19,10.64,0.0,8,8512,бТел
69,09:40:28,10.62,-0.02000000000000135,104,110551,бТел
70,09:40:33,10.62,0.0,3,3187,бТел
71,09:40:40,10.62,0.0,10,10620,бТел
72,09:40:53,10.62,0.0,1,1062,бТел
73,09:41:13,10.62,0.0,17,18054,бТел
74,09:41:19,10.62,0.0,12,12744,бРел
75,09:41:23,10.62,0.0,37,39294,бРел
76,09:41:31,10.63,0.0,70,74410,бРел
77,09:41:35,10.63,0.0,8,8504,бРел
78,09:41:43,10.64,0.0,237,252328,бТел
79,09:41:49,10.66,0.0,13,13858,бРел
80,09:41:53,10.66,0.0,10,10660,бРел
81,09:42:01,10.66,0.009999999999999787,17,18122,бРел
82,09:42:05,10.66,0.0,14,14924,бРел
83,09:42:10,10.66,0.0,1,1066,бТел
84,09:42:13,10.68,0.019999999999999574,43,45919,бРел
85,09:42:25,10.67,-0.009999999999999787,3,3201,бТел
86,09:42:28,10.67,0.0,5,5331,бРел
87,09:42:37,10.66,-0.009999999999999787,7,7462,бТел
88,09:42:45,10.66,0.0,5,5330,бРел
89,09:42:49,10.66,0.0,28,29848,бРел
90,09:43:13,10.66,0.0,18,19188,бТел
91,09:43:23,10.67,0.0,10,10670,бРел
92,09:43:28,10.67,0.0,93,99231,бРел
93,09:43:37,10.66,0.0,1,1066,бТел
94,09:43:58,10.67,0.009999999999999787,5,5335,бРел
95,09:44:13,10.68,0.009999999999999787,186,198553,бРел
96,09:44:27,10.68,0.0,15,16020,бРел
97,09:44:31,10.69,0.009999999999999787,1,1069,бРел
98,09:44:55,10.68,-0.009999999999999787,20,21360,бТел
99,09:45:05,10.69,0.009999999999999787,24,25656,бРел
100,09:45:10,10.69,0.0,5,5345,бРел
101,09:45:13,10.69,0.0,2,2138,бРел
102,09:45:31,10.69,0.0,1,1069,бРел
103,09:45:33,10.69,0.0,1,1069,бРел
104,09:45:43,10.69,0.0,118,126142,бРел
105,09:45:49,10.7,0.009999999999999787,60,64195,бРел
106,09:46:01,10.68,-0.019999999999999574,89,95109,бТел
107,09:46:13,10.7,0.019999999999999574,39,41730,бРел
108,09:46:21,10.7,0.0,20,21400,бТел
109,09:46:31,10.72,0.02000000000000135,144,154328,бРел
110,09:46:33,10.72,0.0,71,76112,бТел
111,09:46:49,10.7,-0.02000000000000135,31,33170,бТел
112,09:46:53,10.72,0.02000000000000135,62,66464,бРел
113,09:47:07,10.71,-0.009999999999999787,4,4284,бТел
114,09:47:10,10.71,0.0,7,7497,бРел
115,09:47:13,10.71,0.0,3,3213,бТел
116,09:47:21,10.71,0.0,2,2142,бРел
117,09:47:28,10.71,0.0,30,32130,бТел
118,09:47:35,10.71,0.0,42,44981,бТел
119,09:47:45,10.7,0.0,20,21400,бТел
120,09:47:49,10.7,0.0,38,40660,бТел
121,09:48:03,10.7,0.0,10,10700,бТел
122,09:48:17,10.69,-0.009999999999999787,5,5345,бРел
123,09:48:19,10.69,0.0,2,2138,бТел
124,09:48:23,10.69,0.0,218,233242,бТел
125,09:48:39,10.69,0.0,1,1069,бРел
126,09:48:43,10.7,0.009999999999999787,279,298456,бРел
127,09:48:51,10.68,-0.019999999999999574,3,3204,бТел
128,09:49:07,10.68,0.0,16,17088,бТел
129,09:49:23,10.69,0.009999999999999787,4,4276,бРел
130,09:49:31,10.69,0.0,56,59864,бРел
131,09:49:35,10.7,0.009999999999999787,1,1070,бРел
132,09:49:40,10.69,-0.009999999999999787,3,3207,бТел
133,09:49:43,10.69,0.0,1,1069,бТел
134,09:49:55,10.7,0.009999999999999787,285,304950,бРел
135,09:50:03,10.7,0.0,37,39590,бРел
136,09:50:10,10.71,0.010000000000001563,1072,1148111,бРел
137,09:50:13,10.71,0.0,460,492660,бРел
138,09:50:19,10.73,0.009999999999999787,36,38628,бРел
139,09:50:25,10.73,0.009999999999999787,30,32170,бРел
140,09:50:31,10.73,0.0,1,1073,бРел
141,09:50:35,10.73,0.0,80,85840,бРел
142,09:50:39,10.74,0.009999999999999787,4,4296,бРел
143,09:50:43,10.74,0.0,20,21470,бРел
144,09:50:49,10.74,0.0,4,4296,бРел
145,09:50:55,10.73,0.0,31,33263,бТел
146,09:50:58,10.73,0.0,143,153469,бТел
147,09:51:05,10.73,0.0,29,31117,бРел
148,09:51:09,10.73,0.009999999999999787,30,32186,бРел
149,09:51:13,10.72,-0.009999999999999787,1,1072,бРел
150,09:51:31,10.72,0.0,3,3218,жпптел
151,09:51:33,10.72,0.0,2,2144,бРел
152,09:51:39,10.72,0.0,3,3216,бРел
153,09:51:43,10.71,-0.009999999999999787,4,4284,бТел
154,09:51:51,10.72,0.0,2,2144,бРел
155,09:51:55,10.72,0.0,37,39664,бРел
156,09:52:01,10.72,0.0,30,32160,бТел
157,09:52:09,10.72,0.0,1,1072,бРел
158,09:52:17,10.71,-0.009999999999999787,25,26775,бТел
159,09:52:21,10.71,0.0,85,91035,бТел
160,09:52:31,10.71,0.0,84,89964,бТел
161,09:52:33,10.72,0.009999999999999787,1,1072,бРел
162,09:52:39,10.71,-0.009999999999999787,25,26775,бТел
163,09:52:43,10.71,0.0,32,34272,бТел
164,09:52:57,10.71,0.0,20,21420,бРел
165,09:53:01,10.71,0.0,16,17136,бРел
166,09:53:03,10.7,-0.010000000000001563,3,3210,бТел
167,09:53:09,10.71,0.010000000000001563,20,21420,бРел
168,09:53:15,10.7,-0.010000000000001563,68,72760,бТел
169,09:53:33,10.71,0.010000000000001563,1,1071,бРел
170,09:53:51,10.69,-0.02000000000000135,4,4280,бТел
171,09:54:27,10.71,0.02000000000000135,75,80325,бРел
172,09:54:31,10.71,0.0,6,6426,бТел
173,09:54:37,10.71,0.0,60,64260,бТел
174,09:54:55,10.71,0.0,38,40698,бРел
175,09:55:01,10.71,0.0,22,23562,бРел
176,09:55:09,10.71,0.0,247,264537,бРел
177,09:55:25,10.72,0.009999999999999787,103,110416,бРел
178,09:55:33,10.73,0.009999999999999787,1,1073,бРел
179,09:55:45,10.73,0.0,99,106227,бРел
180,09:55:49,10.71,-0.019999999999999574,277,296774,бТел
181,09:55:53,10.73,0.019999999999999574,22,23606,бТел
182,09:56:01,10.71,-0.019999999999999574,36,38624,бТел
183,09:56:03,10.71,0.0,159,170289,бРел
184,09:56:13,10.73,0.019999999999999574,1,1073,бРел
185,09:56:31,10.73,0.0,19,20387,бРел
186,09:56:33,10.73,0.0,1,1073,бРел
187,09:56:39,10.73,0.0,74,79402,бРел
188,09:56:45,10.74,0.009999999999999787,1,1074,бРел
189,09:56:48,10.73,-0.009999999999999787,20,21460,бТел
190,09:57:01,10.72,-0.009999999999999787,2,2145,бТел
191,09:57:03,10.74,0.019999999999999574,29,31146,бРел
192,09:57:28,10.73,-0.009999999999999787,51,54773,жпптел
193,09:57:33,10.74,0.009999999999999787,71,76254,бРел
194,09:57:39,10.74,0.0,4,4296,бРел
195,09:57:43,10.74,0.0,40,42960,бРел
196,09:57:49,10.75,0.009999999999999787,210,225750,бРел
197,09:58:01,10.76,0.009999999999999787,328,352928,бРел
198,09:58:03,10.76,0.0,5,5380,бТел
199,09:58:15,10.78,0.0,30,32340,бТел
200,09:58:22,10.79,0.009999999999999787,37,39913,бРел
201,09:58:25,10.79,0.0,28,30212,бРел
202,09:58:31,10.78,-0.009999999999999787,10,10780,бТел
203,09:58:33,10.79,0.009999999999999787,1,1079,бРел
204,09:58:39,10.79,0.0,14,15101,бРел
205,09:58:43,10.79,0.0,53,57187,бРел
206,09:58:53,10.79,0.0,5,5394,бРел
207,09:59:01,10.79,0.009999999999999787,13,14027,бРел
208,09:59:03,10.78,-0.009999999999999787,6,6468,бТел
209,09:59:09,10.78,0.0,28,30184,бРел
210,09:59:15,10.78,0.0,198,213444,бРел
211,09:59:19,10.79,0.009999999999999787,39,42071,бРел
212,09:59:25,10.78,0.0,24,25872,бТел
213,09:59:31,10.78,0.0,27,29109,бТел
214,09:59:33,10.78,0.0,11,11859,бТел
215,09:59:39,10.78,0.0,12,12936,бТел
216,09:59:45,10.78,0.0,26,28028,бТел
217,09:59:49,10.78,0.0,3,3234,бРел
218,09:59:57,10.77,-0.009999999999999787,14,15078,бТел
219,10:00:03,10.77,0.0,17,18309,бРел
220,10:00:22,10.76,-0.009999999999999787,100,107662,бТел
221,10:00:27,10.77,0.009999999999999787,102,109940,бРел
222,10:00:31,10.77,0.0,10,10770,бТел
223,10:00:37,10.77,0.0,4,4308,бТел
224,10:00:43,10.78,0.009999999999999787,63,67914,бРел
225,10:00:49,10.79,0.009999999999999787,300,323700,бРел
226,10:00:57,10.78,0.0,20,21560,бТел
227,10:01:01,10.79,0.009999999999999787,31,33449,бРел
228,10:01:07,10.78,-0.009999999999999787,914,986696,бТел
229,10:01:09,10.79,0.009999999999999787,64,69017,бРел
230,10:01:13,10.8,0.010000000000001563,7,7558,бРел
231,10:01:19,10.81,0.009999999999999787,164,177284,бРел
232,10:01:25,10.82,0.0,83,89861,бРел
233,10:01:31,10.83,0.0,74,80142,бТел
234,10:01:33,10.83,0.0,36,38998,бТел
235,10:01:39,10.84,0.0,394,426712,бРел
236,10:01:43,10.83,-0.009999999999999787,17,18411,жпптел
237,10:01:51,10.84,0.0,124,134413,бРел
238,10:01:55,10.85,0.009999999999999787,380,411825,бРел
239,10:01:58,10.84,-0.009999999999999787,12,13016,бТел
240,10:02:03,10.85,0.0,288,312280,бРел
241,10:02:15,10.84,-0.009999999999999787,46,49864,бРел
242,10:02:19,10.84,0.0,39,42276,бРел
243,10:02:23,10.84,0.0,40,43360,бТел
244,10:02:31,10.85,0.019999999999999574,147,160088,бРел
245,10:02:33,10.85,0.0,21,22786,бТел
246,10:02:39,10.85,0.0,4,4829,бТел
247,10:02:43,10.84,-0.009999999999999787,250,271000,бТел
248,10:02:49,10.84,0.0,33,35772,бРел
249,10:02:55,10.84,0.0,21,22763,бРел
250,10:02:58,10.84,0.0,6,6504,бРел
251,10:03:03,10.83,0.0,2,2166,бТел
252,10:03:09,10.83,0.0,30,32498,бТел
253,10:03:13,10.82,-0.009999999999999787,1,1082,бТел
254,10:03:19,10.82,0.0,30,32460,бТел
255,10:03:25,10.83,0.009999999999999787,55,59565,бРел
256,10:03:35,10.84,0.009999999999999787,247,267513,бРел
257,10:03:39,10.83,0.0,11,11913,бТел
258,10:03:43,10.83,0.0,2,2166,бРел
259,10:03:51,10.82,-0.019999999999999574,28,30296,бТел
260,10:03:57,10.83,0.009999999999999787,15,16245,бРел
261,10:04:00,10.82,-0.009999999999999787,8,8656,бТел
262,10:04:03,10.82,0.0,32,34624,бТел
263,10:04:15,10.81,-0.009999999999999787,15,16220,бТел
264,10:04:19,10.82,0.009999999999999787,57,61674,бРел
265,10:04:31,10.82,0.0,2,2164,бРел
266,10:04:33,10.82,0.0,1,1082,бРел
267,10:04:39,10.83,0.0,23,24909,бТел
268,10:04:43,10.83,0.0,5,5415,бТел
269,10:04:49,10.84,0.009999999999999787,97,105148,бРел
270,10:04:55,10.85,0.009999999999999787,353,383383,бРел
271,10:05:03,10.85,0.0,212,230222,бТел
272,10:05:09,10.85,0.0,4,4340,бРел
273,10:05:13,10.86,0.009999999999999787,241,262239,бРел
274,10:05:21,10.85,0.0,1,1085,бТел
275,10:05:25,10.85,0.0,2,2170,бТел
276,10:05:31,10.86,0.0,4,4346,бТел
277,10:05:37,10.86,0.0,36,39096,бТел
278,10:05:40,10.86,0.0,17,18462,бТел
279,10:05:45,10.85,-0.009999999999999787,93,101455,бТел
280,10:05:49,10.85,0.0,73,79205,бРел
281,10:05:55,10.85,0.0,7,7595,бРел
282,10:06:13,10.84,-0.009999999999999787,5,5420,бТел
283,10:06:19,10.84,0.0,52,56368,бТел
284,10:06:30,10.83,-0.009999999999999787,10,10830,бТел
285,10:06:39,10.83,0.0,4,4333,бТел
286,10:06:43,10.83,0.0,35,37905,бТел
287,10:06:55,10.83,0.0,40,43320,бТел
288,10:07:01,10.83,0.0,19,20750,бТел
289,10:07:13,10.83,0.0,1,1083,бРел
290,10:07:19,10.82,0.0,20,21640,бТел
291,10:07:23,10.82,0.0,30,32460,бТел
292,10:07:31,10.82,0.0,18,19477,бРел
293,10:07:37,10.82,0.0,1,1082,бРел
294,10:07:39,10.81,-0.009999999999999787,103,111464,бТел
295,10:07:43,10.81,0.0,1,1081,бТел
296,10:07:57,10.82,0.009999999999999787,5,5410,бРел
297,10:08:27,10.83,0.009999999999999787,134,144999,бРел
298,10:08:31,10.82,-0.009999999999999787,10,10828,бТел
299,10:08:35,10.83,0.009999999999999787,47,50901,бРел
300,10:08:39,10.83,0.0,4,4332,бРел
301,10:08:43,10.83,0.0,8,8664,бРел
302,10:08:55,10.84,0.009999999999999787,20,21680,бРел
303,10:09:01,10.84,0.009999999999999787,2,2168,бРел
304,10:09:03,10.83,-0.009999999999999787,4,4332,бТел
305,10:09:09,10.84,0.009999999999999787,1,1084,бРел
306,10:09:19,10.84,0.0,13,14089,бРел
307,10:09:25,10.83,-0.009999999999999787,23,24909,бТел
308,10:09:30,10.83,0.0,8,8664,бРел
309,10:09:33,10.84,0.009999999999999787,1,1084,бРел
310,10:09:39,10.82,-0.019999999999999574,35,37890,бТел
311,10:09:53,10.83,0.009999999999999787,31,33573,бТел
312,10:10:01,10.83,-0.009999999999999787,5,5415,бТел
313,10:10:07,10.84,0.009999999999999787,333,360972,бРел
314,10:10:23,10.84,0.0,40,43380,бТел
315,10:10:30,10.86,0.0,118,128146,бРел
316,10:10:33,10.87,0.009999999999999787,413,449299,бРел
317,10:10:40,10.88,0.0,368,400356,бРел
318,10:10:43,10.89,0.009999999999999787,45,49000,бРел
319,10:10:48,10.9,0.009999999999999787,156,170040,бРел
320,10:10:55,10.91,0.019999999999999574,30,32710,бРел
321,10:10:58,10.92,0.009999999999999787,41,44772,бРел
322,10:11:03,10.92,0.009999999999999787,84,91694,бРел
323,10:11:09,10.92,0.0,20,21856,бТел
324,10:11:13,10.91,-0.009999999999999787,33,36003,бТел
325,10:11:23,10.92,0.0,58,63263,бРел
326,10:11:31,10.91,0.0,67,73151,бТел
327,10:11:35,10.91,0.0,58,63335,бТел
328,10:11:40,10.91,-0.019999999999999574,44,48004,бТел
329,10:11:46,10.92,0.009999999999999787,99,108142,бРел
330,10:11:48,10.92,0.0,49,53475,бРел
331,10:11:55,10.92,0.0,58,63336,бРел
332,10:12:01,10.92,0.0,36,39312,бТел
333,10:12:05,10.92,0.0,436,476330,бТел
334,10:12:10,10.91,-0.009999999999999787,8,8735,бТел
335,10:12:16,10.92,0.0,5,5460,бРел
336,10:12:18,10.91,-0.009999999999999787,22,24002,бТел
337,10:12:25,10.91,0.0,121,132003,бРел
338,10:12:28,10.92,0.009999999999999787,92,100388,бРел
339,10:12:35,10.91,0.0,51,55642,бТел
340,10:12:46,10.91,-0.009999999999999787,5,5455,бТел
341,10:12:54,10.92,0.009999999999999787,8,8736,бРел
342,10:13:01,10.91,-0.009999999999999787,13,14185,бТел
343,10:13:12,10.91,0.0,25,27275,бТел
344,10:13:18,10.91,0.0,10,10910,бТел
345,10:13:28,10.91,0.0,2,2182,бТел
346,10:13:34,10.91,0.0,5,5455,бТел
347,10:13:40,10.92,0.009999999999999787,67,73154,бРел
348,10:13:48,10.91,0.0,17,18547,бТел
349,10:13:54,10.91,0.0,6,6546,бТел
350,10:14:00,10.91,-0.009999999999999787,10,10910,бТел
351,10:14:04,10.91,0.0,22,24002,бТел
352,10:14:10,10.91,0.0,32,34912,бТел
353,10:14:18,10.92,0.009999999999999787,40,43673,бРел
354,10:14:24,10.92,0.009999999999999787,76,82964,бРел
355,10:14:34,10.91,-0.009999999999999787,28,30548,бТел
356,10:14:40,10.92,0.0,1,1092,бРел
357,10:14:48,10.91,0.0,5,5455,бРел
358,10:14:53,10.91,0.0,461,503807,бРел
359,10:14:58,10.91,0.0,20,21820,бТел
360,10:15:04,10.92,0.009999999999999787,4,4368,бРел
361,10:15:10,10.92,0.0,26,28392,бТел
362,10:15:16,10.94,0.0,6,6564,бРел
363,10:15:22,10.95,0.009999999999999787,399,436712,бРел
364,10:15:25,10.95,0.0,10,10950,бТел
365,10:15:28,10.95,0.0,6,6570,бТел
366,10:15:34,10.97,0.009999999999999787,491,538196,бРел
367,10:15:40,10.98,0.0,49,53802,бРел
368,10:15:46,10.98,0.0,5,5490,бРел
369,10:15:48,10.97,-0.009999999999999787,1,1097,жпптел
370,10:15:58,10.96,0.0,409,448242,бТел
371,10:16:10,10.96,-0.02999999999999936,10,10960,бРел
372,10:16:16,10.95,-0.010000000000001563,85,93084,бТел
373,10:16:18,10.96,0.010000000000001563,17,18618,бРел
374,10:16:28,10.95,-0.010000000000001563,37,40515,бРел
375,10:16:34,10.94,-0.009999999999999787,1,1094,бРел
376,10:16:40,10.94,0.0,2,2188,бТел
377,10:16:46,10.94,-0.009999999999999787,35,38290,бТел
378,10:16:48,10.93,-0.009999999999999787,40,43720,бТел
379,10:16:58,10.93,0.0,18,19674,бТел
380,10:17:06,10.94,0.009999999999999787,26,28435,бРел
381,10:17:10,10.93,-0.009999999999999787,30,32790,бТел
382,10:17:18,10.95,0.019999999999999574,25,27354,бРел
383,10:17:24,10.94,-0.009999999999999787,15,16410,жпптел
384,10:17:28,10.95,0.009999999999999787,5,5475,бРел
385,10:17:34,10.95,0.019999999999999574,61,66795,бРел
386,10:17:40,10.95,0.0,1,1095,бТел
387,10:17:46,10.95,0.0,55,60225,бТел
388,10:17:52,10.96,0.010000000000001563,45,49320,бРел
389,10:17:54,10.93,-0.030000000000001137,50,54719,бТел
390,10:18:00,10.95,0.019999999999999574,30,32830,бРел
391,10:18:04,10.95,0.0,4,4380,бТел
392,10:18:12,10.93,-0.019999999999999574,20,21860,бТел
393,10:18:16,10.93,0.0,4,4372,бТел
394,10:18:34,10.94,0.009999999999999787,427,467136,бРел
395,10:18:49,10.94,-0.009999999999999787,30,32820,бТел
396,10:18:54,10.94,0.009999999999999787,100,109400,бРел
397,10:18:58,10.94,0.0,10,10940,бТел
398,10:19:04,10.94,0.0,5,5470,бТел
399,10:19:10,10.95,0.009999999999999787,185,202575,бРел
400,10:19:16,10.96,0.010000000000001563,72,78907,бРел
401,10:19:24,10.96,0.0,51,55871,бРел
402,10:19:28,10.96,0.0,4,4384,бРел
403,10:19:35,10.96,0.0,5,5480,бРел
404,10:19:40,10.95,-0.010000000000001563,2,2191,бТел
405,10:19:46,10.95,0.0,3,3285,бТел
406,10:19:58,10.95,0.0,3,3285,бРел
407,10:20:04,10.94,-0.009999999999999787,10,10940,бТел
408,10:20:18,10.95,0.0,9,9847,бРел
409,10:20:31,10.95,0.009999999999999787,517,566115,бРел
410,10:20:34,10.95,0.0,60,65700,бРел
411,10:20:40,10.95,0.0,18,19710,бРел
412,10:20:43,10.95,0.0,26,28471,жпптел
413,10:20:49,10.95,0.0,1,1095,бТел
414,10:20:58,10.95,0.0,14,15330,бТел
415,10:21:05,10.95,0.009999999999999787,2,2190,бТел
416,10:21:10,10.95,0.0,44,48145,бРел
417,10:21:22,10.95,0.0,11,12045,бТел
418,10:21:40,10.94,-0.009999999999999787,92,100730,бТел
419,10:21:43,10.94,0.0,96,105516,бТел
420,10:21:49,10.94,0.0,25,27350,бРел
421,10:21:55,10.94,0.0,195,213932,бРел
422,10:22:06,10.95,0.009999999999999787,1,1095,бРел
423,10:22:10,10.94,-0.009999999999999787,10,10940,бТел
424,10:22:19,10.94,0.0,8,8759,бТел
425,10:22:30,10.95,0.009999999999999787,6,6570,бРел
426,10:22:35,10.95,0.0,139,152185,бРел
427,10:22:43,10.95,0.0,5,5475,бРел
428,10:22:52,10.95,0.0,142,155490,бРел
429,10:22:58,10.95,0.0,10,10950,бТел
430,10:23:05,10.95,-0.010000000000001563,18,19720,бТел
431,10:23:10,10.95,0.0,85,93226,бТел
432,10:23:16,10.97,0.02000000000000135,10,10970,бРел
433,10:23:22,10.96,-0.009999999999999787,30,32880,бТел
434,10:23:30,10.95,-0.010000000000001563,3,3285,бТел
435,10:23:35,10.96,0.010000000000001563,1,1096,бРел
436,10:23:40,10.96,0.010000000000001563,11,12056,бРел
437,10:23:43,10.96,0.0,184,201664,бРел
438,10:23:49,10.96,0.0,71,77816,бТел
439,10:23:54,10.95,-0.010000000000001563,31,33945,бТел
440,10:24:00,10.95,0.0,2,2190,бРел
441,10:24:05,10.94,-0.009999999999999787,389,425566,бТел
442,10:24:10,10.93,-0.009999999999999787,3,3279,бТел
443,10:24:13,10.93,0.0,2,2186,бТел
444,10:24:22,10.94,0.009999999999999787,142,155345,бРел
445,10:24:35,10.95,0.009999999999999787,8,8760,бРел
446,10:24:40,10.95,0.009999999999999787,212,232891,бРел
447,10:24:49,10.94,-0.009999999999999787,30,32820,бТел
448,10:25:00,10.94,0.0,3,3282,бТел
449,10:25:10,10.94,0.0,17,18598,бТел
450,10:25:16,10.94,0.0,20,22012,бТел
451,10:25:22,10.93,-0.009999999999999787,3,3279,бТел
452,10:25:25,10.94,0.009999999999999787,114,125678,бРел
453,10:25:35,10.95,0.009999999999999787,25,27353,бРел
454,10:25:40,10.95,0.0,125,136875,бРел
455,10:25:49,10.95,0.0,10,10950,бРел
456,10:25:58,10.95,0.0,1,1095,бРел
457,10:26:13,10.94,-0.009999999999999787,11,12044,бТел
458,10:26:22,10.95,0.009999999999999787,13,14235,бРел
459,10:26:28,10.95,0.0,15,16425,бРел
460,10:26:37,10.94,-0.009999999999999787,105,114870,бТел
461,10:26:43,10.95,0.009999999999999787,5,5475,бРел
462,10:26:49,10.94,-0.009999999999999787,8,8752,бТел
463,10:27:05,10.93,-0.009999999999999787,18,19674,бТел
464,10:27:13,10.93,0.0,5,5465,бТел
465,10:27:40,10.93,0.0,20,21860,бТел
466,10:27:43,10.94,0.009999999999999787,3,3280,бРел
467,10:27:55,10.93,-0.009999999999999787,35,38255,бТел
468,10:27:58,10.93,0.0,21,22953,бТел
469,10:28:05,10.93,0.0,2,2186,бТел
470,10:28:13,10.93,0.0,5,5465,бТел
471,10:28:22,10.92,-0.009999999999999787,75,81900,бТел
472,10:28:28,10.92,0.0,10,10920,бТел
473,10:28:37,10.92,0.0,22,24024,бТел
474,10:28:43,10.92,0.0,57,62244,бТел
475,10:28:49,10.92,0.0,28,30576,бТел
476,10:28:55,10.92,0.0,56,61152,бТел
477,10:28:58,10.92,0.0,79,86268,бТел
478,10:29:05,10.91,0.0,23,25095,бТел
479,10:29:10,10.9,0.0,23,25070,бТел
480,10:29:13,10.9,0.0,24,26160,бТел
481,10:29:19,10.89,-0.009999999999999787,23,25047,бТел
482,10:29:25,10.91,0.019999999999999574,102,111265,бРел
483,10:29:28,10.91,0.0,15,16365,бТел
484,10:29:35,10.9,-0.009999999999999787,2,2180,жпптел
485,10:29:43,10.89,-0.009999999999999787,4,4356,бТел
486,10:29:55,10.89,0.0,10,10890,бТел
487,10:30:06,10.9,0.009999999999999787,9,9810,бРел
488,10:30:23,10.92,0.019999999999999574,4,4362,бРел
489,10:30:30,10.9,-0.019999999999999574,16,17440,бТел
490,10:30:35,10.9,0.0,13,14170,бРел
491,10:30:40,10.91,0.009999999999999787,1,1091,бРел
492,10:30:47,10.91,0.0,56,61096,бРел
493,10:31:05,10.91,0.0,13,14183,бРел
494,10:31:10,10.9,-0.009999999999999787,11,11994,бТел
495,10:31:23,10.91,0.009999999999999787,2,2182,бРел
496,10:31:35,10.91,0.0,4,4364,бТел
497,10:31:43,10.91,-0.009999999999999787,7,7637,бТел
498,10:31:55,10.92,0.009999999999999787,76,82992,бРел
499,10:31:58,10.92,0.0,50,54592,бРел
500,10:32:05,10.91,-0.009999999999999787,66,72070,бТел
501,10:32:10,10.92,0.0,1,1092,бТел
502,10:32:19,10.92,0.0,8,8736,бТел
503,10:32:31,10.92,0.0,11,12012,бРел
504,10:32:35,10.92,0.0,5,5460,бРел
505,10:32:40,10.92,0.0,21,22912,бРел
506,10:32:47,10.92,0.0,1,1092,бРел
507,10:33:01,10.92,0.0,18,19656,бРел
508,10:33:31,10.92,0.0,4,4368,бРел
509,10:33:35,10.92,0.0,3,3276,бРел
510,10:33:40,10.92,0.0,1,1092,бРел
511,10:33:43,10.92,0.0,25,27285,бРел
512,10:33:49,10.91,-0.009999999999999787,19,20729,бТел
513,10:33:53,10.91,0.0,5,5455,бТел
514,10:34:01,10.92,0.009999999999999787,50,54600,бРел
515,10:34:05,10.91,-0.009999999999999787,12,13092,бТел
516,10:34:10,10.92,0.0,5,5460,бРел
517,10:34:46,10.92,0.0,30,32760,бРел
518,10:35:05,10.92,0.0,120,131040,бРел
519,10:35:10,10.9,-0.019999999999999574,100,109084,бТел
520,10:35:23,10.9,0.0,3,3270,бТел
521,10:35:31,10.9,0.0,100,109000,бТел
522,10:35:37,10.9,0.0,12,13080,бТел
523,10:35:43,10.9,0.0,10,10900,бТел
524,10:36:16,10.91,0.0,13,14173,бРел
525,10:36:25,10.9,-0.009999999999999787,65,70852,бТел
526,10:36:46,10.91,0.009999999999999787,1,1091,бРел
527,10:36:55,10.9,-0.009999999999999787,2,2180,бТел
528,10:37:01,10.9,0.0,9,9810,бТел
529,10:37:10,10.9,0.0,55,59950,бТел
530,10:37:23,10.9,0.0,20,21800,бТел
531,10:37:28,10.9,0.0,10,10900,бТел
532,10:37:35,10.9,0.0,10,10900,бТел
533,10:37:40,10.9,0.0,5,5450,бТел
534,10:37:43,10.91,0.009999999999999787,1,1091,бРел
535,10:37:53,10.9,-0.009999999999999787,40,43600,бТел
536,10:37:58,10.91,0.009999999999999787,13,14183,бРел
537,10:38:05,10.9,-0.009999999999999787,5,5454,бТел
538,10:38:10,10.91,0.0,15,16365,бРел
539,10:38:13,10.91,0.0,33,35975,бРел
540,10:38:22,10.91,0.0,4,4364,бРел
541,10:38:28,10.9,-0.009999999999999787,86,93816,бТел
542,10:38:37,10.9,0.0,10,10900,бТел
543,10:38:40,10.91,0.009999999999999787,45,49095,бРел
544,10:38:43,10.92,0.009999999999999787,1,1092,бРел
545,10:38:49,10.92,0.009999999999999787,1,1092,бРел
546,10:38:55,10.91,-0.009999999999999787,9,9819,бТел
547,10:39:07,10.92,0.009999999999999787,501,547092,бРел
548,10:39:13,10.92,0.0,26,28392,бРел
549,10:39:37,10.92,0.0,20,21840,бРел
550,10:39:40,10.91,-0.009999999999999787,20,21820,бТел
551,10:39:43,10.93,0.019999999999999574,388,424040,бРел
552,10:39:55,10.93,0.0,25,27325,бТел
553,10:39:58,10.93,0.0,3,3279,бТел
554,10:40:16,10.93,-0.009999999999999787,7,7651,бТел
555,10:40:19,10.94,0.009999999999999787,1,1094,бРел
556,10:40:25,10.93,-0.009999999999999787,10,10930,бТел
557,10:40:43,10.94,0.009999999999999787,1,1094,бРел
558,10:40:58,10.93,-0.009999999999999787,17,18581,бТел
559,10:41:10,10.93,-0.009999999999999787,8,8744,бТел
560,10:41:16,10.93,0.0,1,1093,бТел
561,10:41:22,10.93,0.0,5,5465,бТел
562,10:41:25,10.93,0.0,10,10930,бТел
563,10:41:28,10.93,0.0,7,7651,бТел
564,10:41:35,10.93,0.0,23,25139,бТел
565,10:41:43,10.93,0.0,1,1093,бРел
566,10:41:49,10.93,0.0,49,53557,бТел
567,10:41:55,10.93,0.0,16,17488,бТел
568,10:41:58,10.94,0.009999999999999787,31,33914,бРел
569,10:42:05,10.93,-0.009999999999999787,3,3279,бТел
570,10:42:11,10.93,0.0,5,5465,бРел
571,10:42:41,10.92,-0.009999999999999787,10,10920,бТел
572,10:42:43,10.92,0.0,5,5461,жпптел
573,10:43:05,10.91,-0.009999999999999787,32,34912,бТел
574,10:43:19,10.91,0.0,5,5455,бТел
575,10:43:25,10.92,0.009999999999999787,4,4368,бРел
576,10:43:29,10.92,0.0,6,6550,бРел
577,10:43:35,10.92,0.0,52,56784,бРел
578,10:43:41,10.92,0.0,18,19656,бРел
579,10:43:43,10.92,0.0,1,1092,бТел
580,10:43:49,10.93,0.009999999999999787,1,1093,бРел
581,10:43:59,10.93,0.0,191,208763,бРел
582,10:44:05,10.94,0.009999999999999787,23,25140,бРел
583,10:44:11,10.94,0.0,4,4376,бРел
584,10:44:13,10.94,0.0,8,8752,бРел
585,10:44:19,10.94,0.0,5,5470,бРел
586,10:44:23,10.94,0.0,10,10940,бРел
587,10:44:29,10.94,0.0,33,36102,бТел
588,10:44:35,10.96,0.010000000000001563,120,131520,бРел
589,10:44:41,10.98,0.009999999999999787,101,110893,бРел
590,10:44:43,10.99,0.009999999999999787,702,771042,бРел
591,10:44:49,11.0,0.009999999999999787,1538,1691800,бРел
592,10:44:53,11.02,0.019999999999999574,130,143118,бРел
593,10:44:59,11.03,0.009999999999999787,33,36399,бРел
594,10:45:05,11.04,0.009999999999999787,328,361872,бРел
595,10:45:11,11.04,0.0,1,1104,бТел
596,10:45:13,11.03,-0.009999999999999787,75,82728,бТел
597,10:45:19,11.02,0.0,1,1102,бРел
598,10:45:23,11.0,-0.019999999999999574,84,92400,бТел
599,10:45:29,11.0,0.0,30,33000,бРел
600,10:45:41,11.0,-0.009999999999999787,36,39600,бТел
601,10:45:43,11.01,0.009999999999999787,2,2202,бРел
602,10:45:49,11.01,0.0,17,18717,бРел
603,10:45:53,11.0,-0.009999999999999787,14,15400,бТел
604,10:45:59,11.0,0.0,107,117700,бТел
605,10:46:07,10.99,-0.009999999999999787,47,51677,бТел
606,10:46:17,11.0,0.009999999999999787,18,19797,бРел
607,10:46:31,10.98,-0.019999999999999574,17,18668,бТел
608,10:46:35,10.98,0.0,8,8784,бРел
609,10:46:41,10.98,0.009999999999999787,68,74664,бРел
610,10:46:43,10.99,0.009999999999999787,1,1099,бРел
611,10:46:53,10.98,0.0,50,54900,бТел
612,10:47:05,10.98,0.0,59,64786,бТел
613,10:47:11,10.99,0.0,14,15386,бРел
614,10:47:13,10.98,-0.009999999999999787,20,21960,бТел
615,10:47:23,10.99,0.0,2,2198,бРел
616,10:47:29,10.98,0.0,21,23072,бТел
617,10:47:35,10.99,0.009999999999999787,35,38465,бРел
618,10:47:41,10.98,-0.009999999999999787,15,16470,бТел
619,10:47:47,10.99,0.009999999999999787,4,4396,бРел
620,10:47:49,10.98,-0.009999999999999787,150,164700,бТел
621,10:47:53,10.98,0.0,25,27455,бТел
622,10:47:59,10.99,0.009999999999999787,31,34069,бРел
623,10:48:05,10.98,-0.009999999999999787,1,1098,бТел
624,10:48:11,10.99,0.0,26,28574,бРел
625,10:48:13,10.99,0.0,253,278017,бРел
626,10:48:23,10.98,-0.009999999999999787,71,77958,бТел
627,10:48:29,10.97,-0.009999999999999787,10,10970,бТел
628,10:48:35,10.97,-0.009999999999999787,30,32910,бТел
629,10:48:47,10.98,0.009999999999999787,17,18666,бРел
630,10:48:49,10.97,-0.009999999999999787,10,10970,бТел
631,10:48:55,10.97,0.0,102,111985,бТел
632,10:49:05,10.98,0.009999999999999787,67,73566,бРел
633,10:49:17,10.98,0.0,20,21960,бТел
634,10:49:23,10.99,0.009999999999999787,6,6594,бРел
635,10:49:31,10.99,-0.009999999999999787,4,4396,бТел
636,10:49:47,11.0,0.009999999999999787,1,1100,бРел
637,10:49:55,10.99,-0.009999999999999787,2,2198,бТел
638,10:49:59,10.99,0.0,1,1099,бТел
639,10:50:11,10.99,0.0,6,6594,бТел
640,10:50:13,10.99,0.0,100,109900,бТел
641,10:50:19,10.99,0.0,10,10990,жпптел
642,10:50:23,10.99,0.0,2,2198,бРел
643,10:50:47,11.0,0.009999999999999787,1,1100,бРел
644,10:50:49,10.99,-0.009999999999999787,9,9891,бТел
645,10:50:53,11.0,0.009999999999999787,2,2200,бРел
646,10:51:01,10.99,-0.009999999999999787,41,45059,бТел
647,10:51:13,10.98,-0.009999999999999787,15,16470,бТел
648,10:51:19,10.98,0.0,71,77958,бТел
649,10:51:25,10.96,-0.019999999999999574,23,25229,бТел
650,10:51:41,10.97,0.009999999999999787,1,1097,жпптел
651,10:51:49,10.96,-0.009999999999999787,2,2193,бТел
652,10:51:53,10.97,0.009999999999999787,8,8776,жпптел
653,10:51:59,10.97,0.0,50,54850,бРел
654,10:52:05,10.96,-0.009999999999999787,20,21920,бТел
655,10:52:11,10.96,0.0,46,50416,бТел
656,10:52:17,10.96,0.0,20,21920,бТел
657,10:52:31,10.97,0.009999999999999787,5,5485,бРел
658,10:52:37,10.96,-0.009999999999999787,1,1096,бТел
659,10:52:49,10.97,0.009999999999999787,1,1097,бРел
660,10:52:53,10.96,-0.009999999999999787,9,9864,бТел
661,10:53:05,10.96,0.0,5,5480,бТел
662,10:53:11,10.97,0.009999999999999787,5,5485,бРел
663,10:53:13,10.96,-0.009999999999999787,1,1096,бТел
664,10:53:21,10.96,0.0,45,49320,бТел
665,10:53:25,10.96,0.0,106,116176,бТел
666,10:53:37,10.95,-0.010000000000001563,200,219000,бТел
667,10:53:41,10.95,0.0,2,2190,бТел
668,10:53:49,10.95,0.0,11,12046,бТел
669,10:53:55,10.95,0.0,10,10950,бТел
670,10:54:01,10.95,0.0,22,24084,бТел
671,10:54:05,10.95,0.0,4,4380,бТел
672,10:54:37,10.95,0.0,30,32850,бТел
673,10:54:41,10.95,0.0,29,31755,бТел
674,10:54:43,10.96,0.010000000000001563,7,7671,бРел
675,10:54:57,10.95,0.0,10,10950,бРел
676,10:55:15,10.95,0.0,1,1095,бРел
677,10:55:19,10.94,-0.009999999999999787,2,2188,бТел
678,10:55:37,10.95,0.009999999999999787,91,99645,бРел
679,10:55:43,10.95,0.0,10,10950,бТел
680,10:55:49,10.95,0.0,14,15330,бТел
681,10:55:57,10.96,0.0,3,3288,бРел
682,10:56:07,10.95,-0.010000000000001563,20,21900,бТел
683,10:56:15,10.95,0.0,114,124830,бТел
684,10:56:19,10.95,0.0,3,3285,бТел
685,10:56:29,10.95,0.0,20,21900,бТел
686,10:56:37,10.95,0.0,27,29565,бТел
687,10:57:19,10.95,0.0,2,2190,бРел
688,10:57:25,10.95,0.0,64,70030,бРел
689,10:57:49,10.95,0.0,13,14235,бРел
690,10:57:57,10.94,-0.009999999999999787,3,3282,бТел
691,10:58:07,10.95,0.009999999999999787,5,5475,бРел
692,10:58:19,10.94,-0.009999999999999787,3,3282,бТел
693,10:58:49,10.94,0.0,3,3282,бТел
694,10:58:53,10.95,0.009999999999999787,5,5471,бРел
695,10:59:07,10.94,-0.009999999999999787,25,27350,бТел
696,10:59:09,10.95,0.009999999999999787,4,4380,бРел
697,10:59:25,10.95,0.0,155,169725,бРел
698,10:59:29,10.95,0.0,10,10950,бТел
699,10:59:35,10.95,0.0,135,147825,бТел
700,10:59:49,10.95,0.0,1,1095,бРел
701,11:00:01,10.95,0.0,277,303315,бРел
702,11:00:11,10.96,0.010000000000001563,5,5480,бРел
703,11:00:13,10.95,-0.010000000000001563,2,2190,бТел
704,11:00:23,10.96,0.0,22,24112,бРел
705,11:00:30,10.96,0.0,20,21920,бРел
706,11:00:49,10.97,0.009999999999999787,1,1097,бРел
707,11:00:55,10.97,0.0,45,49365,бРел
708,11:01:03,10.97,0.0,101,110797,бРел
709,11:01:09,10.98,0.009999999999999787,109,119574,бРел
710,11:01:15,10.97,-0.009999999999999787,1,1097,бТел
711,11:01:23,10.98,0.009999999999999787,11,12078,бРел
712,11:01:31,10.98,0.0,54,59292,бРел
713,11:01:33,10.98,0.0,73,80154,бРел
714,11:01:39,10.98,0.0,2,2196,бТел
715,11:01:47,10.99,0.009999999999999787,5,5491,бРел
716,11:02:03,10.99,0.0,100,109900,бРел
717,11:02:55,10.98,-0.009999999999999787,1,1098,бТел
718,11:03:25,10.99,0.009999999999999787,37,40663,бРел
719,11:03:31,10.99,0.0,10,10990,бРел
720,11:03:33,10.99,0.0,61,67039,бРел
721,11:03:39,10.99,0.0,1,1099,бТел
722,11:03:45,10.99,0.0,1,1099,бРел
723,11:04:45,10.98,-0.009999999999999787,1,1098,бТел
724,11:04:49,10.99,0.009999999999999787,1,1099,бРел
725,11:04:55,10.99,0.0,20,21980,бРел
726,11:05:09,10.98,-0.009999999999999787,4,4392,бТел
727,11:05:15,10.98,0.0,4,4392,бТел
728,11:05:31,10.98,0.0,50,54900,бТел
729,11:05:35,10.98,0.0,53,58194,бТел
730,11:05:39,10.98,0.0,14,15372,бРел
731,11:05:48,10.97,-0.009999999999999787,25,27425,бТел
732,11:05:53,10.98,0.009999999999999787,3,3292,бРел
733,11:06:05,10.97,-0.009999999999999787,1,1097,бТел
734,11:06:16,10.97,-0.009999999999999787,3,3291,бТел
735,11:06:24,10.97,0.0,10,10970,бТел
736,11:06:30,10.97,0.0,37,40589,бТел
737,11:06:33,10.97,0.0,2,2194,бТел
738,11:06:47,10.97,0.0,50,54850,бТел
739,11:06:48,10.97,0.0,19,20843,бТел
740,11:06:53,10.98,0.009999999999999787,1,1098,бРел
741,11:07:01,10.98,0.0,176,193248,бРел
742,11:07:23,10.99,0.009999999999999787,3,3297,бРел
743,11:07:35,10.98,0.0,2,2196,бТел
744,11:07:42,10.99,0.0,8,8792,бРел
745,11:07:48,10.99,0.0,30,32970,бРел
746,11:08:10,10.99,0.0,423,464857,бРел
747,11:08:22,10.99,0.0,6,6594,бРел
748,11:08:24,10.99,0.0,12,13188,бРел
749,11:08:29,10.97,-0.019999999999999574,7,7683,бТел
750,11:08:35,10.97,0.0,100,109700,бТел
751,11:08:40,10.97,0.0,3,3291,бТел
752,11:08:53,10.99,0.019999999999999574,11,12089,бРел
753,11:09:04,10.98,-0.009999999999999787,30,32940,бТел
754,11:09:12,10.99,0.009999999999999787,4,4396,бРел
755,11:09:17,10.99,0.0,4,4396,бРел
756,11:09:18,10.99,0.0,7,7693,бРел
757,11:09:23,10.99,0.0,3,3297,бРел
758,11:09:40,10.98,-0.009999999999999787,3,3294,бТел
759,11:09:48,10.99,0.009999999999999787,1,1099,бРел
760,11:10:25,10.99,0.0,45,49455,бРел
761,11:10:40,10.98,-0.009999999999999787,7,7686,бТел
762,11:10:53,10.99,0.009999999999999787,1,1099,бРел
763,11:11:04,10.98,-0.009999999999999787,112,122976,бТел
764,11:11:18,10.98,0.0,1,1098,бТел
765,11:11:24,10.98,0.0,21,23058,бТел
766,11:11:35,10.98,0.0,30,32960,бТел
767,11:11:41,10.99,0.009999999999999787,23,25274,бРел
768,11:11:48,10.98,0.0,1,1098,бРел
769,11:11:54,10.97,-0.009999999999999787,20,21940,бТел
770,11:11:58,10.98,0.009999999999999787,23,25254,бРел
771,11:12:28,10.98,0.0,50,54900,бРел
772,11:12:35,10.98,0.0,100,109800,бРел
773,11:12:48,10.97,-0.009999999999999787,2,2194,бТел
774,11:13:10,10.98,0.0,10,10980,бРел
775,11:13:23,10.98,0.0,500,549000,бРел
776,11:13:52,10.98,0.0,10,10980,бРел
777,11:13:54,10.98,0.0,57,62586,бРел
778,11:14:05,10.98,0.0,5,5490,бТел
779,11:14:11,10.98,0.0,5,5490,бТел
780,11:14:22,10.98,0.0,10,10980,бТел
781,11:14:34,10.98,0.0,10,10980,бТел
782,11:14:47,10.99,0.009999999999999787,7,7693,бРел
783,11:14:48,10.99,0.0,1,1099,бРел
784,11:15:00,10.98,-0.009999999999999787,5,5490,бТел
785,11:15:05,10.99,0.009999999999999787,15,16475,бРел
786,11:15:48,10.98,-0.009999999999999787,10,10980,бТел
787,11:15:53,10.98,0.0,1,1098,бТел
788,11:16:00,10.98,-0.009999999999999787,18,19764,бТел
789,11:16:04,10.98,0.0,11,12078,бРел
790,11:16:12,10.98,0.0,5,5490,бРел
791,11:16:24,10.97,-0.009999999999999787,3,3291,бТел
792,11:16:29,10.97,0.0,150,164550,бТел
793,11:16:40,10.97,0.0,10,10970,бТел
794,11:16:46,10.97,0.0,10,10970,бТел
795,11:16:49,10.97,0.0,89,97633,бТел
796,11:17:46,10.96,-0.009999999999999787,5,5480,бТел
797,11:17:52,10.96,0.0,5,5480,бТел
798,11:17:55,10.97,0.009999999999999787,2,2193,бРел
799,11:17:58,10.96,-0.009999999999999787,3,3288,бТел
800,11:18:06,10.96,0.0,2,2192,бТел
801,11:18:10,10.96,0.0,10,10960,бТел
802,11:18:13,10.96,0.0,2,2192,бТел
803,11:18:23,10.96,0.0,113,123848,бТел
804,11:18:28,10.96,0.0,5,5480,бТел
805,11:18:35,10.96,0.0,30,32880,бТел
806,11:18:40,10.96,0.0,39,42764,бТел
807,11:18:43,10.96,0.0,21,23016,бТел
808,11:18:49,10.96,0.0,50,54800,бТел
809,11:18:55,10.96,-0.009999999999999787,100,109600,бТел
810,11:19:07,10.95,-0.010000000000001563,2,2190,бТел
811,11:19:10,10.95,0.0,91,99645,бТел
812,11:19:43,10.94,-0.009999999999999787,5,5470,бТел
813,11:19:53,10.94,0.0,18,19692,бТел
814,11:20:00,10.94,0.0,20,21880,бТел
815,11:20:35,10.95,0.009999999999999787,1,1095,бРел
816,11:20:41,10.94,-0.009999999999999787,63,68922,бТел
817,11:20:58,10.95,0.009999999999999787,1,1095,бРел
818,11:21:05,10.95,0.0,54,59130,бРел
819,11:21:11,10.95,0.0,3,3285,бТел
820,11:21:19,10.95,0.0,12,13140,бТел
821,11:21:30,10.95,0.0,21,22995,бТел
822,11:21:37,10.95,0.0,10,10950,бТел
823,11:21:47,10.96,0.010000000000001563,1,1096,бРел
824,11:21:49,10.95,-0.010000000000001563,2,2190,бТел
825,11:21:55,10.96,0.010000000000001563,1,1096,бРел
826,11:21:58,10.95,-0.010000000000001563,10,10950,бТел
827,11:22:13,10.96,0.010000000000001563,70,76720,бРел
828,11:22:25,10.96,0.0,5,5480,бРел
829,11:22:30,10.96,0.0,190,208240,бРел
830,11:22:41,10.96,0.0,103,112888,бРел
831,11:22:49,10.96,0.0,30,32880,бТел
832,11:22:59,10.97,0.009999999999999787,1,1097,бРел
833,11:23:07,10.96,0.0,4,4384,бТел
834,11:23:17,10.96,0.0,5,5480,бТел
835,11:23:19,10.96,0.0,14,15344,бТел
836,11:23:37,10.95,-0.010000000000001563,7,7665,бТел
837,11:23:53,10.95,0.0,5,5475,бТел
838,11:23:59,10.96,0.010000000000001563,1,1096,бРел
839,11:24:05,10.95,-0.010000000000001563,2,2190,бТел
840,11:24:23,10.95,0.0,1,1095,бТел
841,11:24:41,10.96,0.010000000000001563,15,16440,бРел
842,11:24:43,10.95,-0.010000000000001563,10,10950,бТел
843,11:24:49,10.95,-0.010000000000001563,20,21900,бТел
844,11:24:55,10.96,0.010000000000001563,21,23016,бРел
845,11:24:59,10.95,-0.010000000000001563,5,5476,бТел
846,11:25:11,10.97,0.02000000000000135,9,9869,бРел
847,11:25:23,10.97,0.0,9,9873,бРел
848,11:25:59,10.97,0.0,1,1097,бРел
849,11:26:19,10.96,-0.009999999999999787,11,12066,бТел
850,11:26:23,10.97,0.009999999999999787,7,7679,бРел
851,11:26:41,10.97,0.0,33,36201,бРел
852,11:26:47,10.97,0.0,7,7679,бРел
853,11:26:53,10.97,0.0,10,10970,бРел
854,11:26:59,10.97,0.0,23,25226,бРел
855,11:27:05,10.97,0.0,43,47171,бРел
856,11:27:13,10.97,0.0,2,2194,бТел
857,11:27:35,10.97,-0.009999999999999787,2,2194,бТел
858,11:27:49,10.98,0.009999999999999787,20,21960,бРел
859,11:27:55,10.97,-0.009999999999999787,2,2194,бТел
860,11:27:59,10.98,0.009999999999999787,1,1098,бРел
861,11:28:07,10.97,0.0,10,10970,бТел
862,11:28:13,10.98,0.009999999999999787,9,9882,бРел
863,11:28:19,10.98,0.009999999999999787,3,3292,бРел
864,11:28:37,10.98,0.0,10,10980,бРел
865,11:28:43,10.97,-0.009999999999999787,10,10970,бТел
866,11:28:59,10.98,0.009999999999999787,1,1098,бРел
867,11:29:11,10.98,0.0,23,25241,бРел
868,11:29:13,10.97,-0.009999999999999787,1,1097,бТел
869,11:29:25,10.97,0.0,25,27425,бТел
870,11:29:35,10.97,0.0,46,50462,бТел
871,11:29:55,10.97,0.0,2,2194,бТел
872,13:00:01,10.97,0.0,650,712929,бРел
873,13:00:05,10.97,0.0,69,75619,бРел
874,13:00:11,10.97,0.0,3,3291,бРел
875,13:00:13,10.95,-0.02000000000000135,37,40517,бТел
876,13:00:19,10.97,0.02000000000000135,18,19746,бРел
877,13:00:23,10.97,0.0,42,46074,бРел
878,13:00:29,10.97,0.0,3,3291,бТел
879,13:00:35,10.98,0.0,1,1098,бРел
880,13:00:41,10.98,0.0,2,2196,бРел
881,13:00:47,10.98,0.0,1,1098,бРел
882,13:00:49,10.97,-0.009999999999999787,3,3291,бТел
883,13:00:53,10.98,0.009999999999999787,3,3294,бРел
884,13:01:01,10.97,-0.009999999999999787,10,10970,бТел
885,13:01:05,10.97,0.0,4,4390,бТел
886,13:01:11,10.98,0.009999999999999787,3,3294,бРел
887,13:01:13,10.97,-0.009999999999999787,67,73499,бТел
888,13:01:19,10.97,0.0,1,1097,бТел
889,13:01:23,10.97,0.0,44,48268,бТел
890,13:01:29,10.97,0.0,1,1097,бРел
891,13:01:35,10.97,0.0,8,8776,бТел
892,13:01:59,10.98,0.009999999999999787,1,1098,бРел
893,13:02:04,10.98,0.0,2,2196,бРел
894,13:02:11,10.98,0.0,4,4392,бРел
895,13:02:13,10.98,0.0,58,63684,бРел
896,13:02:23,10.97,0.0,2,2195,бТел
897,13:02:29,10.97,0.0,1,1097,бТел
898,13:02:35,10.97,0.0,174,191038,бТел
899,13:02:47,10.97,0.0,4,4388,бРел
900,13:02:59,10.97,0.0,1,1097,бРел
901,13:03:05,10.96,0.0,4,4384,бРел
902,13:03:11,10.95,-0.010000000000001563,95,104027,бТел
903,13:03:13,10.97,0.02000000000000135,5,5485,бРел
904,13:03:23,10.96,-0.009999999999999787,5,5480,бРел
905,13:03:38,10.96,0.0,42,46069,бТел
906,13:03:47,10.97,0.009999999999999787,1,1097,бРел
907,13:03:55,10.97,0.0,76,83280,бРел
908,13:03:59,10.97,0.0,4,4389,бТел
909,13:04:05,10.97,0.0,1,1097,бТел
910,13:04:17,10.97,0.0,27,29639,бТел
911,13:04:25,10.97,0.0,2,2194,бТел
912,13:04:29,10.97,0.0,13,14261,бТел
913,13:04:43,10.97,-0.009999999999999787,1,1097,бТел
914,13:04:49,10.97,0.0,39,42783,бТел
915,13:05:05,10.97,0.0,1,1097,бРел
916,13:05:09,10.97,0.0,26,28522,бРел
917,13:05:17,10.97,0.0,1,1097,бТел
918,13:05:25,10.97,0.0,17,18649,бТел
919,13:05:39,10.97,0.0,1,1097,бРел
920,13:05:47,10.97,0.0,1,1097,бРел
921,13:05:53,10.97,0.0,24,26328,бРел
922,13:06:01,10.97,0.0,1,1097,бРел
923,13:06:11,10.97,0.0,3,3291,бРел
924,13:06:17,10.96,-0.009999999999999787,1,1096,бТел
925,13:06:35,10.97,0.009999999999999787,1,1097,бРел
926,13:06:49,10.97,0.0,1,1097,бРел
927,13:06:59,10.96,-0.009999999999999787,55,60280,бТел
928,13:07:11,10.97,0.009999999999999787,1,1097,бРел
929,13:07:13,10.96,-0.009999999999999787,1,1096,бТел
930,13:07:19,10.96,0.0,34,37264,бТел
931,13:07:23,10.96,0.0,15,16440,бТел
932,13:07:29,10.95,-0.010000000000001563,4,4381,бТел
933,13:07:41,10.95,0.0,23,25185,бТел
934,13:07:47,10.96,0.010000000000001563,22,24092,бРел
935,13:07:59,10.96,0.0,1,1096,бРел
936,13:08:08,10.95,-0.010000000000001563,3,3285,бТел
937,13:08:13,10.95,0.0,17,18615,бТел
938,13:08:41,10.95,0.0,140,153300,бТел
939,13:08:43,10.95,0.0,1,1095,бРел
940,13:08:53,10.95,0.0,18,19710,бРел
941,13:09:01,10.95,0.0,21,22975,бРел
942,13:09:05,10.94,-0.009999999999999787,3,3282,бТел
943,13:09:11,10.95,0.009999999999999787,188,205860,бРел
944,13:09:13,10.95,0.0,3,3285,бТел
945,13:09:23,10.95,0.0,50,54750,бТел
946,13:09:29,10.96,0.010000000000001563,1,1096,бРел
947,13:09:47,10.96,0.0,1,1096,бРел
948,13:09:59,10.96,0.0,1,1096,бРел
949,13:10:07,10.96,0.0,100,109600,бРел
950,13:10:19,10.96,0.0,40,43874,бТел
951,13:10:29,10.96,0.0,10,10960,бТел
952,13:10:35,10.96,0.0,100,109600,бТел
953,13:10:47,10.97,0.0,1,1097,бРел
954,13:11:05,10.97,0.0,1,1097,бРел
955,13:11:25,10.97,0.009999999999999787,10,10970,бРел
956,13:11:31,10.97,0.0,477,523267,бРел
957,13:11:35,10.97,0.0,8,8776,бРел
958,13:11:39,10.97,0.0,47,51559,бРел
959,13:11:53,10.98,0.009999999999999787,5,5490,бРел
960,13:12:05,10.97,0.0,10,10970,бТел
961,13:12:19,10.97,0.0,20,21940,бТел
962,13:12:31,10.97,0.0,1,1097,бТел
963,13:12:35,10.97,0.0,10,10970,бТел
964,13:12:43,10.98,0.009999999999999787,1,1098,бРел
965,13:12:51,10.97,0.0,20,21940,бТел
966,13:12:55,10.97,0.0,38,41686,бТел
967,13:12:59,10.98,0.009999999999999787,1,1098,бРел
968,13:13:07,10.98,0.0,3,3294,бРел
969,13:13:13,10.98,0.0,11,12078,бРел
970,13:13:31,10.97,-0.009999999999999787,2,2194,бРел
971,13:13:41,10.97,0.0,1,1097,бРел
972,13:13:53,10.97,0.0,1,1097,бРел
973,13:13:59,10.97,0.0,1,1097,бРел
974,13:14:05,10.97,0.0,27,29619,бРел
975,13:14:11,10.97,0.0,1,1097,бРел
976,13:14:21,10.97,0.0,12,13164,бРел
977,13:14:25,10.96,0.0,5,5480,бТел
978,13:14:33,10.97,0.009999999999999787,8,8776,бРел
979,13:14:47,10.97,0.0,15,16455,бРел
980,13:15:01,10.96,-0.009999999999999787,11,12057,бТел
981,13:15:13,10.96,0.0,40,43844,бТел
982,13:15:41,10.97,0.009999999999999787,2,2194,бРел
983,13:15:55,10.96,-0.009999999999999787,69,75655,бТел
984,13:15:59,10.96,0.0,18,19728,бТел
985,13:16:07,10.97,0.0,1,1097,бРел
986,13:16:11,10.97,0.0,7,7673,бРел
987,13:16:13,10.97,0.0,100,109700,бРел
988,13:16:25,10.96,0.0,5,5480,бТел
989,13:16:29,10.97,0.009999999999999787,1,1097,бРел
990,13:16:33,10.96,-0.009999999999999787,4,4384,бТел
991,13:16:41,10.97,0.0,2,2194,бРел
992,13:16:43,10.97,0.0,10,10970,бРел
993,13:16:49,10.97,0.0,13,14261,бТел
994,13:17:01,10.98,0.009999999999999787,1,1098,бРел
995,13:17:35,10.98,0.0,1,1098,бРел
996,13:17:41,10.98,0.009999999999999787,1196,1313208,бРел
997,13:17:43,10.99,0.009999999999999787,2,2198,бРел
998,13:17:50,10.98,-0.009999999999999787,45,49410,бТел
999,13:17:59,10.98,0.0,5,5490,бРел
1000,13:18:09,10.99,0.0,373,409927,бРел
1001,13:18:13,11.0,0.0,312,343200,бРел
1002,13:18:19,11.02,0.019999999999999574,1059,1165768,бРел
1003,13:18:25,11.03,0.009999999999999787,45,49633,бРел
1004,13:18:29,11.02,-0.009999999999999787,9,9918,бТел
1005,13:18:35,11.02,0.0,61,67245,бРел
1006,13:18:39,11.03,0.009999999999999787,5,5515,бРел
1007,13:18:43,11.04,0.0,4,4416,бТел
1008,13:18:49,11.04,0.0,15,16560,бТел
1009,13:18:53,11.05,0.010000000000001563,17,18775,бРел
1010,13:18:58,11.04,0.009999999999999787,19,20976,бРел
1011,13:19:05,11.05,0.010000000000001563,24,26520,бРел
1012,13:19:11,11.04,0.0,5,5520,бТел
1013,13:19:17,11.04,0.0,30,33120,бТел
1014,13:19:19,11.04,0.0,45,49682,бТел
1015,13:19:23,11.04,0.0,34,37536,бТел
1016,13:19:29,11.04,0.0,3,3312,бРел
1017,13:19:35,11.03,0.0,54,59562,бРел
1018,13:19:39,11.03,0.0,21,23163,бРел
1019,13:19:43,11.03,0.0,111,122433,бРел
1020,13:19:48,11.03,0.0,20,22060,бТел
1021,13:19:53,11.03,0.0,5,5515,бТел
1022,13:19:59,11.03,-0.009999999999999787,1,1103,бТел
1023,13:20:07,11.05,0.010000000000001563,1525,1684700,бРел
1024,13:20:11,11.05,0.0,206,227593,бРел
1025,13:20:13,11.04,-0.010000000000001563,78,86116,бТел
1026,13:20:19,11.05,0.0,76,83980,бРел
1027,13:20:23,11.05,0.0,246,271830,бРел
1028,13:20:29,11.06,0.0,91,100640,бРел
1029,13:20:35,11.07,0.009999999999999787,310,343180,бРел
1030,13:20:38,11.08,0.009999999999999787,42,46532,бРел
1031,13:20:43,11.08,0.0,731,810051,бРел
1032,13:20:49,11.09,0.0,168,186311,бРел
1033,13:20:53,11.1,0.009999999999999787,92,102078,бРел
1034,13:20:59,11.1,0.0,356,395155,бРел
1035,13:21:05,11.1,0.0,53,58830,бРел
1036,13:21:11,11.08,-0.019999999999999574,530,587867,бТел
1037,13:21:17,11.07,-0.009999999999999787,6,6642,бТел
1038,13:21:19,11.07,0.0,36,39852,бТел
1039,13:21:23,11.07,0.0,57,63099,бТел
1040,13:21:29,11.07,0.0,1,1107,бРел
1041,13:21:35,11.05,-0.009999999999999787,30,33163,бТел
1042,13:21:41,11.07,0.009999999999999787,40,44278,бРел
1043,13:21:43,11.07,0.0,142,156970,бРел
1044,13:21:49,11.06,-0.009999999999999787,44,48664,бРел
1045,13:21:53,11.05,-0.009999999999999787,40,44209,бТел
1046,13:21:59,11.05,0.0,99,109433,бТел
1047,13:22:03,11.05,0.0,26,28730,бРел
1048,13:22:11,11.05,0.0,1,1105,бРел
1049,13:22:13,11.05,0.0,3,3315,бРел
1050,13:22:19,11.05,0.0,100,110500,бТел
1051,13:22:25,11.05,0.0,5,5525,бТел
1052,13:22:29,11.05,0.0,31,34231,бРел
1053,13:22:35,11.05,0.0,8,8840,бТел
1054,13:22:43,11.05,0.0,5,5525,бТел
1055,13:22:51,11.05,0.0,217,239897,бТел
1056,13:22:55,11.05,0.0,26,28746,бТел
1057,13:22:59,11.06,0.009999999999999787,1,1106,бРел
1058,13:23:05,11.05,-0.009999999999999787,336,371340,бТел
1059,13:23:15,11.05,0.0,11,12164,бТел
1060,13:23:19,11.07,0.009999999999999787,22,24354,бРел
1061,13:23:23,11.07,0.0,5,5534,бРел
1062,13:23:29,11.05,-0.019999999999999574,343,379156,бТел
1063,13:23:33,11.06,0.009999999999999787,188,207771,бРел
1064,13:23:41,11.06,0.0,94,103964,бРел
1065,13:23:45,11.06,0.0,10,11060,бРел
1066,13:23:49,11.06,0.0,27,29862,бРел
1067,13:23:53,11.06,0.0,96,106176,бТел
1068,13:23:59,11.07,0.019999999999999574,237,262351,бРел
1069,13:24:05,11.06,-0.009999999999999787,68,75170,бРел
1070,13:24:11,11.06,0.0,6,6636,бРел
1071,13:24:13,11.05,-0.009999999999999787,76,83980,бТел
1072,13:24:20,11.03,-0.02000000000000135,324,357711,бТел
1073,13:24:25,11.03,0.0,1,1103,бРел
1074,13:24:31,11.03,0.0,94,103682,бТел
1075,13:24:35,11.03,0.0,63,69489,бРел
1076,13:24:41,11.02,-0.009999999999999787,38,41876,бТел
1077,13:24:49,11.03,0.009999999999999787,6,6618,бРел
1078,13:24:53,11.03,0.0,3,3309,бТел
1079,13:25:03,11.02,-0.009999999999999787,18,19836,бТел
1080,13:25:11,11.02,-0.009999999999999787,35,38583,бТел
1081,13:25:13,11.03,0.009999999999999787,3,3309,бРел
1082,13:25:19,11.02,0.0,67,73834,бТел
1083,13:25:23,11.02,0.0,3,3306,бТел
1084,13:25:29,11.02,0.0,4,4408,бТел
1085,13:25:37,11.02,0.0,527,580781,бТел
1086,13:25:41,11.02,0.0,12,13224,бТел
1087,13:25:45,11.02,0.0,79,87058,бТел
1088,13:25:49,11.02,0.0,102,112404,бТел
1089,13:25:53,11.02,0.0,50,55110,бТел
1090,13:25:59,11.02,0.0,20,22059,бТел
1091,13:26:03,11.02,0.0,144,158688,бТел
1092,13:26:08,11.03,0.0,26,28678,бРел
1093,13:26:13,11.03,0.0,274,302222,бРел
1094,13:26:19,11.02,-0.009999999999999787,105,115715,бТел
1095,13:26:23,11.03,0.009999999999999787,395,435685,бРел
1096,13:26:29,11.03,0.0,1,1103,бТел
1097,13:26:37,11.03,-0.009999999999999787,102,112406,бРел
1098,13:26:49,11.03,0.0,8,8824,бТел
1099,13:27:06,11.02,-0.009999999999999787,4,4409,бТел
1100,13:27:09,11.03,0.009999999999999787,25,27575,бРел
1101,13:27:35,11.02,-0.009999999999999787,36,39672,бТел
1102,13:27:41,11.03,0.009999999999999787,6,6618,бРел
1103,13:27:47,11.03,0.0,5,5515,бРел
1104,13:27:53,11.02,-0.009999999999999787,400,440800,бТел
1105,13:27:59,11.02,-0.009999999999999787,12,13224,бТел
1106,13:28:05,11.02,0.0,1,1102,бРел
1107,13:28:13,11.02,0.0,53,58406,бРел
1108,13:28:19,11.01,0.0,1,1101,бТел
1109,13:28:23,11.02,0.009999999999999787,12,13224,бРел
1110,13:28:35,11.02,0.0,1,1102,бРел
1111,13:28:47,11.01,0.0,10,11010,бТел
1112,13:28:49,11.02,0.009999999999999787,11,12122,бРел
1113,13:28:53,11.01,-0.009999999999999787,58,63858,бТел
1114,13:28:59,11.01,0.0,10,11010,бТел
1115,13:29:05,11.01,0.0,30,33030,бТел
1116,13:29:23,11.01,0.0,6,6606,бТел
1117,13:29:29,11.02,0.009999999999999787,94,103588,бРел
1118,13:29:49,11.02,0.0,110,121220,бТел
1119,13:29:53,11.02,0.0,1,1102,бРел
1120,13:30:07,11.02,0.0,38,41839,бРел
1121,13:30:11,11.01,-0.009999999999999787,2,2202,бТел
1122,13:30:19,11.02,0.009999999999999787,60,66120,бРел
1123,13:30:23,11.02,0.0,8,8816,бРел
1124,13:30:37,11.03,0.009999999999999787,80,88240,бРел
1125,13:30:41,11.03,0.0,11,12133,бРел
1126,13:30:49,11.04,0.009999999999999787,18,19872,бРел
1127,13:30:53,11.04,0.0,20,22080,бРел
1128,13:31:05,11.05,0.010000000000001563,50,55250,бРел
1129,13:31:09,11.05,0.0,63,69615,бРел
1130,13:31:23,11.05,0.0,21,23205,бРел
1131,13:31:49,11.05,0.0,2,2210,бРел
1132,13:32:01,11.05,0.0,1,1105,бРел
1133,13:32:13,11.05,0.0,10,11050,бРел
1134,13:32:31,11.05,0.0,100,110500,бРел
1135,13:32:35,11.04,-0.010000000000001563,10,11040,бТел
1136,13:32:41,11.05,0.010000000000001563,6,6628,бРел
1137,13:32:47,11.04,-0.010000000000001563,14,15456,бРел
1138,13:32:53,11.04,0.0,1,1104,бТел
1139,13:33:05,11.04,0.0,1,1104,бРел
1140,13:33:13,11.01,-0.02999999999999936,200,220325,бТел
1141,13:33:35,11.02,0.009999999999999787,6,6612,жпптел
1142,13:33:43,11.02,0.0,5,5510,бТел
1143,13:33:55,11.02,0.0,3,3306,бТел
1144,13:33:59,11.02,0.0,3,3306,бТел
1145,13:34:07,11.03,0.009999999999999787,27,29781,бРел
1146,13:34:11,11.03,0.0,53,58456,бРел
1147,13:34:13,11.02,-0.009999999999999787,2,2204,бТел
1148,13:34:26,11.02,0.0,19,20938,бРел
1149,13:34:35,11.01,-0.009999999999999787,5,5505,бТел
1150,13:34:41,11.02,0.009999999999999787,10,11020,бРел
1151,13:34:43,11.01,-0.009999999999999787,1,1101,бТел
1152,13:34:49,11.01,0.0,10,11010,бТел
1153,13:34:53,11.02,0.009999999999999787,23,25346,бРел
1154,13:34:59,11.01,-0.009999999999999787,1,1101,бТел
1155,13:35:08,11.01,0.0,50,55097,бТел
1156,13:35:17,11.02,0.0,19,20938,бРел
1157,13:35:26,11.01,-0.009999999999999787,2,2202,бТел
1158,13:35:38,11.01,0.0,9,9909,бТел
1159,13:35:43,11.01,0.0,1,1101,бТел
1160,13:35:49,11.02,0.009999999999999787,38,41876,бРел
1161,13:35:53,11.01,-0.009999999999999787,124,136524,бТел
1162,13:35:59,11.01,0.0,3,3303,бТел
1163,13:36:05,11.02,0.009999999999999787,4,4405,бРел
1164,13:36:13,11.02,0.009999999999999787,21,23142,бРел
1165,13:36:25,11.01,-0.009999999999999787,11,12113,бТел
1166,13:36:33,11.02,0.009999999999999787,4,4408,бРел
1167,13:36:43,11.01,0.0,120,132120,бТел
1168,13:36:50,11.02,0.009999999999999787,129,142117,бРел
1169,13:37:08,11.03,0.009999999999999787,2,2205,бРел
1170,13:37:17,11.02,-0.009999999999999787,3,3306,бТел
1171,13:37:31,11.02,0.0,20,22040,бТел
1172,13:37:35,11.02,0.0,11,12122,бТел
1173,13:37:41,11.02,0.0,1,1102,бТел
1174,13:37:43,11.02,0.0,27,29754,бТел
1175,13:37:49,11.03,0.009999999999999787,14,15442,бРел
1176,13:37:53,11.02,-0.009999999999999787,2,2204,бТел
1177,13:38:01,11.02,0.0,10,11020,бТел
1178,13:38:05,11.02,0.0,19,20938,бТел
1179,13:38:08,11.03,0.009999999999999787,1,1103,бРел
1180,13:38:37,11.01,-0.009999999999999787,2,2202,бТел
1181,13:38:41,11.02,0.009999999999999787,51,56201,бРел
1182,13:38:50,11.01,-0.009999999999999787,50,55050,бТел
1183,13:39:07,11.02,0.009999999999999787,1,1102,бРел
1184,13:39:28,11.01,-0.009999999999999787,13,14313,бТел
1185,13:39:41,11.01,0.0,5,5505,бТел
1186,13:39:53,11.01,0.0,1,1101,бТел
1187,13:39:59,11.02,0.0,11,12122,бРел
1188,13:40:07,11.02,0.0,1,1102,бРел
1189,13:40:11,11.01,-0.009999999999999787,51,56152,бТел
1190,13:40:13,11.01,0.0,2,2202,бТел
1191,13:40:23,11.01,0.0,110,121110,бТел
1192,13:40:29,11.01,-0.009999999999999787,1,1101,бТел
1193,13:41:05,11.01,0.0,2,2202,бТел
1194,13:41:11,11.01,0.0,3,3303,бТел
1195,13:41:23,11.01,0.0,1,1101,бТел
1196,13:41:29,11.02,0.009999999999999787,10,11020,бРел
1197,13:41:35,11.01,0.0,1,1101,бТел
1198,13:41:38,11.01,0.0,17,18717,бТел
1199,13:41:59,11.01,0.0,50,55050,бТел
1200,13:42:07,11.02,0.009999999999999787,1,1102,бРел
1201,13:42:11,11.01,-0.009999999999999787,2,2202,бТел
1202,13:42:41,11.02,0.009999999999999787,15,16530,бРел
1203,13:42:59,11.01,-0.009999999999999787,2,2202,бТел
1204,13:43:11,11.01,0.0,12,13213,бТел
1205,13:43:29,11.01,0.0,8,8808,бТел
1206,13:43:46,11.01,0.0,15,16515,бТел
1207,13:43:50,11.01,0.0,16,17616,бТел
1208,13:43:59,11.01,0.0,5,5505,бТел
1209,13:44:08,11.02,0.009999999999999787,1,1102,бРел
1210,13:44:19,11.01,-0.009999999999999787,10,11010,бТел
1211,13:44:23,11.01,0.0,1,1101,бТел
1212,13:44:31,11.01,0.0,8,8815,бТел
1213,13:44:56,11.01,0.0,3,3303,бТел
1214,13:44:58,11.01,0.0,8,8814,бТел
1215,13:45:03,11.01,0.0,3,3303,бТел
1216,13:45:09,11.02,0.009999999999999787,44,48445,бРел
1217,13:45:17,11.01,-0.009999999999999787,1,1101,бТел
1218,13:45:31,11.01,0.0,15,16515,бТел
1219,13:45:34,11.01,0.0,5,5505,бТел
1220,13:45:41,11.02,0.0,5,5510,бТел
1221,13:45:53,11.03,0.009999999999999787,49,54047,бРел
1222,13:45:59,11.03,0.0,10,11030,бТел
1223,13:46:13,11.04,0.0,97,107088,бРел
1224,13:46:23,11.04,0.0,10,11040,бТел
1225,13:46:29,11.05,0.010000000000001563,30,33130,бРел
1226,13:46:35,11.04,-0.010000000000001563,10,11040,бТел
1227,13:46:44,11.05,0.0,2,2210,бРел
1228,13:46:53,11.04,-0.010000000000001563,9,9936,бТел
1229,13:47:01,11.04,0.0,40,44160,бТел
1230,13:47:08,11.04,0.0,11,12144,бТел
1231,13:47:13,11.04,0.0,113,124753,бТел
1232,13:47:37,11.03,-0.009999999999999787,4,4412,бТел
1233,13:47:41,11.03,0.0,22,24266,бТел
1234,13:47:55,11.03,0.0,1,1103,бТел
1235,13:48:13,11.04,0.009999999999999787,1,1104,бРел
1236,13:48:37,11.04,0.0,5,5520,бРел
1237,13:49:11,11.04,0.0,130,143520,бРел
1238,13:49:13,11.04,0.0,8,8832,бТел
1239,13:49:23,11.05,0.010000000000001563,65,71821,бРел
1240,13:49:29,11.05,0.0,4,4420,бРел
1241,13:49:34,11.04,-0.010000000000001563,61,67346,бТел
1242,13:49:39,11.05,0.010000000000001563,11,12154,бРел
1243,13:49:43,11.02,-0.030000000000001137,213,234844,бТел
1244,13:50:05,11.03,0.009999999999999787,58,63974,бТел
1245,13:50:10,11.03,0.0,10,11030,бРел
1246,13:50:13,11.03,0.0,14,15442,бРел
1247,13:50:25,11.04,0.0,2,2208,бРел
1248,13:50:31,11.03,-0.009999999999999787,6,6623,бТел
1249,13:50:34,11.04,0.009999999999999787,82,90486,бРел
1250,13:50:53,11.03,0.0,16,17654,бТел
1251,13:50:59,11.04,0.0,30,33120,бРел
1252,13:51:11,11.04,0.0,51,56304,бРел
1253,13:51:13,11.04,0.0,10,11040,бРел
1254,13:51:23,11.04,0.0,106,117024,бРел
1255,13:51:32,11.03,-0.009999999999999787,29,31987,бТел
1256,13:51:43,11.04,0.009999999999999787,150,165600,бРел
1257,13:51:49,11.03,0.0,1,1103,бТел
1258,13:51:53,11.04,0.009999999999999787,121,133584,бРел
1259,13:52:05,11.03,-0.009999999999999787,1,1103,бТел
1260,13:52:19,11.03,0.0,2,2206,бТел
1261,13:52:23,11.03,0.0,2,2206,бТел
1262,13:52:29,11.03,0.0,1,1103,бТел
1263,13:52:41,11.03,0.0,7,7721,бТел
1264,13:52:46,11.03,0.0,151,166702,бТел
1265,13:52:49,11.04,0.009999999999999787,3,3312,бРел
1266,13:53:11,11.04,0.0,1,1104,бРел
1267,13:53:31,11.04,0.0,6,6624,бРел
1268,13:53:41,11.03,-0.009999999999999787,10,11030,бТел
1269,13:54:05,11.04,0.009999999999999787,10,11040,бРел
1270,13:54:11,11.04,0.0,6,6619,бРел
1271,13:54:13,11.04,0.0,16,17664,бРел
1272,13:54:26,11.04,0.0,6,6624,бРел
1273,13:54:34,11.04,0.0,19,20976,бРел
1274,13:55:10,11.04,0.0,1,1104,бРел
1275,13:55:21,11.04,0.0,2,2208,бРел
1276,13:55:23,11.04,0.0,76,83904,бРел
1277,13:55:31,11.04,0.0,10,11040,бРел
1278,13:55:40,11.03,-0.009999999999999787,8,8824,бТел
1279,13:56:01,11.03,0.0,6,6619,бТел
1280,13:56:05,11.04,0.009999999999999787,5,5520,бРел
1281,13:56:11,11.04,0.0,1,1104,бРел
1282,13:56:14,11.03,-0.009999999999999787,3,3309,бТел
1283,13:56:34,11.04,0.0,1,1104,бРел
1284,13:56:40,11.03,-0.009999999999999787,6,6618,бТел
1285,13:56:49,11.04,0.009999999999999787,1,1104,бРел
1286,13:57:04,11.04,0.0,1,1104,бРел
1287,13:57:20,11.04,0.0,1,1104,бРел
1288,13:57:29,11.04,0.0,1,1104,бРел
1289,13:57:38,11.04,0.009999999999999787,5,5520,бРел
1290,13:57:44,11.04,0.0,3,3312,бРел
1291,13:57:53,11.04,0.0,31,34224,бРел
1292,13:58:01,11.04,0.0,10,11040,бРел
1293,13:58:05,11.03,-0.009999999999999787,1,1103,бТел
1294,13:58:10,11.04,0.009999999999999787,1,1104,бРел
1295,13:58:14,11.04,0.0,10,11040,бРел
1296,13:58:18,11.04,0.0,1,1104,бРел
1297,13:58:23,11.03,-0.009999999999999787,1,1103,бТел
1298,13:58:41,11.04,0.0,1,1104,бРел
1299,13:58:53,11.03,-0.009999999999999787,124,136772,бТел
1300,13:58:59,11.04,0.009999999999999787,10,11040,бРел
1301,13:59:08,11.03,0.0,15,16545,бТел
1302,13:59:19,11.04,0.009999999999999787,1,1104,бРел
1303,13:59:38,11.03,-0.009999999999999787,94,103682,бТел
1304,13:59:53,11.03,0.0,4,4412,бТел
1305,13:59:59,11.03,0.0,2,2206,бТел
1306,14:00:04,11.03,0.0,7,7721,бТел
1307,14:00:13,11.03,0.0,144,158832,бТел
1308,14:00:23,11.02,-0.009999999999999787,83,91466,бТел
1309,14:00:34,11.02,0.0,20,22040,бТел
1310,14:00:41,11.03,0.009999999999999787,10,11030,бРел
1311,14:00:43,11.02,-0.009999999999999787,2,2204,бТел
1312,14:00:57,11.02,-0.009999999999999787,15,16530,бТел
1313,14:01:04,11.02,0.0,5,5510,бТел
1314,14:01:13,11.03,0.009999999999999787,1,1103,бРел
1315,14:01:35,11.03,0.0,5,5515,бРел
1316,14:01:47,11.03,0.0,10,11030,бРел
1317,14:01:53,11.02,-0.009999999999999787,5,5510,бТел
1318,14:02:08,11.03,0.009999999999999787,108,119109,бРел
1319,14:02:16,11.03,0.0,1,1103,бРел
1320,14:02:32,11.02,-0.009999999999999787,6,6612,бТел
1321,14:02:34,11.02,0.0,1,1102,бТел
1322,14:02:41,11.02,0.0,165,181830,бТел
1323,14:02:49,11.02,0.0,10,11020,бРел
1324,14:02:55,11.02,0.0,70,77140,бРел
1325,14:03:14,11.02,0.0,12,13224,бТел
1326,14:03:20,11.03,0.009999999999999787,27,29781,бРел
1327,14:03:29,11.02,-0.009999999999999787,20,22040,бТел
1328,14:03:37,11.02,-0.009999999999999787,3,3306,бТел
1329,14:03:53,11.03,0.009999999999999787,2,2206,бРел
1330,14:04:01,11.03,0.0,2,2206,бРел
1331,14:04:04,11.03,0.0,4,4412,бРел
1332,14:04:09,11.02,-0.009999999999999787,5,5510,бТел
1333,14:04:13,11.03,0.0,81,89343,бРел
1334,14:04:19,11.03,-0.009999999999999787,7,7721,бТел
1335,14:04:29,11.03,0.0,11,12133,бТел
1336,14:04:56,11.03,0.0,80,88240,бТел
1337,14:05:11,11.04,0.009999999999999787,3,3312,бРел
1338,14:05:28,11.04,0.0,10,11040,бРел
1339,14:05:43,11.04,0.0,20,22070,бРел
1340,14:05:56,11.04,0.0,3,3312,бРел
1341,14:06:02,11.03,-0.009999999999999787,9,9927,бТел
1342,14:06:10,11.04,0.009999999999999787,51,56304,бРел
1343,14:06:17,11.04,0.0,6,6619,бРел
1344,14:06:25,11.04,0.0,87,96048,бРел
1345,14:06:31,11.03,-0.009999999999999787,20,22060,бТел
1346,14:06:49,11.03,0.0,43,47429,бТел
1347,14:06:53,11.03,0.0,1,1103,бТел
1348,14:07:04,11.03,0.0,24,26472,бТел
1349,14:07:08,11.03,0.0,53,58459,бТел
1350,14:07:13,11.03,0.0,34,37502,бТел
1351,14:07:21,11.03,0.0,1,1103,бРел
1352,14:07:26,11.03,0.0,5,5515,бРел
1353,14:07:32,11.03,0.0,59,65077,бРел
1354,14:07:52,11.03,0.0,31,34193,бТел
1355,14:08:02,11.03,0.0,3,3309,бТел
1356,14:08:08,11.03,0.0,4,4412,бТел
1357,14:08:32,11.04,0.0,9,9936,бРел
1358,14:08:34,11.04,0.0,26,28704,бРел
1359,14:08:38,11.04,0.0,6,6624,бРел
1360,14:09:01,11.03,-0.009999999999999787,30,33090,бТел
1361,14:09:14,11.04,0.009999999999999787,35,38640,бРел
1362,14:09:20,11.04,0.0,87,96048,бРел
1363,14:09:23,11.04,0.0,610,673430,бРел
1364,14:09:38,11.05,0.010000000000001563,40,44200,бРел
1365,14:09:44,11.05,0.0,218,240890,бРел
1366,14:09:49,11.05,0.0,63,69615,бРел
1367,14:09:53,11.05,0.0,31,34255,бРел
1368,14:09:58,11.04,-0.010000000000001563,50,55200,бТел
1369,14:10:08,11.05,0.0,45,49725,бРел
1370,14:10:17,11.05,0.0,170,187850,бРел
1371,14:10:20,11.05,0.0,63,69615,бРел
1372,14:10:26,11.05,0.0,67,74035,бРел
1373,14:10:28,11.05,0.0,136,150280,бРел
1374,14:10:35,11.06,0.0,70,77420,бРел
1375,14:10:38,11.06,0.0,216,238896,бРел
1376,14:10:44,11.06,-0.009999999999999787,10,11060,бТел
1377,14:11:04,11.07,0.009999999999999787,2,2214,бРел
1378,14:11:10,11.07,0.0,62,68634,бРел
1379,14:11:17,11.07,0.0,1,1107,бРел
1380,14:11:19,11.07,0.0,26,28782,бРел
1381,14:11:28,11.06,-0.009999999999999787,1,1106,бТел
1382,14:11:38,11.07,0.009999999999999787,10,11070,бРел
1383,14:11:44,11.07,0.009999999999999787,1,1107,бРел
1384,14:11:50,11.07,0.009999999999999787,10,11070,бРел
1385,14:11:56,11.06,0.0,26,28756,бТел
1386,14:12:10,11.06,0.0,10,11060,бРел
1387,14:12:13,11.06,0.0,2,2212,бРел
1388,14:12:28,11.05,-0.009999999999999787,22,24312,бТел
1389,14:12:35,11.05,0.0,2,2210,бТел
1390,14:12:46,11.04,-0.010000000000001563,2,2208,бТел
1391,14:13:19,11.05,0.010000000000001563,1,1105,бРел
1392,14:13:53,11.04,-0.010000000000001563,3,3312,бТел
1393,14:14:04,11.04,0.0,106,117024,бТел
1394,14:14:29,11.04,0.0,7,7728,бРел
1395,14:14:44,11.04,0.0,38,41916,бРел
1396,14:14:56,11.02,-0.019999999999999574,4,4408,бТел
1397,14:15:10,11.02,0.0,6,6612,бТел
1398,14:15:13,11.02,0.0,100,110200,бТел
1399,14:15:19,11.03,0.009999999999999787,21,23163,бРел
1400,14:15:29,11.02,-0.009999999999999787,49,53998,бТел
1401,14:15:35,11.03,0.009999999999999787,10,11028,бРел
1402,14:15:38,11.02,-0.009999999999999787,1,1102,бТел
1403,14:15:49,11.02,0.0,10,11020,бТел
1404,14:16:02,11.03,0.009999999999999787,4,4412,бРел
1405,14:16:16,11.03,0.0,1,1103,бРел
1406,14:16:38,11.03,0.0,1,1103,бРел
1407,14:16:52,11.03,0.0,3,3309,бРел
1408,14:17:02,11.02,-0.009999999999999787,12,13224,бТел
1409,14:17:04,11.03,0.009999999999999787,5,5515,бРел
1410,14:17:14,11.03,0.0,1,1103,бРел
1411,14:17:32,11.03,0.0,300,330900,бРел
1412,14:17:38,11.03,0.0,3,3309,бРел
1413,14:17:43,11.03,0.0,1,1103,бРел
1414,14:17:50,11.03,0.0,7,7721,бРел
1415,14:17:55,11.04,0.009999999999999787,1,1104,бРел
1416,14:17:59,11.03,-0.009999999999999787,3,3309,бТел
1417,14:18:05,11.03,0.0,4,4412,бТел
1418,14:18:16,11.03,0.0,1,1103,бРел
1419,14:18:34,11.03,0.0,9,9927,бРел
1420,14:18:44,11.03,0.0,14,15442,бРел
1421,14:18:49,11.03,0.0,11,12133,бРел
1422,14:18:56,11.03,0.0,1,1103,бРел
1423,14:18:58,11.03,0.0,13,14339,бРел
1424,14:19:04,11.02,-0.009999999999999787,19,20938,бТел
1425,14:19:10,11.03,0.009999999999999787,3,3309,бРел
1426,14:19:14,11.02,-0.009999999999999787,245,269990,бТел
1427,14:19:46,11.01,-0.009999999999999787,5,5505,бТел
1428,14:19:56,11.01,0.0,29,31929,бТел
1429,14:20:20,11.01,0.0,3,3303,бТел
1430,14:20:32,11.01,-0.009999999999999787,1,1101,бТел
1431,14:20:56,11.01,0.0,6,6606,бТел
1432,14:21:10,11.01,0.0,8,8808,бТел
1433,14:21:16,11.02,0.009999999999999787,1,1102,бРел
1434,14:21:28,11.01,-0.009999999999999787,5,5505,бТел
1435,14:21:44,11.01,0.0,300,330300,бТел
1436,14:21:50,11.01,0.0,25,27525,бТел
1437,14:22:16,11.01,0.0,14,15406,бРел
1438,14:22:20,11.01,0.0,1,1101,бРел
1439,14:22:32,11.0,-0.009999999999999787,6,6600,бТел
1440,14:22:46,11.0,0.0,79,87120,бТел
1441,14:22:56,11.0,0.0,109,119900,бТел
1442,14:22:58,11.0,0.0,12,13200,бТел
1443,14:23:04,11.0,0.0,20,22000,бТел
1444,14:23:08,11.0,0.0,1,1100,бТел
1445,14:23:16,11.01,0.009999999999999787,1,1101,бРел
1446,14:23:20,11.0,-0.009999999999999787,10,11000,бТел
1447,14:23:28,11.0,0.0,30,33000,бТел
1448,14:23:34,11.0,0.0,5,5500,бТел
1449,14:23:40,11.0,0.0,5,5500,бТел
1450,14:23:44,11.0,0.0,155,170631,бТел
1451,14:23:50,11.0,0.0,5,5500,бТел
1452,14:24:02,11.0,0.0,10,11000,бТел
1453,14:24:08,11.0,0.0,50,55000,бТел
1454,14:24:20,11.0,0.0,51,56101,бТел
1455,14:24:35,11.0,0.0,41,45979,бТел
1456,14:24:38,11.0,0.0,9,9900,бРел
1457,14:24:49,11.0,-0.009999999999999787,1,1100,бТел
1458,14:24:56,11.0,0.0,1,1100,бТел
1459,14:24:58,11.01,0.009999999999999787,14,15414,бРел
1460,14:25:05,11.0,-0.009999999999999787,1,1100,бТел
1461,14:25:11,11.0,0.0,14,15404,бТел
1462,14:25:16,11.0,0.0,5,5500,бТел
1463,14:25:20,11.0,0.0,51,56101,бТел
1464,14:25:26,11.0,0.0,53,58300,бТел
1465,14:26:07,11.01,0.009999999999999787,1,1101,бРел
1466,14:26:14,11.0,-0.009999999999999787,10,11000,бТел
1467,14:26:32,11.01,0.009999999999999787,50,55050,бРел
1468,14:26:38,11.01,0.0,114,125514,бРел
1469,14:26:44,11.01,0.0,69,75969,бРел
1470,14:26:50,11.01,0.0,18,19818,бРел
1471,14:26:56,11.01,0.0,28,30828,бРел
1472,14:26:58,11.02,0.009999999999999787,1,1102,бРел
1473,14:27:05,11.01,0.0,20,22020,бТел
1474,14:27:20,11.01,0.0,10,11010,бТел
1475,14:27:26,11.02,0.0,6,6612,бРел
1476,14:27:38,11.02,0.0,3,3306,бРел
1477,14:28:16,11.01,-0.009999999999999787,10,11010,бТел
1478,14:28:20,11.02,0.009999999999999787,1,1102,бРел
1479,14:28:40,11.01,0.0,10,11010,бТел
1480,14:28:56,11.01,0.0,7,7707,бТел
1481,14:29:02,11.02,0.009999999999999787,72,79342,бРел
1482,14:29:22,11.01,-0.009999999999999787,10,11010,бТел
1483,14:29:26,11.02,0.009999999999999787,10,11020,бРел
1484,14:29:32,11.01,-0.009999999999999787,9,9909,бТел
1485,14:29:46,11.01,0.0,1,1101,бТел
1486,14:29:58,11.01,0.0,6,6606,бТел
1487,14:30:05,11.02,0.009999999999999787,134,147668,бРел
1488,14:30:22,11.02,0.0,2,2203,бРел
1489,14:30:28,11.02,0.0,3,3306,бРел
1490,14:30:35,11.01,0.0,15,16515,бТел
1491,14:30:38,11.01,0.0,110,121110,бТел
1492,14:30:43,11.01,0.0,35,38535,бРел
1493,14:30:52,11.01,0.0,1,1101,бТел
1494,14:30:58,11.01,0.0,2,2202,бТел
1495,14:31:15,11.01,0.0,4,4404,бТел
1496,14:31:20,11.01,0.0,3,3303,бРел
1497,14:31:28,11.01,0.0,20,22020,бРел
1498,14:31:35,11.01,0.0,9,9909,бРел
1499,14:31:38,11.0,-0.009999999999999787,20,22010,бТел
1500,14:31:46,11.01,0.0,7,7707,бРел
1501,14:31:58,11.01,0.0,5,5505,бТел
1502,14:32:05,11.01,0.0,5,5505,бТел
1503,14:32:08,11.01,0.0,16,17616,бТел
1504,14:32:15,11.01,0.0,2,2202,бТел
1505,14:32:20,11.01,0.0,2,2202,бТел
1506,14:32:26,11.01,0.009999999999999787,9,9909,бРел
1507,14:32:28,11.01,0.0,3,3303,бРел
1508,14:32:46,11.02,0.019999999999999574,11,12112,бРел
1509,14:33:09,11.02,0.0,7,7714,бРел
1510,14:33:14,11.02,0.0,300,330600,бРел
1511,14:33:20,11.02,0.0,1,1102,бРел
1512,14:33:28,11.02,0.0,1,1102,бРел
1513,14:33:46,11.02,0.0,2,2204,бРел
1514,14:33:52,11.02,0.0,33,36366,бРел
1515,14:34:02,11.02,0.0,7,7714,бРел
1516,14:34:08,11.01,-0.009999999999999787,1,1101,бТел
1517,14:34:15,11.01,0.0,3,3303,бТел
1518,14:34:20,11.02,0.009999999999999787,16,17632,бРел
1519,14:34:27,11.02,0.0,3,3306,бРел
1520,14:34:28,11.02,0.0,1,1102,бРел
1521,14:34:39,11.02,0.0,7,7714,бРел
1522,14:34:50,11.02,0.0,7,7714,бРел
1523,14:35:16,11.02,0.0,63,69426,бРел
1524,14:35:22,11.02,0.0,1,1102,бРел
1525,14:35:35,11.01,-0.009999999999999787,8,8808,бТел
1526,14:35:39,11.02,0.009999999999999787,200,220400,бРел
1527,14:35:45,11.02,0.0,133,146566,бРел
1528,14:35:50,11.02,0.0,6,6612,бТел
1529,14:35:56,11.02,0.0,36,39672,бТел
1530,14:36:05,11.02,0.0,64,70528,бРел
1531,14:36:16,11.02,0.0,9,9918,бТел
1532,14:36:20,11.03,0.009999999999999787,1,1103,бРел
1533,14:36:27,11.02,-0.009999999999999787,1,1102,бТел
1534,14:36:38,11.02,0.0,11,12122,бТел
1535,14:36:45,11.03,0.009999999999999787,29,31977,бРел
1536,14:36:52,11.03,0.0,132,145496,бРел
1537,14:36:56,11.03,0.0,1,1103,бРел
1538,14:37:14,11.02,-0.009999999999999787,28,30858,бТел
1539,14:37:35,11.02,0.0,4,4408,бТел
1540,14:37:39,11.02,0.0,1,1102,бТел
1541,14:37:55,11.02,0.0,3,3306,бТел
1542,14:38:02,11.03,0.009999999999999787,9,9927,бРел
1543,14:38:15,11.02,-0.009999999999999787,44,48488,бТел
1544,14:38:22,11.03,0.0,20,22050,бРел
1545,14:38:39,11.02,-0.009999999999999787,1,1102,бТел
1546,14:38:50,11.03,0.009999999999999787,2,2206,бРел
1547,14:38:57,11.02,-0.009999999999999787,67,73834,бТел
1548,14:38:58,11.02,0.0,1,1102,бРел
1549,14:39:07,11.02,0.0,24,26446,бРел
1550,14:39:10,11.02,0.0,19,20938,бРел
1551,14:39:22,11.03,0.009999999999999787,1,1103,бРел
1552,14:39:27,11.02,-0.009999999999999787,34,37468,бТел
1553,14:39:40,11.02,0.0,6,6612,бТел
1554,14:39:45,11.02,0.0,3,3306,бТел
1555,14:39:50,11.02,0.0,20,22040,бТел
1556,14:40:09,11.03,0.009999999999999787,5,5515,бРел
1557,14:40:20,11.03,0.0,11,12123,бРел
1558,14:40:28,11.03,0.0,66,72761,бРел
1559,14:40:33,11.02,-0.009999999999999787,3,3306,бТел
1560,14:40:39,11.02,0.0,1,1102,бРел
1561,14:40:45,11.02,0.0,42,46284,бРел
1562,14:41:09,11.03,0.009999999999999787,5,5515,бРел
1563,14:41:16,11.03,0.0,2,2206,бРел
1564,14:41:21,11.03,0.0,3,3309,бРел
1565,14:41:27,11.02,-0.009999999999999787,11,12122,бТел
1566,14:41:35,11.03,0.009999999999999787,7,7721,бРел
1567,14:41:47,11.03,0.0,66,72798,бРел
1568,14:41:50,11.02,-0.009999999999999787,105,115710,бТел
1569,14:41:53,11.02,0.0,5,5510,бРел
1570,14:41:58,11.02,0.0,9,9918,бРел
1571,14:42:05,11.02,0.0,20,22040,бРел
1572,14:42:09,11.02,0.0,34,37468,бРел
1573,14:42:20,11.01,0.0,6,6606,бТел
1574,14:42:33,11.02,-0.009999999999999787,5,5510,жпптел
1575,14:42:45,11.02,0.0,35,38570,бРел
1576,14:42:52,11.02,0.0,26,28652,бТел
1577,14:42:57,11.02,0.0,14,15428,бТел
1578,14:42:58,11.02,0.0,10,11020,бТел
1579,14:43:05,11.02,0.0,8,8816,бТел
1580,14:43:09,11.03,0.009999999999999787,10,11030,бРел
1581,14:43:17,11.03,0.0,2,2205,бРел
1582,14:43:21,11.02,-0.009999999999999787,15,16539,бТел
1583,14:43:27,11.03,0.009999999999999787,122,134566,бРел
1584,14:43:28,11.02,-0.009999999999999787,30,33060,бТел
1585,14:43:40,11.03,0.009999999999999787,7,7721,бРел
1586,14:44:03,11.02,-0.009999999999999787,20,22040,бТел
1587,14:44:17,11.03,0.009999999999999787,9,9922,бРел
1588,14:44:19,11.03,0.0,1,1103,бРел
1589,14:44:24,11.03,0.0,12,13236,бРел
1590,14:44:28,11.03,0.0,2,2206,бРел
1591,14:44:40,11.03,0.0,22,24266,бРел
1592,14:44:49,11.03,0.0,23,25349,бРел
1593,14:45:05,11.02,-0.009999999999999787,133,146566,бТел
1594,14:45:09,11.02,0.0,4,4408,бТел
1595,14:45:17,11.02,0.0,5,5510,бТел
1596,14:45:21,11.02,0.0,6,6612,бТел
1597,14:45:27,11.02,-0.009999999999999787,1,1102,бТел
1598,14:45:28,11.02,0.0,1,1102,бТел
1599,14:45:35,11.03,0.009999999999999787,2,2205,бРел
1600,14:45:51,11.03,0.0,3,3309,бРел
1601,14:45:57,11.02,-0.009999999999999787,30,33060,бТел
1602,14:45:59,11.02,0.0,7,7720,бТел
1603,14:46:03,11.03,0.009999999999999787,1,1103,бРел
1604,14:46:15,11.02,0.0,21,23142,бТел
1605,14:46:21,11.03,0.009999999999999787,77,84911,бРел
1606,14:46:27,11.03,0.0,11,12123,бРел
1607,14:46:30,11.03,0.0,27,29781,бРел
1608,14:46:33,11.02,-0.009999999999999787,21,23142,бТел
1609,14:46:39,11.02,0.0,20,22040,бТел
1610,14:46:46,11.02,0.0,5,5510,бТел
1611,14:46:50,11.03,0.009999999999999787,31,34163,бРел
1612,14:47:05,11.02,-0.009999999999999787,3,3306,бТел
1613,14:47:09,11.03,0.009999999999999787,13,14339,бРел
1614,14:47:18,11.02,-0.009999999999999787,12,13224,бТел
1615,14:47:33,11.03,0.0,5,5515,бРел
1616,14:47:40,11.01,-0.019999999999999574,23,25333,бТел
1617,14:47:50,11.03,0.019999999999999574,1,1103,бРел
1618,14:47:57,11.02,-0.009999999999999787,14,15428,бТел
1619,14:47:58,11.02,0.0,7,7714,бРел
1620,14:48:05,11.03,0.009999999999999787,44,48494,бРел
1621,14:48:09,11.02,-0.009999999999999787,6,6613,жпптел
1622,14:48:15,11.02,0.0,1,1102,бТел
1623,14:48:21,11.02,0.0,23,25346,бТел
1624,14:48:30,11.03,0.009999999999999787,1,1103,бРел
1625,14:48:33,11.03,0.0,27,29781,бРел
1626,14:48:39,11.03,0.0,14,15442,бРел
1627,14:48:45,11.02,-0.009999999999999787,10,11029,бТел
1628,14:48:52,11.03,0.0,2,2206,бРел
1629,14:48:57,11.03,0.0,2,2206,бРел
1630,14:49:01,11.02,-0.009999999999999787,54,59512,бТел
1631,14:49:06,11.02,0.0,2,2205,бТел
1632,14:49:08,11.02,0.0,25,27550,бТел
1633,14:49:15,11.03,0.009999999999999787,17,18751,бРел
1634,14:49:21,11.03,0.0,6,6618,бРел
1635,14:49:23,11.03,0.0,40,44120,бРел
1636,14:49:28,11.02,-0.009999999999999787,20,22040,бТел
1637,14:49:36,11.03,0.009999999999999787,374,412522,бРел
1638,14:49:39,11.03,0.0,5,5515,бРел
1639,14:49:45,11.03,0.009999999999999787,92,101476,бРел
1640,14:49:48,11.03,0.0,64,70592,бРел
1641,14:49:57,11.02,-0.009999999999999787,36,39706,бТел
1642,14:49:58,11.04,0.019999999999999574,5,5520,бРел
1643,14:50:03,11.04,0.0,4,4416,бРел
1644,14:50:09,11.03,-0.009999999999999787,31,34194,бТел
1645,14:50:17,11.04,0.009999999999999787,14,15446,бРел
1646,14:50:21,11.04,0.0,2,2208,бРел
1647,14:50:27,11.03,-0.009999999999999787,35,38605,бТел
1648,14:50:28,11.04,0.009999999999999787,1,1104,бРел
1649,14:50:35,11.03,-0.009999999999999787,12,13244,бТел
1650,14:50:40,11.04,0.009999999999999787,1,1104,бРел
1651,14:50:45,11.03,-0.009999999999999787,20,22060,бТел
1652,14:50:51,11.03,0.0,1,1103,бТел
1653,14:50:56,11.03,-0.009999999999999787,4,4412,бТел
1654,14:50:58,11.04,0.009999999999999787,1,1104,бРел
1655,14:51:03,11.04,0.0,1,1104,бРел
1656,14:51:16,11.03,-0.009999999999999787,20,22060,бТел
1657,14:51:22,11.04,0.009999999999999787,34,37535,бРел
1658,14:51:27,11.04,0.0,1,1104,бРел
1659,14:51:28,11.04,0.0,2,2208,бРел
1660,14:51:35,11.03,-0.009999999999999787,4,4412,бТел
1661,14:51:40,11.04,0.009999999999999787,1,1104,бРел
1662,14:51:51,11.04,0.0,22,24288,бРел
1663,14:51:53,11.04,0.0,1,1104,бРел
1664,14:51:58,11.04,0.0,4,4416,бРел
1665,14:52:03,11.04,0.0,9,9936,бРел
1666,14:52:09,11.04,0.0,4,4416,бРел
1667,14:52:13,11.04,0.0,3,3312,бРел
1668,14:52:19,11.04,0.0,146,161184,бРел
1669,14:52:23,11.04,0.0,8,8832,бРел
1670,14:52:28,11.04,0.0,29,32016,бРел
1671,14:52:33,11.04,0.0,5,5520,бРел
1672,14:52:39,11.04,0.0,2,2208,бРел
1673,14:52:43,11.04,-0.010000000000001563,9,9936,жпптел
1674,14:52:48,11.04,0.0,68,75073,бТел
1675,14:52:56,11.04,0.0,3,3312,бТел
1676,14:53:05,11.04,0.0,11,12150,бТел
1677,14:53:13,11.05,0.010000000000001563,11,12154,бРел
1678,14:53:21,11.04,-0.010000000000001563,40,44160,бТел
1679,14:53:27,11.04,0.0,6,6624,бТел
1680,14:53:30,11.05,0.010000000000001563,81,89431,бРел
1681,14:53:37,11.05,0.0,1,1105,бРел
1682,14:53:40,11.04,-0.010000000000001563,25,27600,бТел
1683,14:53:44,11.05,0.010000000000001563,11,12145,бРел
1684,14:53:50,11.04,0.0,2,2207,бРел
1685,14:53:53,11.04,0.0,37,40848,бРел
1686,14:53:58,11.03,-0.009999999999999787,88,97072,бТел
1687,14:54:03,11.03,0.0,31,34204,бТел
1688,14:54:09,11.05,0.02000000000000135,29,32025,бРел
1689,14:54:14,11.04,-0.010000000000001563,1,1104,бРел
1690,14:54:21,11.04,0.0,26,28704,бРел
1691,14:54:28,11.04,0.0,13,14352,бРел
1692,14:54:35,11.04,0.0,52,57408,бРел
1693,14:54:40,11.05,0.0,9,9940,бРел
1694,14:54:43,11.04,-0.010000000000001563,501,553604,бТел
1695,14:55:02,11.05,0.0,10,11050,бРел
1696,14:55:06,11.05,0.0,26,28719,бРел
1697,14:55:10,11.05,0.0,44,48617,бРел
1698,14:55:15,11.05,0.0,13,14365,бРел
1699,14:55:20,11.04,-0.010000000000001563,8,8832,бТел
1700,14:55:23,11.04,0.0,56,61824,бТел
1701,14:55:28,11.05,0.010000000000001563,133,146965,бРел
1702,14:55:33,11.05,0.0,100,110500,бРел
1703,14:55:46,11.04,-0.010000000000001563,100,110400,бТел
1704,14:55:51,11.05,0.010000000000001563,85,93855,бРел
1705,14:55:57,11.04,-0.010000000000001563,4,4416,бТел
1706,14:55:59,11.05,0.010000000000001563,21,23202,бРел
1707,14:56:05,11.04,-0.010000000000001563,33,36510,бТел
1708,14:56:09,11.05,0.010000000000001563,25,27625,бРел
1709,14:56:15,11.05,0.0,46,50830,бРел
1710,14:56:21,11.04,0.0,42,47417,бТел
1711,14:56:23,11.05,0.010000000000001563,13,14365,бРел
1712,14:56:29,11.05,0.010000000000001563,99,109395,бРел
1713,14:56:35,11.04,-0.010000000000001563,12,13248,бТел
1714,14:56:38,11.05,0.010000000000001563,53,58565,бРел
1715,14:56:44,11.05,0.0,37,40878,бРел
1716,14:56:51,11.05,0.010000000000001563,82,90610,бРел
1717,14:56:56,11.05,0.0,78,86171,бРел
1718,14:56:59,11.04,-0.010000000000001563,15,16565,бТел
1719,14:57:03,11.04,0.0,3,3312,бТел
1720,15:00:03,11.04,0.0,1049,1158096,бРел
