,Ёи╫╩й╠╪Д,Ёи╫╩╪ш,╪ш╦Я╠Д╤╞,Ёи╫╩а©ё╗йжё╘,Ёи╫╩╤Нё╗т╙ё╘,птжй
0,09:25:03,6.73,0.03000000000000025,481,323713.0,бРел
1,09:30:00,6.75,0.019999999999999574,6,4050.0,бРел
2,09:30:03,6.76,0.009999999999999787,179,120948.0,бРел
3,09:30:06,6.75,-0.009999999999999787,246,166263.0,бТел
4,09:30:09,6.76,0.009999999999999787,47,31772.0,бРел
5,09:30:12,6.76,0.0,5,3380.0,бТел
6,09:30:15,6.76,0.0,47,31772.0,бТел
7,09:30:21,6.75,-0.009999999999999787,65,43926.0,бТел
8,09:30:24,6.76,0.009999999999999787,8,5401.0,бРел
9,09:30:27,6.75,-0.009999999999999787,205,138400.0,бТел
10,09:30:30,6.75,0.0,101,68170.0,бРел
11,09:30:33,6.75,0.0,46,31056.0,бРел
12,09:30:36,6.75,0.0,33,22293.0,бТел
13,09:30:39,6.74,-0.009999999999999787,74,49876.0,бТел
14,09:30:42,6.74,0.0,26,17538.0,бТел
15,09:30:51,6.74,0.0,60,40440.0,бТел
16,09:30:54,6.74,0.0,11,7414.0,бТел
17,09:30:57,6.75,0.009999999999999787,100,67500.0,бРел
18,09:31:00,6.75,0.0,20,13500.0,бРел
19,09:31:03,6.74,-0.009999999999999787,159,107298.0,бТел
20,09:31:06,6.74,0.0,139,93686.0,бТел
21,09:31:09,6.74,0.0,121,81554.0,бТел
22,09:31:12,6.73,-0.009999999999999787,44,29618.0,бТел
23,09:31:21,6.73,0.0,72,48471.0,бТел
24,09:31:24,6.73,0.0,260,175016.0,бТел
25,09:31:30,6.72,-0.010000000000000675,308,206998.0,бТел
26,09:31:33,6.73,0.010000000000000675,152,102156.0,бРел
27,09:31:36,6.72,-0.010000000000000675,572,384384.0,бТел
28,09:31:39,6.71,-0.009999999999999787,11,7381.0,бТел
29,09:31:42,6.71,0.0,12,8052.0,бРел
30,09:31:45,6.7,-0.009999999999999787,39,26130.0,бТел
31,09:31:48,6.7,0.0,5,3350.0,бТел
32,09:31:51,6.7,0.0,172,115313.0,бТел
33,09:31:54,6.7,0.0,20,13400.0,бТел
34,09:31:57,6.7,0.0,24,16080.0,бТел
35,09:32:00,6.69,-0.009999999999999787,13,8697.0,бТел
36,09:32:03,6.7,0.009999999999999787,27,18090.0,бРел
37,09:32:06,6.7,0.0,73,48910.0,бРел
38,09:32:09,6.71,0.009999999999999787,81,54280.0,бРел
39,09:32:12,6.71,0.0,65,43615.0,бРел
40,09:32:18,6.71,0.0,61,40931.0,бРел
41,09:32:21,6.72,0.009999999999999787,136,91333.0,бРел
42,09:32:27,6.74,0.020000000000000462,680,457645.0,бРел
43,09:32:33,6.74,0.0,4,2696.0,бРел
44,09:32:36,6.74,0.0,1,674.0,бРел
45,09:32:39,6.73,-0.009999999999999787,18,12115.0,бТел
46,09:32:42,6.73,0.0,1,673.0,бРел
47,09:32:48,6.74,0.009999999999999787,13,8762.0,бРел
48,09:32:51,6.73,-0.009999999999999787,31,20864.0,бТел
49,09:32:54,6.72,-0.010000000000000675,32,21545.0,бТел
50,09:32:57,6.73,0.010000000000000675,130,87490.0,бТел
51,09:33:00,6.73,0.0,10,6731.0,бТел
52,09:33:06,6.73,0.0,16,10768.0,бРел
53,09:33:09,6.74,0.009999999999999787,10,6734.0,бРел
54,09:33:15,6.73,-0.009999999999999787,2,1346.0,бТел
55,09:33:18,6.73,0.0,15,10095.0,бТел
56,09:33:24,6.73,0.0,13,8749.0,бРел
57,09:33:27,6.74,0.009999999999999787,117,78842.0,бРел
58,09:33:33,6.73,-0.009999999999999787,28,18854.0,бТел
59,09:33:36,6.74,0.009999999999999787,59,39739.0,бРел
60,09:33:39,6.74,0.0,128,86153.0,бРел
61,09:33:42,6.74,0.0,50,33653.0,бРел
62,09:33:45,6.74,0.0,10,6740.0,бРел
63,09:33:48,6.73,-0.009999999999999787,26,17498.0,бТел
64,09:33:51,6.73,0.0,30,20190.0,бТел
65,09:33:54,6.73,0.0,11,7403.0,бТел
66,09:33:57,6.74,0.009999999999999787,11,7412.0,бРел
67,09:34:00,6.74,0.0,7,4718.0,бРел
68,09:34:06,6.73,-0.009999999999999787,7,4717.0,бТел
69,09:34:09,6.73,0.0,20,13460.0,бТел
70,09:34:15,6.73,0.0,326,219417.0,бТел
71,09:34:18,6.73,0.0,27,18171.0,бРел
72,09:34:21,6.73,0.0,13,8749.0,бРел
73,09:34:27,6.73,0.0,14,9419.0,бРел
74,09:34:30,6.72,-0.010000000000000675,3,2016.0,бТел
75,09:34:36,6.72,0.0,107,71979.0,бТел
76,09:34:39,6.72,0.0,10,6720.0,бТел
77,09:34:42,6.72,0.0,2,1344.0,бТел
78,09:34:45,6.72,0.0,31,20832.0,бТел
79,09:34:48,6.72,0.0,28,18816.0,бТел
80,09:34:51,6.72,0.0,2,1344.0,бТел
81,09:34:54,6.72,0.0,9,6048.0,бРел
82,09:34:57,6.72,0.0,5,3360.0,бРел
83,09:35:00,6.72,0.0,27,18144.0,бРел
84,09:35:03,6.72,0.0,10,6720.0,бРел
85,09:35:06,6.73,0.010000000000000675,6,4038.0,бРел
86,09:35:09,6.72,-0.010000000000000675,36,24192.0,бТел
87,09:35:12,6.72,0.0,29,19495.0,бРел
88,09:35:18,6.72,0.0,142,95429.0,бТел
89,09:35:24,6.71,-0.009999999999999787,148,99443.0,бТел
90,09:35:27,6.72,0.009999999999999787,8,5376.0,бРел
91,09:35:33,6.72,0.0,1,672.0,бРел
92,09:35:36,6.71,-0.009999999999999787,19,12750.0,бТел
93,09:35:39,6.72,0.009999999999999787,4,2688.0,бРел
94,09:35:45,6.71,-0.009999999999999787,219,146949.0,бТел
95,09:35:48,6.71,0.0,151,101321.0,бРел
96,09:35:54,6.71,0.0,91,61059.0,бРел
97,09:35:57,6.7,-0.009999999999999787,20,13405.0,бТел
98,09:36:03,6.7,0.0,7,4690.0,бТел
99,09:36:06,6.7,0.0,138,92595.0,бТел
100,09:36:12,6.7,0.0,158,105971.0,бТел
101,09:36:15,6.72,0.019999999999999574,1850,1241335.0,бРел
102,09:36:18,6.74,0.020000000000000462,293,197310.0,бРел
103,09:36:21,6.74,0.0,139,93612.0,бРел
104,09:36:24,6.75,0.009999999999999787,278,187450.0,бРел
105,09:36:27,6.77,0.019999999999999574,515,348026.0,бРел
106,09:36:30,6.75,-0.019999999999999574,103,69666.0,бТел
107,09:36:33,6.77,0.019999999999999574,36,24339.0,бРел
108,09:36:36,6.78,0.010000000000000675,1007,682547.0,бРел
109,09:36:39,6.8,0.019999999999999574,219,148841.0,бРел
110,09:36:42,6.8,0.0,170,115548.0,бРел
111,09:36:45,6.81,0.009999999999999787,361,245539.0,бРел
112,09:36:48,6.81,0.0,302,205914.0,бТел
113,09:36:51,6.82,0.010000000000000675,280,190960.0,бРел
114,09:36:54,6.83,0.009999999999999787,86,58694.0,бРел
115,09:36:57,6.82,-0.009999999999999787,66,45075.0,бТел
116,09:37:00,6.84,0.019999999999999574,81,55393.0,бРел
117,09:37:03,6.84,0.0,37,25308.0,бТел
118,09:37:06,6.85,0.009999999999999787,583,398605.0,бРел
119,09:37:12,6.84,-0.009999999999999787,298,203766.0,бРел
120,09:37:15,6.81,-0.03000000000000025,17,11592.0,бТел
121,09:37:18,6.8,-0.009999999999999787,188,128068.0,бТел
122,09:37:21,6.8,0.0,79,53676.0,бРел
123,09:37:24,6.81,0.009999999999999787,238,162029.0,бРел
124,09:37:27,6.8,-0.009999999999999787,5,3400.0,жпптел
125,09:37:30,6.77,-0.03000000000000025,74,50280.0,бТел
126,09:37:33,6.8,0.03000000000000025,17,11551.0,бРел
127,09:37:36,6.77,-0.03000000000000025,15,10163.0,бТел
128,09:37:39,6.8,0.03000000000000025,20,13600.0,бРел
129,09:37:42,6.8,0.0,31,21064.0,бРел
130,09:37:45,6.8,0.0,176,119681.0,бРел
131,09:37:48,6.8,0.0,43,29241.0,бТел
132,09:37:51,6.8,0.0,115,78200.0,бТел
133,09:37:54,6.81,0.009999999999999787,109,74225.0,бРел
134,09:37:57,6.82,0.010000000000000675,192,130891.0,бРел
135,09:38:00,6.83,0.009999999999999787,181,123611.0,бРел
136,09:38:03,6.83,0.0,183,125117.0,бТел
137,09:38:09,6.83,0.0,62,42384.0,бТел
138,09:38:12,6.83,0.0,188,128543.0,бТел
139,09:38:15,6.83,0.0,33,22539.0,бТел
140,09:38:18,6.83,0.0,134,91612.0,бТел
141,09:38:21,6.83,0.0,53,36210.0,бТел
142,09:38:24,6.83,0.0,17,11611.0,бРел
143,09:38:27,6.83,0.0,49,33461.0,бРел
144,09:38:30,6.83,0.0,281,191844.0,бРел
145,09:38:33,6.82,-0.009999999999999787,28,19139.0,бТел
146,09:38:36,6.82,0.0,30,20460.0,бТел
147,09:38:39,6.82,0.0,10,6820.0,бТел
148,09:38:42,6.82,0.0,29,19778.0,бТел
149,09:38:45,6.83,0.009999999999999787,229,156347.0,бРел
150,09:38:51,6.82,-0.009999999999999787,53,36126.0,бРел
151,09:38:54,6.82,0.0,32,21824.0,бТел
152,09:38:57,6.82,0.0,9,6138.0,бТел
153,09:39:00,6.82,0.0,8,5456.0,бРел
154,09:39:06,6.82,0.0,8,5456.0,бРел
155,09:39:09,6.81,-0.010000000000000675,46,31326.0,бТел
156,09:39:12,6.81,0.0,95,64695.0,бРел
157,09:39:15,6.81,0.0,14,9534.0,бРел
158,09:39:18,6.81,0.0,3,2043.0,бРел
159,09:39:21,6.8,-0.009999999999999787,29,19730.0,бТел
160,09:39:27,6.81,0.009999999999999787,11,7484.0,бРел
161,09:39:30,6.81,0.0,23,15663.0,бРел
162,09:39:33,6.81,0.0,2,1362.0,бРел
163,09:39:36,6.81,0.0,18,12249.0,бРел
164,09:39:42,6.8,-0.009999999999999787,18,12244.0,бТел
165,09:39:45,6.81,0.009999999999999787,87,59247.0,бРел
166,09:39:48,6.8,-0.009999999999999787,13,8840.0,бТел
167,09:39:51,6.81,0.009999999999999787,17,11573.0,бРел
168,09:39:57,6.81,0.0,8,5448.0,бРел
169,09:40:00,6.8,-0.009999999999999787,7,4760.0,бТел
170,09:40:09,6.8,0.0,39,26531.0,бТел
171,09:40:12,6.81,0.009999999999999787,583,396847.0,бРел
172,09:40:15,6.81,0.0,4,2724.0,бТел
173,09:40:21,6.81,0.0,90,61250.0,бРел
174,09:40:27,6.81,0.0,51,34731.0,бРел
175,09:40:30,6.8,-0.009999999999999787,19,12927.0,бТел
176,09:40:51,6.81,0.009999999999999787,10,6810.0,бРел
177,09:40:54,6.8,-0.009999999999999787,93,63312.0,бТел
178,09:41:03,6.8,0.0,1,680.0,бТел
179,09:41:09,6.81,0.009999999999999787,186,126656.0,бРел
180,09:41:12,6.81,0.0,7,4767.0,бРел
181,09:41:18,6.81,0.0,368,250241.0,бРел
182,09:41:21,6.81,0.0,69,46921.0,бРел
183,09:41:24,6.81,0.0,74,50325.0,бРел
184,09:41:27,6.8,-0.009999999999999787,10,6800.0,бРел
185,09:41:30,6.8,0.0,35,23800.0,бРел
186,09:41:33,6.8,0.0,10,6800.0,бРел
187,09:41:36,6.8,0.0,32,21750.0,бРел
188,09:41:39,6.8,0.0,55,37400.0,бРел
189,09:41:42,6.8,0.0,45,30600.0,бТел
190,09:41:45,6.8,0.0,9,6120.0,бРел
191,09:41:48,6.8,0.0,110,74784.0,бРел
192,09:41:51,6.8,0.0,59,40120.0,бРел
193,09:41:57,6.8,0.0,307,208701.0,бРел
194,09:42:03,6.79,-0.009999999999999787,1,679.0,бТел
195,09:42:06,6.8,0.009999999999999787,4,2720.0,бРел
196,09:42:15,6.79,-0.009999999999999787,29,19691.0,бТел
197,09:42:21,6.79,0.0,8,5436.0,бТел
198,09:42:24,6.79,0.0,11,7479.0,бТел
199,09:42:27,6.79,0.0,28,19022.0,бТел
200,09:42:36,6.79,0.0,21,14259.0,бТел
201,09:42:39,6.79,0.0,20,13580.0,бТел
202,09:42:42,6.79,0.0,209,141921.0,бТел
203,09:42:51,6.8,0.009999999999999787,11,7480.0,бРел
204,09:42:54,6.8,0.0,324,220285.0,бРел
205,09:43:00,6.81,0.009999999999999787,27,18387.0,бРел
206,09:43:03,6.8,-0.009999999999999787,8,5440.0,бТел
207,09:43:06,6.81,0.009999999999999787,47,31962.0,бРел
208,09:43:12,6.8,-0.009999999999999787,220,149620.0,бТел
209,09:43:18,6.8,0.0,5,3400.0,бТел
210,09:43:21,6.8,0.0,4,2720.0,бТел
211,09:43:24,6.8,0.0,90,61200.0,бТел
212,09:43:30,6.81,0.009999999999999787,30,20430.0,бРел
213,09:43:39,6.8,-0.009999999999999787,137,93160.0,бТел
214,09:43:42,6.8,0.0,13,8840.0,бТел
215,09:43:45,6.81,0.009999999999999787,10,6810.0,бРел
216,09:43:48,6.81,0.0,13,8843.0,бРел
217,09:43:54,6.81,0.0,1,681.0,бРел
218,09:44:00,6.81,0.0,10,6810.0,бРел
219,09:44:03,6.81,0.0,349,237666.0,бРел
220,09:44:12,6.8,-0.009999999999999787,50,34000.0,бТел
221,09:44:18,6.8,0.0,45,30600.0,бТел
222,09:44:21,6.8,0.0,16,10880.0,бТел
223,09:44:24,6.8,0.0,14,9520.0,бТел
224,09:44:27,6.81,0.009999999999999787,4,2722.0,бРел
225,09:44:30,6.8,-0.009999999999999787,8,5440.0,бТел
226,09:44:33,6.8,0.0,17,11560.0,бТел
227,09:44:36,6.8,0.0,46,31280.0,бТел
228,09:44:39,6.8,0.0,130,88400.0,бТел
229,09:44:42,6.8,0.0,13,8840.0,бТел
230,09:44:45,6.8,0.0,14,9520.0,бТел
231,09:44:48,6.8,0.0,5,3400.0,бТел
232,09:44:54,6.79,-0.009999999999999787,25,16987.0,бТел
233,09:45:00,6.8,0.009999999999999787,125,84986.0,бРел
234,09:45:03,6.79,-0.009999999999999787,49,33271.0,бТел
235,09:45:06,6.79,0.0,10,6790.0,бРел
236,09:45:12,6.79,0.0,137,93027.0,бТел
237,09:45:15,6.8,0.009999999999999787,35,23767.0,бРел
238,09:45:18,6.79,-0.009999999999999787,18,12222.0,бТел
239,09:45:21,6.79,0.0,36,24425.0,бРел
240,09:45:24,6.79,0.0,44,29876.0,бРел
241,09:45:27,6.79,0.0,47,31918.0,бТел
242,09:45:30,6.79,0.0,21,14276.0,бТел
243,09:45:33,6.8,0.009999999999999787,8,5440.0,бРел
244,09:45:36,6.79,-0.009999999999999787,5,3395.0,бТел
245,09:45:39,6.8,0.009999999999999787,55,37400.0,бРел
246,09:45:48,6.8,0.0,3,2040.0,бРел
247,09:45:57,6.8,0.0,56,38027.0,бРел
248,09:46:03,6.79,-0.009999999999999787,14,9519.0,бТел
249,09:46:06,6.79,0.0,5,3395.0,бТел
250,09:46:09,6.79,0.0,8,5432.0,бТел
251,09:46:18,6.8,0.009999999999999787,50,34000.0,бРел
252,09:46:24,6.8,0.0,30,20400.0,бРел
253,09:46:27,6.8,0.0,42,28560.0,бРел
254,09:46:30,6.8,0.0,34,23120.0,бРел
255,09:46:33,6.8,0.0,49,33320.0,бРел
256,09:46:36,6.8,0.0,193,131240.0,бРел
257,09:46:42,6.8,0.0,10,6800.0,бТел
258,09:46:48,6.8,0.0,20,13600.0,бТел
259,09:46:51,6.8,0.0,114,77520.0,бТел
260,09:47:03,6.8,0.0,38,25840.0,бТел
261,09:47:06,6.8,0.0,20,13600.0,бТел
262,09:47:24,6.8,0.0,10,6800.0,бТел
263,09:47:33,6.81,0.009999999999999787,87,59247.0,бРел
264,09:47:39,6.81,0.0,15,10215.0,бРел
265,09:47:45,6.81,0.0,9,6129.0,бРел
266,09:47:48,6.81,0.0,2,1362.0,бРел
267,09:47:51,6.81,0.0,2,1362.0,бРел
268,09:47:57,6.81,0.0,14,9534.0,бРел
269,09:48:00,6.8,-0.009999999999999787,7,4760.0,бТел
270,09:48:06,6.8,0.0,8,5440.0,бТел
271,09:48:18,6.8,0.0,300,204000.0,бТел
272,09:48:21,6.8,0.0,112,76153.0,бТел
273,09:48:24,6.8,0.0,10,6800.0,бРел
274,09:48:30,6.8,0.0,14,9520.0,бРел
275,09:48:33,6.79,-0.009999999999999787,10,6790.0,бТел
276,09:48:42,6.8,0.009999999999999787,15,10200.0,бРел
277,09:48:45,6.8,0.0,23,15632.0,бРел
278,09:48:57,6.79,-0.009999999999999787,100,67900.0,бТел
279,09:49:00,6.8,0.009999999999999787,127,86350.0,бРел
280,09:49:06,6.8,0.0,5,3400.0,бРел
281,09:49:24,6.79,-0.009999999999999787,4,2716.0,бТел
282,09:49:42,6.79,0.0,5,3395.0,бТел
283,09:49:45,6.8,0.009999999999999787,11,7480.0,бРел
284,09:50:00,6.8,0.0,5,3400.0,бРел
285,09:50:06,6.8,0.0,2,1360.0,бРел
286,09:50:09,6.79,-0.009999999999999787,20,13580.0,бТел
287,09:50:12,6.79,0.0,169,114751.0,бТел
288,09:50:18,6.79,0.0,93,63147.0,бТел
289,09:50:21,6.79,0.0,32,21728.0,бРел
290,09:50:24,6.79,0.0,4,2716.0,бРел
291,09:50:27,6.79,0.0,38,25769.0,бРел
292,09:50:33,6.78,-0.009999999999999787,10,6780.0,бТел
293,09:50:36,6.78,0.0,23,15594.0,бТел
294,09:50:39,6.78,0.0,6,4068.0,бТел
295,09:50:57,6.79,0.009999999999999787,21,14239.0,бРел
296,09:51:06,6.79,0.0,3,2037.0,бРел
297,09:51:12,6.79,0.0,10,6790.0,бРел
298,09:51:36,6.79,0.0,5,3395.0,бРел
299,09:52:03,6.78,-0.009999999999999787,11,7458.0,бТел
300,09:52:06,6.78,0.0,22,14916.0,бТел
301,09:52:09,6.78,0.0,1,678.0,бТел
302,09:52:12,6.79,0.009999999999999787,30,20360.0,бРел
303,09:52:15,6.78,-0.009999999999999787,113,76614.0,бТел
304,09:52:45,6.77,-0.010000000000000675,200,135400.0,бТел
305,09:52:51,6.77,0.0,93,62961.0,бТел
306,09:52:57,6.77,0.0,173,117130.0,бРел
307,09:53:03,6.79,0.020000000000000462,308,208821.0,бРел
308,09:53:06,6.78,-0.009999999999999787,55,37283.0,бТел
309,09:53:12,6.79,0.009999999999999787,20,13580.0,бРел
310,09:53:15,6.78,-0.009999999999999787,30,20340.0,бТел
311,09:53:27,6.78,0.0,57,38646.0,бТел
312,09:53:30,6.78,0.0,13,8814.0,бТел
313,09:53:45,6.78,0.0,27,18306.0,бТел
314,09:53:51,6.78,0.0,18,12204.0,бТел
315,09:54:00,6.78,0.0,2,1356.0,бРел
316,09:54:03,6.77,-0.010000000000000675,17,11522.0,бТел
317,09:54:06,6.77,0.0,41,27757.0,бТел
318,09:54:09,6.77,0.0,4,2708.0,бТел
319,09:54:18,6.77,0.0,3,2031.0,бТел
320,09:54:45,6.77,0.0,237,160457.0,бТел
321,09:54:48,6.77,0.0,7,4739.0,бРел
322,09:54:51,6.76,-0.009999999999999787,23,15553.0,бТел
323,09:54:57,6.77,0.009999999999999787,250,169250.0,бРел
324,09:55:06,6.76,-0.009999999999999787,52,35174.0,бТел
325,09:55:09,6.77,0.009999999999999787,13,8801.0,бРел
326,09:55:12,6.77,0.0,32,21664.0,бРел
327,09:55:15,6.77,0.0,43,29111.0,бТел
328,09:55:51,6.77,0.0,6,4062.0,бРел
329,09:55:57,6.76,-0.009999999999999787,55,37180.0,бТел
330,09:56:06,6.76,0.0,3,2028.0,бТел
331,09:56:09,6.76,0.0,1,676.0,бТел
332,09:56:12,6.76,0.0,31,20956.0,бТел
333,09:56:15,6.76,0.0,10,6760.0,бТел
334,09:56:18,6.76,0.0,80,54080.0,бТел
335,09:56:30,6.77,0.009999999999999787,10,6770.0,бРел
336,09:56:33,6.76,-0.009999999999999787,90,60840.0,бТел
337,09:56:39,6.76,0.0,18,12168.0,бТел
338,09:56:42,6.76,0.0,23,15548.0,бТел
339,09:56:45,6.76,0.0,25,16900.0,бТел
340,09:57:03,6.76,0.0,55,37180.0,бТел
341,09:57:09,6.76,0.0,10,6760.0,бТел
342,09:57:15,6.76,0.0,7,4732.0,бТел
343,09:57:18,6.76,0.0,107,72332.0,бТел
344,09:57:21,6.76,0.0,22,14872.0,бТел
345,09:57:27,6.76,0.0,25,16900.0,бТел
346,09:57:30,6.76,0.0,69,46644.0,бРел
347,09:57:33,6.76,0.0,1,676.0,бТел
348,09:57:39,6.76,0.0,10,6760.0,бТел
349,09:57:45,6.77,0.009999999999999787,1,677.0,бРел
350,09:57:51,6.76,-0.009999999999999787,35,23661.0,бТел
351,09:57:54,6.76,0.0,32,21651.0,бТел
352,09:58:00,6.76,0.0,5,3380.0,бТел
353,09:58:06,6.75,-0.009999999999999787,260,175756.0,бТел
354,09:58:09,6.75,0.0,23,15545.0,бТел
355,09:58:12,6.76,0.009999999999999787,50,33800.0,бРел
356,09:58:15,6.75,-0.009999999999999787,70,47290.0,бТел
357,09:58:18,6.76,0.009999999999999787,141,95316.0,бРел
358,09:58:24,6.75,-0.009999999999999787,12,8100.0,бТел
359,09:58:33,6.76,0.009999999999999787,306,206630.0,бРел
360,09:58:39,6.75,-0.009999999999999787,4,2700.0,бТел
361,09:58:42,6.75,0.0,8,5400.0,бТел
362,09:58:48,6.76,0.009999999999999787,147,99300.0,бРел
363,09:58:51,6.75,-0.009999999999999787,11,7425.0,бТел
364,09:59:03,6.76,0.009999999999999787,261,176253.0,бРел
365,09:59:12,6.76,0.0,18,12154.0,бРел
366,09:59:30,6.76,0.0,7,4732.0,бРел
367,09:59:36,6.76,0.0,71,47996.0,бРел
368,09:59:39,6.76,0.0,170,114820.0,бРел
369,09:59:45,6.75,-0.009999999999999787,1,675.0,бТел
370,09:59:51,6.76,0.009999999999999787,10,6760.0,бРел
371,09:59:57,6.76,0.0,32,21631.0,бРел
372,10:00:00,6.76,0.0,100,67610.0,бРел
373,10:00:03,6.76,0.0,3,2028.0,бТел
374,10:00:06,6.76,0.0,1,676.0,бТел
375,10:00:09,6.76,0.0,47,31773.0,бТел
376,10:00:12,6.75,-0.009999999999999787,12,8100.0,бТел
377,10:00:21,6.76,0.009999999999999787,6,4056.0,бРел
378,10:00:24,6.76,0.0,23,15548.0,бРел
379,10:00:27,6.76,0.0,4,2704.0,бРел
380,10:00:30,6.76,0.0,15,10140.0,бРел
381,10:00:36,6.76,0.0,8,5408.0,бТел
382,10:00:39,6.76,0.0,10,6760.0,бТел
383,10:00:42,6.76,0.0,24,16224.0,бРел
384,10:00:48,6.76,0.0,128,86528.0,бТел
385,10:00:51,6.76,0.0,60,40560.0,бРел
386,10:00:54,6.76,0.0,52,35152.0,бТел
387,10:00:57,6.75,-0.009999999999999787,51,34469.0,бТел
388,10:01:03,6.76,0.009999999999999787,7,4732.0,бРел
389,10:01:06,6.75,-0.009999999999999787,12,8100.0,бТел
390,10:01:09,6.76,0.009999999999999787,1,676.0,бРел
391,10:01:12,6.76,0.0,152,102752.0,бРел
392,10:01:15,6.75,-0.009999999999999787,31,20925.0,бТел
393,10:01:18,6.76,0.009999999999999787,1,676.0,бТел
394,10:01:21,6.76,0.0,31,20956.0,бРел
395,10:01:24,6.75,-0.009999999999999787,7,4725.0,бТел
396,10:01:27,6.75,0.0,632,427271.0,бТел
397,10:01:36,6.75,0.0,1,675.0,бТел
398,10:01:39,6.75,0.0,162,109350.0,бТел
399,10:01:42,6.75,0.0,107,72225.0,бТел
400,10:01:48,6.75,0.0,68,45900.0,бРел
401,10:01:51,6.75,0.0,40,27000.0,бРел
402,10:01:57,6.75,0.0,2,1350.0,бРел
403,10:02:00,6.75,0.0,5,3375.0,бРел
404,10:02:03,6.74,-0.009999999999999787,7,4718.0,бТел
405,10:02:06,6.74,0.0,40,26960.0,бТел
406,10:02:09,6.74,0.0,2,1348.0,бТел
407,10:02:12,6.74,0.0,50,33700.0,бТел
408,10:02:18,6.74,0.0,10,6740.0,бТел
409,10:02:21,6.74,0.0,70,47180.0,бТел
410,10:02:33,6.74,0.0,52,35049.0,бТел
411,10:02:36,6.74,0.0,4,2696.0,бТел
412,10:02:42,6.74,0.0,117,78866.0,бТел
413,10:02:45,6.74,0.0,20,13480.0,бТел
414,10:02:48,6.74,0.0,94,63356.0,бТел
415,10:02:54,6.74,0.0,1,674.0,бРел
416,10:03:00,6.74,0.0,12,8088.0,бРел
417,10:03:06,6.73,-0.009999999999999787,50,33650.0,бТел
418,10:03:18,6.74,0.009999999999999787,127,85523.0,бРел
419,10:03:21,6.73,-0.009999999999999787,36,24228.0,бТел
420,10:03:24,6.73,0.0,30,20190.0,бТел
421,10:03:27,6.73,0.0,6,4038.0,бТел
422,10:03:30,6.73,0.0,1,673.0,бТел
423,10:03:42,6.73,0.0,60,40380.0,бТел
424,10:03:57,6.73,0.0,75,50475.0,бТел
425,10:04:00,6.73,0.0,6,4038.0,бТел
426,10:04:06,6.74,0.009999999999999787,39,26271.0,бРел
427,10:04:18,6.74,0.0,1,674.0,бРел
428,10:04:21,6.74,0.0,10,6740.0,бРел
429,10:04:33,6.74,0.0,2,1348.0,бРел
430,10:04:36,6.73,-0.009999999999999787,2,1346.0,бТел
431,10:04:39,6.74,0.009999999999999787,9,6066.0,бРел
432,10:04:42,6.73,-0.009999999999999787,524,352674.0,бТел
433,10:04:45,6.74,0.009999999999999787,76,51168.0,бРел
434,10:04:51,6.73,-0.009999999999999787,38,25574.0,бТел
435,10:04:54,6.73,0.0,198,133254.0,бТел
436,10:04:57,6.73,0.0,31,20863.0,бТел
437,10:05:03,6.73,0.0,2,1346.0,бТел
438,10:05:06,6.74,0.009999999999999787,1,674.0,бРел
439,10:05:33,6.74,0.0,53,35722.0,бРел
440,10:05:42,6.74,0.0,6,4044.0,бРел
441,10:05:45,6.74,0.0,2,1348.0,бРел
442,10:05:51,6.74,0.0,80,53920.0,бРел
443,10:05:54,6.74,0.0,135,90990.0,бРел
444,10:05:57,6.74,0.0,227,152998.0,бРел
445,10:06:00,6.74,0.0,193,130082.0,бРел
446,10:06:03,6.75,0.009999999999999787,296,199571.0,бРел
447,10:06:06,6.75,0.0,19,12825.0,бРел
448,10:06:09,6.75,0.0,60,40500.0,бРел
449,10:06:12,6.76,0.009999999999999787,2,1352.0,бРел
450,10:06:18,6.76,0.0,9,6084.0,бРел
451,10:06:21,6.76,0.0,17,11492.0,бРел
452,10:06:27,6.76,0.0,12,8112.0,бРел
453,10:06:30,6.76,0.0,44,29744.0,бРел
454,10:06:51,6.75,-0.009999999999999787,5,3375.0,бТел
455,10:06:57,6.76,0.009999999999999787,55,37180.0,бРел
456,10:07:06,6.76,0.0,8,5408.0,бТел
457,10:07:09,6.76,0.0,3,2028.0,бРел
458,10:07:36,6.75,-0.009999999999999787,40,27000.0,бТел
459,10:07:39,6.75,0.0,2,1350.0,бТел
460,10:07:51,6.75,0.0,8,5400.0,бТел
461,10:07:54,6.75,0.0,20,13500.0,бРел
462,10:07:57,6.75,0.0,9,6075.0,бРел
463,10:08:09,6.75,0.0,20,13500.0,бРел
464,10:08:18,6.75,0.0,40,26995.0,бРел
465,10:08:24,6.75,0.0,17,11475.0,бРел
466,10:08:36,6.75,0.0,7,4725.0,бРел
467,10:08:42,6.75,0.0,4,2700.0,бРел
468,10:09:30,6.75,0.0,21,14175.0,бРел
469,10:09:45,6.74,-0.009999999999999787,1,674.0,бТел
470,10:10:15,6.75,0.009999999999999787,185,124870.0,бРел
471,10:10:21,6.75,0.0,113,76275.0,бТел
472,10:10:24,6.75,0.0,43,29026.0,бТел
473,10:10:27,6.74,-0.009999999999999787,20,13480.0,бТел
474,10:10:33,6.75,0.009999999999999787,1,675.0,бРел
475,10:10:39,6.75,0.0,89,60075.0,бРел
476,10:10:42,6.75,0.0,6,4050.0,бТел
477,10:10:45,6.75,0.0,7,4725.0,бРел
478,10:10:48,6.75,0.0,3,2025.0,бТел
479,10:10:51,6.75,0.0,10,6750.0,бТел
480,10:10:57,6.76,0.009999999999999787,8,5405.0,бРел
481,10:11:03,6.75,-0.009999999999999787,12,8106.0,бТел
482,10:11:06,6.75,0.0,33,22275.0,бТел
483,10:11:09,6.75,0.0,7,4725.0,бТел
484,10:11:12,6.75,0.0,8,5400.0,бТел
485,10:11:18,6.75,0.0,2,1350.0,бТел
486,10:11:21,6.75,0.0,1,675.0,бТел
487,10:11:24,6.75,0.0,2,1350.0,бТел
488,10:11:27,6.75,0.0,1,675.0,бТел
489,10:11:30,6.75,0.0,1,675.0,бТел
490,10:11:33,6.75,0.0,1,675.0,бТел
491,10:11:36,6.75,0.0,29,19585.0,бТел
492,10:11:45,6.75,0.0,66,44550.0,бРел
493,10:11:54,6.75,0.0,11,7425.0,бРел
494,10:12:00,6.75,0.0,14,9450.0,бРел
495,10:12:03,6.75,0.0,32,21600.0,бРел
496,10:12:21,6.75,0.0,18,12148.0,бРел
497,10:12:24,6.75,0.0,3,2023.0,бРел
498,10:12:27,6.74,-0.009999999999999787,2,1348.0,бТел
499,10:12:30,6.75,0.009999999999999787,37,24968.0,бРел
500,10:12:33,6.75,0.0,153,103275.0,бРел
501,10:12:36,6.75,0.0,124,83694.0,бТел
502,10:12:42,6.74,-0.009999999999999787,316,213002.0,бТел
503,10:12:45,6.74,0.0,10,6740.0,бТел
504,10:12:48,6.74,0.0,19,12806.0,бРел
505,10:12:54,6.75,0.009999999999999787,86,57992.0,бРел
506,10:12:57,6.75,0.0,5,3375.0,бТел
507,10:13:15,6.75,0.0,10,6750.0,бРел
508,10:13:18,6.74,-0.009999999999999787,104,70096.0,бТел
509,10:13:21,6.74,0.0,45,30330.0,бРел
510,10:13:24,6.74,0.0,15,10110.0,бРел
511,10:13:30,6.74,0.0,4,2696.0,бРел
512,10:13:36,6.74,0.0,14,9436.0,бРел
513,10:13:39,6.74,0.0,7,4718.0,бРел
514,10:13:42,6.74,0.0,31,20894.0,бРел
515,10:13:45,6.74,0.0,9,6066.0,бРел
516,10:13:51,6.73,-0.009999999999999787,2,1347.0,бТел
517,10:14:03,6.73,0.0,1,673.0,бТел
518,10:14:06,6.73,0.0,1,673.0,бТел
519,10:14:12,6.73,0.0,137,92201.0,бТел
520,10:14:18,6.73,0.0,2,1346.0,бТел
521,10:14:27,6.73,0.0,306,205938.0,бТел
522,10:14:36,6.73,0.0,5,3365.0,бТел
523,10:14:54,6.74,0.009999999999999787,1,674.0,бРел
524,10:14:57,6.74,0.0,9,6066.0,бРел
525,10:15:03,6.73,-0.009999999999999787,3,2019.0,бТел
526,10:15:27,6.74,0.009999999999999787,21,14154.0,бРел
527,10:15:30,6.73,-0.009999999999999787,33,22209.0,бТел
528,10:15:39,6.73,0.0,3,2019.0,бТел
529,10:15:54,6.74,0.009999999999999787,1,674.0,бРел
530,10:16:15,6.73,-0.009999999999999787,30,20190.0,бТел
531,10:16:21,6.74,0.009999999999999787,1,674.0,бРел
532,10:16:27,6.74,0.0,10,6740.0,бРел
533,10:16:30,6.74,0.0,50,33700.0,бРел
534,10:16:39,6.73,-0.009999999999999787,10,6730.0,бТел
535,10:16:42,6.73,0.0,523,351979.0,бТел
536,10:16:45,6.73,0.0,4,2692.0,бТел
537,10:16:48,6.73,0.0,4,2692.0,бРел
538,10:16:54,6.73,0.0,47,31631.0,бРел
539,10:16:57,6.72,-0.010000000000000675,2,1344.0,бТел
540,10:17:03,6.73,0.010000000000000675,2,1346.0,бРел
541,10:17:21,6.72,-0.010000000000000675,30,20160.0,бТел
542,10:17:24,6.73,0.010000000000000675,30,20187.0,бРел
543,10:17:33,6.73,0.0,432,290315.0,бРел
544,10:17:36,6.73,0.0,57,38338.0,бРел
545,10:17:45,6.73,0.0,16,10768.0,бРел
546,10:17:51,6.72,-0.010000000000000675,366,245952.0,бТел
547,10:17:54,6.72,0.0,1,672.0,бТел
548,10:17:57,6.72,0.0,8,5376.0,бТел
549,10:18:00,6.72,0.0,3,2016.0,бТел
550,10:18:03,6.72,0.0,10,6720.0,бТел
551,10:18:09,6.72,0.0,35,23520.0,бТел
552,10:18:12,6.72,0.0,12,8064.0,бТел
553,10:18:15,6.72,0.0,49,32928.0,бТел
554,10:18:18,6.72,0.0,2,1344.0,бТел
555,10:18:21,6.73,0.010000000000000675,1,673.0,бРел
556,10:18:30,6.73,0.0,1,673.0,бРел
557,10:18:39,6.73,0.0,46,30958.0,бРел
558,10:18:42,6.73,0.0,1,673.0,бРел
559,10:18:45,6.72,-0.010000000000000675,13,8736.0,бТел
560,10:19:09,6.73,0.010000000000000675,18,12114.0,бРел
561,10:19:15,6.73,0.0,5,3365.0,бРел
562,10:19:18,6.72,-0.010000000000000675,16,10752.0,бТел
563,10:19:24,6.72,0.0,1,672.0,бТел
564,10:19:27,6.72,0.0,10,6720.0,бТел
565,10:19:36,6.72,0.0,10,6720.0,бТел
566,10:19:39,6.72,0.0,33,22176.0,бТел
567,10:19:45,6.72,0.0,10,6720.0,бРел
568,10:19:48,6.71,-0.009999999999999787,11,7381.0,бТел
569,10:19:54,6.71,0.0,13,8723.0,бТел
570,10:20:06,6.71,0.0,1,671.0,бТел
571,10:20:09,6.72,0.009999999999999787,30,20160.0,бРел
572,10:20:15,6.71,-0.009999999999999787,93,62403.0,бТел
573,10:20:18,6.71,0.0,106,71126.0,бТел
574,10:20:21,6.71,0.0,118,79178.0,бТел
575,10:20:24,6.71,0.0,78,52338.0,бТел
576,10:20:27,6.71,0.0,5,3358.0,бТел
577,10:20:30,6.71,0.0,2,1342.0,бТел
578,10:20:33,6.72,0.009999999999999787,13,8736.0,бРел
579,10:20:45,6.71,-0.009999999999999787,1,671.0,бТел
580,10:20:48,6.72,0.009999999999999787,18,12096.0,бРел
581,10:20:51,6.72,0.0,10,6720.0,бРел
582,10:20:54,6.72,0.0,45,30220.0,бРел
583,10:21:00,6.71,-0.009999999999999787,200,134200.0,бТел
584,10:21:09,6.72,0.009999999999999787,32,21482.0,бРел
585,10:21:21,6.72,0.0,12,8064.0,бРел
586,10:21:27,6.72,0.0,5,3360.0,бРел
587,10:21:39,6.71,-0.009999999999999787,12,8052.0,бТел
588,10:21:45,6.72,0.009999999999999787,23,15456.0,бРел
589,10:21:51,6.71,-0.009999999999999787,17,11407.0,бТел
590,10:22:09,6.72,0.009999999999999787,244,163968.0,бРел
591,10:22:15,6.71,-0.009999999999999787,87,58377.0,бТел
592,10:22:18,6.71,0.0,200,134200.0,бТел
593,10:22:33,6.72,0.009999999999999787,1,672.0,бРел
594,10:22:36,6.72,0.0,1,672.0,бРел
595,10:22:45,6.72,0.0,19,12753.0,бРел
596,10:22:57,6.72,0.0,17,11424.0,бРел
597,10:23:03,6.72,0.0,129,86610.0,бРел
598,10:23:06,6.71,-0.009999999999999787,63,42273.0,бРел
599,10:23:09,6.71,0.0,10,6710.0,бРел
600,10:23:12,6.71,0.0,116,77836.0,бРел
601,10:23:18,6.71,0.0,28,18788.0,бТел
602,10:23:21,6.72,0.009999999999999787,2,1344.0,бРел
603,10:23:39,6.72,0.0,2,1344.0,бРел
604,10:23:42,6.72,0.0,5,3360.0,бРел
605,10:23:45,6.71,-0.009999999999999787,60,40260.0,бТел
606,10:24:03,6.72,0.009999999999999787,117,78624.0,бРел
607,10:24:09,6.71,-0.009999999999999787,13,8735.0,бТел
608,10:24:15,6.71,0.0,500,335544.0,бТел
609,10:24:21,6.73,0.020000000000000462,199,133545.0,бРел
610,10:25:03,6.72,-0.010000000000000675,42,28224.0,бТел
611,10:25:06,6.72,0.0,29,19481.0,бРел
612,10:25:39,6.72,0.0,10,6720.0,бРел
613,10:25:42,6.72,0.0,4,2688.0,бРел
614,10:26:06,6.71,-0.009999999999999787,3,2013.0,бТел
615,10:26:12,6.71,0.0,12,8052.0,бТел
616,10:26:18,6.71,0.0,1,671.0,бТел
617,10:26:21,6.72,0.009999999999999787,1,672.0,бРел
618,10:26:24,6.72,0.0,5,3360.0,бРел
619,10:26:30,6.72,0.0,6,4032.0,бРел
620,10:26:36,6.71,-0.009999999999999787,39,26169.0,бТел
621,10:27:03,6.71,0.0,10,6710.0,бТел
622,10:27:06,6.72,0.009999999999999787,31,20832.0,бРел
623,10:27:09,6.72,0.0,16,10752.0,бРел
624,10:27:15,6.72,0.0,3,2016.0,бРел
625,10:27:18,6.71,-0.009999999999999787,324,217446.0,бТел
626,10:27:21,6.71,0.0,42,28182.0,бТел
627,10:27:24,6.72,0.009999999999999787,20,13440.0,бРел
628,10:27:30,6.71,-0.009999999999999787,179,120109.0,бТел
629,10:27:36,6.71,0.0,21,14091.0,бРел
630,10:27:42,6.71,0.0,5,3355.0,бРел
631,10:27:45,6.71,0.0,12,8052.0,бРел
632,10:27:54,6.71,0.0,35,23485.0,бРел
633,10:27:57,6.71,0.0,14,9394.0,бРел
634,10:28:00,6.71,0.0,37,24827.0,бРел
635,10:28:03,6.71,0.0,37,24827.0,бРел
636,10:28:06,6.71,0.0,228,152988.0,бРел
637,10:28:09,6.72,0.009999999999999787,31,20832.0,бРел
638,10:28:12,6.72,0.0,72,48386.0,бРел
639,10:28:21,6.73,0.010000000000000675,1,673.0,бРел
640,10:28:24,6.72,-0.010000000000000675,30,20160.0,бТел
641,10:28:27,6.73,0.010000000000000675,2,1346.0,бРел
642,10:28:33,6.73,0.0,10,6730.0,бРел
643,10:28:36,6.72,-0.010000000000000675,1,672.0,бТел
644,10:28:45,6.73,0.010000000000000675,2,1346.0,бРел
645,10:28:54,6.73,0.0,105,70665.0,бРел
646,10:29:00,6.73,0.0,72,48456.0,бТел
647,10:29:06,6.74,0.009999999999999787,8,5392.0,бРел
648,10:29:09,6.74,0.0,1,674.0,бРел
649,10:29:12,6.73,-0.009999999999999787,1,673.0,бТел
650,10:29:18,6.74,0.009999999999999787,22,14828.0,бРел
651,10:29:21,6.73,-0.009999999999999787,24,16174.0,бТел
652,10:29:24,6.74,0.009999999999999787,2,1348.0,бРел
653,10:29:30,6.74,0.0,8,5392.0,бТел
654,10:29:33,6.75,0.009999999999999787,30,20250.0,бРел
655,10:29:54,6.75,0.0,15,10125.0,бРел
656,10:29:57,6.75,0.0,3,2025.0,бРел
657,10:30:06,6.75,0.0,26,17510.0,бРел
658,10:30:09,6.75,0.0,19,12805.0,бРел
659,10:30:12,6.75,0.0,14,9430.0,бРел
660,10:30:15,6.73,-0.019999999999999574,10,6730.0,бТел
661,10:30:18,6.73,0.0,10,6730.0,бТел
662,10:30:21,6.74,0.009999999999999787,15,10100.0,жпптел
663,10:30:24,6.74,0.0,21,14144.0,бРел
664,10:30:27,6.73,-0.009999999999999787,10,6730.0,бТел
665,10:30:30,6.73,0.0,10,6730.0,бТел
666,10:30:33,6.74,0.009999999999999787,13,8758.0,бРел
667,10:30:36,6.74,0.0,10,6736.0,бРел
668,10:30:39,6.74,0.0,15,10106.0,бРел
669,10:30:42,6.73,-0.009999999999999787,16,10768.0,бТел
670,10:30:45,6.73,0.0,3,2019.0,бТел
671,10:30:51,6.74,0.009999999999999787,113,76147.0,бРел
672,10:30:54,6.73,-0.009999999999999787,4,2692.0,бТел
673,10:30:57,6.73,0.0,4,2692.0,бТел
674,10:31:00,6.73,0.0,13,8744.0,жпптел
675,10:31:06,6.73,0.0,15,10087.0,бРел
676,10:31:09,6.74,0.009999999999999787,7,4710.0,бРел
677,10:31:12,6.73,-0.009999999999999787,4,2692.0,бТел
678,10:31:15,6.73,0.0,4,2692.0,бТел
679,10:31:18,6.74,0.009999999999999787,6,4040.0,бРел
680,10:31:21,6.74,0.0,5,3366.0,бРел
681,10:31:24,6.73,-0.009999999999999787,4,2692.0,бТел
682,10:31:27,6.74,0.009999999999999787,5,3366.0,бРел
683,10:31:30,6.73,-0.009999999999999787,4,2692.0,бТел
684,10:31:33,6.73,0.0,4,2692.0,бТел
685,10:31:36,6.73,0.0,4,2692.0,бТел
686,10:31:39,6.73,0.0,4,2692.0,бТел
687,10:31:42,6.73,0.0,4,2692.0,бТел
688,10:31:45,6.73,0.0,4,2692.0,бТел
689,10:31:51,6.74,0.009999999999999787,28,18868.0,бРел
690,10:31:54,6.73,-0.009999999999999787,4,2692.0,бТел
691,10:31:57,6.73,0.0,8,5384.0,бТел
692,10:32:00,6.73,0.0,6,4040.0,бТел
693,10:32:06,6.73,0.0,8,5384.0,бТел
694,10:32:09,6.74,0.009999999999999787,5,3366.0,бРел
695,10:32:12,6.73,-0.009999999999999787,4,2692.0,бТел
696,10:32:15,6.73,0.0,4,2692.0,бТел
697,10:32:18,6.74,0.009999999999999787,7,4714.0,бРел
698,10:32:21,6.74,0.0,18,12128.0,бРел
699,10:32:24,6.73,-0.009999999999999787,5,3366.0,бТел
700,10:32:27,6.73,0.0,4,2692.0,бТел
701,10:32:30,6.74,0.009999999999999787,17,11450.0,бРел
702,10:32:39,6.74,0.0,3,2022.0,бРел
703,10:32:48,6.73,-0.009999999999999787,13,8749.0,бТел
704,10:32:51,6.74,0.009999999999999787,13,8762.0,бРел
705,10:32:54,6.74,0.0,9,6066.0,бРел
706,10:32:57,6.74,0.0,11,7414.0,бРел
707,10:33:00,6.73,-0.009999999999999787,23,15480.0,бТел
708,10:33:03,6.73,0.0,71,47783.0,бТел
709,10:33:06,6.73,0.0,2,1346.0,бТел
710,10:33:12,6.73,0.0,37,24905.0,бТел
711,10:33:18,6.74,0.009999999999999787,11,7414.0,бРел
712,10:33:48,6.74,0.0,16,10784.0,бРел
713,10:33:57,6.73,-0.009999999999999787,1,673.0,бТел
714,10:34:06,6.73,0.0,10,6739.0,бТел
715,10:34:09,6.74,0.009999999999999787,6,4044.0,бРел
716,10:34:12,6.74,0.0,19,12806.0,бРел
717,10:34:15,6.73,-0.009999999999999787,3,2019.0,бТел
718,10:34:18,6.74,0.009999999999999787,5,3370.0,бРел
719,10:34:24,6.73,-0.009999999999999787,1,673.0,бТел
720,10:34:33,6.74,0.009999999999999787,10,6740.0,бРел
721,10:34:36,6.73,-0.009999999999999787,2,1346.0,бТел
722,10:34:39,6.74,0.009999999999999787,1,674.0,бРел
723,10:34:42,6.74,0.0,5,3370.0,бРел
724,10:34:51,6.74,0.0,10,6740.0,бРел
725,10:34:54,6.74,0.0,56,37744.0,бРел
726,10:34:57,6.74,0.0,14,9436.0,бРел
727,10:35:06,6.74,0.0,2,1348.0,бРел
728,10:35:09,6.74,0.0,1,674.0,бРел
729,10:35:12,6.74,0.0,2,1348.0,бРел
730,10:35:15,6.74,0.0,11,7414.0,бРел
731,10:35:18,6.74,0.0,14,9436.0,бРел
732,10:35:24,6.74,0.0,2,1348.0,бРел
733,10:35:30,6.74,0.0,7,4718.0,бРел
734,10:35:33,6.74,0.0,8,5392.0,бРел
735,10:35:36,6.74,0.0,19,12806.0,бРел
736,10:35:39,6.74,0.0,1,674.0,бРел
737,10:35:45,6.74,0.0,15,10110.0,бРел
738,10:35:51,6.75,0.009999999999999787,938,632583.0,бРел
739,10:35:54,6.75,0.0,60,40500.0,бТел
740,10:36:12,6.75,0.0,59,39825.0,бРел
741,10:36:15,6.75,0.0,44,29700.0,бРел
742,10:36:18,6.75,0.0,22,14850.0,бРел
743,10:36:21,6.75,0.0,4,2700.0,бРел
744,10:36:33,6.75,0.0,9,6075.0,бРел
745,10:36:36,6.75,0.0,3,2025.0,бРел
746,10:36:39,6.75,0.0,22,14850.0,бРел
747,10:36:45,6.75,0.0,14,9450.0,бРел
748,10:36:51,6.75,0.0,4,2700.0,бРел
749,10:36:54,6.75,0.0,5,3375.0,бРел
750,10:37:00,6.75,0.0,3,2025.0,бРел
751,10:37:06,6.75,0.0,5,3375.0,бРел
752,10:37:09,6.75,0.0,31,20925.0,бРел
753,10:37:12,6.75,0.0,22,14850.0,бРел
754,10:37:15,6.75,0.0,11,7425.0,бРел
755,10:37:18,6.75,0.0,51,34425.0,бРел
756,10:37:21,6.76,0.009999999999999787,61,41186.0,бРел
757,10:37:27,6.75,-0.009999999999999787,16,10800.0,бТел
758,10:37:30,6.75,0.0,10,6750.0,бТел
759,10:37:33,6.76,0.009999999999999787,23,15538.0,бРел
760,10:37:51,6.76,0.0,182,123032.0,бРел
761,10:37:54,6.75,-0.009999999999999787,10,6750.0,бТел
762,10:37:57,6.76,0.009999999999999787,5,3380.0,бРел
763,10:38:00,6.75,-0.009999999999999787,34,22977.0,бТел
764,10:38:03,6.76,0.009999999999999787,15,10133.0,бРел
765,10:38:06,6.76,0.0,26,17576.0,бТел
766,10:38:09,6.76,0.0,4,2704.0,бРел
767,10:38:12,6.76,0.0,34,22973.0,жпптел
768,10:38:15,6.76,0.0,28,18934.0,бТел
769,10:38:18,6.76,0.0,13,8788.0,бТел
770,10:38:24,6.76,0.0,1,676.0,бТел
771,10:38:27,6.76,0.0,112,75712.0,бТел
772,10:38:45,6.76,0.0,21,14196.0,бРел
773,10:38:48,6.76,0.0,15,10140.0,бТел
774,10:38:54,6.76,0.0,10,6760.0,бРел
775,10:38:57,6.76,0.0,5,3380.0,бРел
776,10:39:03,6.76,0.0,9,6084.0,бРел
777,10:39:12,6.76,0.0,8,5408.0,бРел
778,10:39:18,6.76,0.0,21,14196.0,бРел
779,10:39:27,6.75,-0.009999999999999787,3,2025.0,бТел
780,10:39:42,6.75,0.0,3,2025.0,бТел
781,10:39:45,6.75,0.0,73,49278.0,бТел
782,10:39:51,6.75,0.0,23,15525.0,бТел
783,10:39:54,6.75,0.0,117,78975.0,бТел
784,10:39:57,6.75,0.0,75,50563.0,бРел
785,10:40:00,6.74,-0.009999999999999787,24,16176.0,бТел
786,10:40:09,6.75,0.009999999999999787,1,675.0,бРел
787,10:40:18,6.74,-0.009999999999999787,3,2022.0,бТел
788,10:40:39,6.75,0.009999999999999787,2,1350.0,бРел
789,10:40:42,6.75,0.0,12,8100.0,бРел
790,10:40:45,6.75,0.0,2,1350.0,бРел
791,10:40:51,6.75,0.0,8,5400.0,бРел
792,10:40:57,6.75,0.0,2,1350.0,бРел
793,10:41:00,6.75,0.0,1,675.0,бРел
794,10:41:03,6.75,0.0,1,675.0,бРел
795,10:41:09,6.75,0.0,2,1350.0,бРел
796,10:41:15,6.75,0.0,9,6075.0,бРел
797,10:41:18,6.75,0.0,16,10800.0,бРел
798,10:41:21,6.75,0.0,10,6750.0,бРел
799,10:41:24,6.75,0.0,1,675.0,бРел
800,10:41:27,6.75,0.0,4,2700.0,бРел
801,10:41:33,6.75,0.0,14,9450.0,бРел
802,10:41:39,6.75,0.0,3,2025.0,бРел
803,10:41:51,6.74,-0.009999999999999787,1,674.0,бТел
804,10:41:54,6.74,0.0,2,1348.0,бТел
805,10:42:06,6.74,0.0,22,14828.0,бТел
806,10:42:12,6.74,0.0,5,3370.0,бТел
807,10:42:15,6.74,0.0,5,3370.0,бТел
808,10:42:18,6.74,0.0,5,3370.0,бТел
809,10:42:24,6.74,0.0,2,1348.0,бТел
810,10:42:30,6.74,0.0,95,64030.0,бТел
811,10:42:33,6.74,0.0,32,21568.0,бТел
812,10:42:36,6.74,0.0,114,76836.0,бТел
813,10:42:39,6.74,0.0,23,15502.0,бТел
814,10:42:42,6.75,0.009999999999999787,53,35734.0,бРел
815,10:42:45,6.74,-0.009999999999999787,42,28308.0,бТел
816,10:42:48,6.75,0.009999999999999787,131,88307.0,бРел
817,10:42:51,6.74,-0.009999999999999787,46,31004.0,бТел
818,10:42:57,6.75,0.009999999999999787,5,3375.0,бРел
819,10:43:12,6.74,-0.009999999999999787,90,60660.0,бТел
820,10:43:39,6.73,-0.009999999999999787,20,13460.0,бТел
821,10:43:54,6.74,0.009999999999999787,3,2022.0,бРел
822,10:44:03,6.75,0.009999999999999787,6,4050.0,бРел
823,10:44:36,6.74,-0.009999999999999787,9,6066.0,бТел
824,10:44:48,6.74,0.0,18,12132.0,бТел
825,10:44:51,6.74,0.0,12,8088.0,бРел
826,10:44:54,6.74,0.0,14,9436.0,бРел
827,10:45:12,6.74,0.0,11,7414.0,бРел
828,10:45:15,6.73,-0.009999999999999787,20,13460.0,бТел
829,10:45:51,6.74,0.009999999999999787,9,6066.0,бРел
830,10:45:54,6.74,0.0,1,674.0,бРел
831,10:46:18,6.74,0.0,1,674.0,бРел
832,10:46:27,6.74,0.0,9,6066.0,бРел
833,10:46:45,6.74,0.0,23,15502.0,бРел
834,10:46:51,6.74,0.0,1,674.0,бРел
835,10:47:57,6.74,0.0,19,12806.0,бРел
836,10:49:06,6.74,0.0,3,2022.0,бРел
837,10:49:21,6.74,0.0,97,65332.0,бРел
838,10:50:18,6.73,-0.009999999999999787,234,157482.0,бТел
839,10:50:24,6.73,0.0,28,18844.0,бТел
840,10:51:03,6.73,0.0,1,673.0,бТел
841,10:51:06,6.73,0.0,30,20190.0,бТел
842,10:51:21,6.73,0.0,800,538400.0,бТел
843,10:51:27,6.73,0.0,1,673.0,бРел
844,10:51:33,6.73,0.0,1,673.0,бРел
845,10:51:36,6.72,-0.010000000000000675,154,103488.0,бТел
846,10:51:45,6.71,-0.009999999999999787,14,9394.0,бТел
847,10:51:51,6.71,0.0,38,25508.0,бТел
848,10:51:54,6.71,0.0,26,17446.0,бТел
849,10:52:06,6.71,0.0,4,2684.0,бТел
850,10:52:15,6.72,0.009999999999999787,69,46368.0,бРел
851,10:52:36,6.72,0.0,3,2016.0,бРел
852,10:52:39,6.72,0.0,9,6048.0,бРел
853,10:52:45,6.71,-0.009999999999999787,15,10065.0,бТел
854,10:52:48,6.72,0.009999999999999787,1,672.0,бРел
855,10:52:54,6.71,-0.009999999999999787,40,26840.0,бТел
856,10:53:06,6.72,0.009999999999999787,3,2016.0,бРел
857,10:53:21,6.72,0.0,24,16128.0,бРел
858,10:53:33,6.72,0.0,25,16800.0,бРел
859,10:53:36,6.72,0.0,20,13440.0,бРел
860,10:53:39,6.72,0.0,25,16800.0,бРел
861,10:53:42,6.72,0.0,110,73920.0,бРел
862,10:53:45,6.72,0.0,25,16800.0,бРел
863,10:53:57,6.72,0.0,2,1344.0,бТел
864,10:54:03,6.72,0.0,32,21504.0,бТел
865,10:54:09,6.72,0.0,10,6720.0,бТел
866,10:54:24,6.72,0.0,17,11438.0,бТел
867,10:54:30,6.72,0.0,27,18144.0,бРел
868,10:54:39,6.71,-0.009999999999999787,8,5368.0,бТел
869,10:54:45,6.72,0.009999999999999787,17,11424.0,бРел
870,10:55:03,6.71,-0.009999999999999787,90,60390.0,бТел
871,10:55:09,6.71,0.0,16,10736.0,бТел
872,10:55:21,6.71,0.0,15,10065.0,бТел
873,10:55:30,6.72,0.009999999999999787,107,71904.0,бРел
874,10:55:33,6.72,0.0,16,10752.0,бТел
875,10:55:36,6.72,0.0,5,3360.0,бТел
876,10:55:42,6.72,0.0,72,48384.0,бТел
877,10:55:45,6.72,0.0,201,135272.0,жпптел
878,10:55:48,6.72,0.0,5,3360.0,бРел
879,10:55:51,6.71,-0.009999999999999787,27,18117.0,бТел
880,10:56:00,6.72,0.009999999999999787,55,36960.0,бРел
881,10:56:09,6.72,0.0,5,3360.0,бТел
882,10:56:21,6.73,0.010000000000000675,148,99604.0,бРел
883,10:56:27,6.73,0.0,59,39707.0,бТел
884,10:56:39,6.72,-0.010000000000000675,19,12768.0,бТел
885,10:56:45,6.73,0.010000000000000675,51,34323.0,бРел
886,10:56:48,6.73,0.0,2,1346.0,бРел
887,10:57:00,6.73,0.0,200,134600.0,бРел
888,10:57:06,6.72,-0.010000000000000675,152,102145.0,бТел
889,10:57:09,6.73,0.010000000000000675,18,12098.0,бРел
890,10:57:12,6.74,0.009999999999999787,30,20209.0,бРел
891,10:57:33,6.74,0.0,15,10110.0,бРел
892,10:58:39,6.74,0.0,100,67400.0,бРел
893,10:58:48,6.75,0.009999999999999787,7,4723.0,бРел
894,10:59:03,6.73,-0.019999999999999574,38,25575.0,бТел
895,10:59:06,6.74,0.009999999999999787,8,5392.0,жпптел
896,10:59:42,6.74,0.0,20,13480.0,бРел
897,10:59:51,6.74,0.0,143,96382.0,бРел
898,11:00:12,6.74,0.0,33,22242.0,бТел
899,11:00:27,6.73,-0.009999999999999787,1,673.0,бТел
900,11:00:54,6.74,0.009999999999999787,90,60660.0,бРел
901,11:01:03,6.74,0.0,14,9436.0,бТел
902,11:01:06,6.74,0.0,1,674.0,бТел
903,11:01:09,6.75,0.009999999999999787,54,36410.0,бРел
904,11:01:12,6.74,-0.009999999999999787,5,3370.0,бТел
905,11:01:36,6.74,0.0,34,22916.0,бТел
906,11:01:42,6.74,0.0,5,3371.0,бТел
907,11:02:03,6.75,0.009999999999999787,1,675.0,бРел
908,11:02:06,6.74,-0.009999999999999787,8,5392.0,бТел
909,11:02:09,6.74,0.0,21,14154.0,бТел
910,11:02:15,6.74,0.0,31,20894.0,бРел
911,11:02:18,6.75,0.009999999999999787,23,15525.0,бРел
912,11:02:27,6.74,-0.009999999999999787,50,33700.0,бТел
913,11:02:33,6.75,0.009999999999999787,250,168725.0,бРел
914,11:02:36,6.75,0.0,1,675.0,бРел
915,11:02:42,6.74,-0.009999999999999787,16,10788.0,бТел
916,11:02:45,6.74,0.0,18,12132.0,бТел
917,11:02:48,6.73,-0.009999999999999787,14,9425.0,бТел
918,11:03:00,6.74,0.009999999999999787,3,2022.0,бРел
919,11:03:06,6.74,0.0,16,10784.0,бРел
920,11:03:12,6.74,0.0,4,2696.0,бТел
921,11:03:21,6.75,0.009999999999999787,10,6750.0,бРел
922,11:03:24,6.74,-0.009999999999999787,33,22242.0,бТел
923,11:03:27,6.74,0.0,1,674.0,бТел
924,11:03:30,6.74,0.0,7,4718.0,бТел
925,11:03:39,6.74,0.0,5,3370.0,бТел
926,11:03:51,6.75,0.009999999999999787,1,675.0,бРел
927,11:04:12,6.74,-0.009999999999999787,5,3370.0,бТел
928,11:04:24,6.74,0.0,16,10784.0,бТел
929,11:05:03,6.74,0.0,22,14828.0,бТел
930,11:05:33,6.74,0.0,97,65378.0,бТел
931,11:05:45,6.74,0.0,22,14828.0,бРел
932,11:05:48,6.74,0.0,15,10110.0,бРел
933,11:05:54,6.74,0.0,7,4718.0,бРел
934,11:05:57,6.75,0.009999999999999787,10,6747.0,бРел
935,11:06:12,6.74,-0.009999999999999787,17,11465.0,бТел
936,11:06:15,6.75,0.009999999999999787,21,14175.0,бРел
937,11:06:21,6.75,0.0,7,4725.0,бРел
938,11:06:24,6.75,0.0,15,10125.0,бРел
939,11:06:42,6.75,0.0,1,675.0,бРел
940,11:06:45,6.74,-0.009999999999999787,30,20220.0,бТел
941,11:07:00,6.75,0.009999999999999787,200,135000.0,бРел
942,11:07:06,6.75,0.0,10,6750.0,бРел
943,11:07:09,6.75,0.0,181,122175.0,бРел
944,11:07:24,6.76,0.009999999999999787,3,2028.0,бРел
945,11:08:00,6.76,0.0,4,2704.0,бРел
946,11:08:03,6.75,-0.009999999999999787,28,18908.0,бТел
947,11:08:06,6.76,0.009999999999999787,10,6760.0,бРел
948,11:08:12,6.75,-0.009999999999999787,5,3375.0,бТел
949,11:08:15,6.76,0.009999999999999787,9,6084.0,бРел
950,11:08:27,6.76,0.0,14,9460.0,бРел
951,11:08:33,6.76,0.0,63,42588.0,бРел
952,11:08:42,6.76,0.0,9,6084.0,бРел
953,11:08:45,6.76,0.0,3,2028.0,бРел
954,11:08:51,6.76,0.0,1,676.0,бРел
955,11:08:54,6.76,0.0,530,358282.0,бРел
956,11:09:21,6.77,0.009999999999999787,16,10832.0,бРел
957,11:09:24,6.76,-0.009999999999999787,10,6760.0,бТел
958,11:09:30,6.76,0.0,4,2704.0,бРел
959,11:09:33,6.77,0.009999999999999787,86,58219.0,бРел
960,11:09:51,6.76,-0.009999999999999787,56,37856.0,бТел
961,11:09:54,6.76,0.0,4,2704.0,бРел
962,11:10:09,6.77,0.009999999999999787,30,20310.0,бРел
963,11:10:12,6.76,-0.009999999999999787,25,16900.0,бТел
964,11:10:15,6.76,0.0,56,37856.0,бРел
965,11:10:18,6.76,0.0,2,1352.0,бРел
966,11:10:27,6.76,0.0,66,44616.0,бРел
967,11:10:30,6.77,0.009999999999999787,15,10155.0,бРел
968,11:10:33,6.77,0.0,3,2031.0,бРел
969,11:10:39,6.77,0.0,10,6770.0,бРел
970,11:10:42,6.77,0.0,22,14894.0,бРел
971,11:10:51,6.77,0.0,302,204454.0,бРел
972,11:10:54,6.77,0.0,7,4739.0,бРел
973,11:10:57,6.77,0.0,22,14894.0,бРел
974,11:11:00,6.77,0.0,43,29111.0,бРел
975,11:11:03,6.78,0.010000000000000675,22,14903.0,бРел
976,11:11:21,6.77,-0.010000000000000675,30,20310.0,бТел
977,11:11:24,6.77,0.0,4,2708.0,бРел
978,11:11:30,6.77,0.0,45,30465.0,бРел
979,11:11:33,6.78,0.010000000000000675,50,33869.0,бРел
980,11:11:48,6.77,-0.010000000000000675,8,5416.0,бТел
981,11:11:51,6.77,0.0,100,67700.0,бТел
982,11:11:54,6.78,0.010000000000000675,5,3390.0,бРел
983,11:11:57,6.78,0.0,6,4068.0,бРел
984,11:12:03,6.78,0.0,223,151194.0,бРел
985,11:12:18,6.78,0.0,14,9492.0,бРел
986,11:12:21,6.78,0.0,2,1356.0,бРел
987,11:12:24,6.78,0.0,193,130854.0,бРел
988,11:12:27,6.77,-0.010000000000000675,40,27100.0,бТел
989,11:12:30,6.78,0.010000000000000675,30,20340.0,бРел
990,11:12:33,6.78,0.0,105,71097.0,бРел
991,11:12:51,6.77,-0.010000000000000675,11,7447.0,бТел
992,11:12:54,6.78,0.010000000000000675,10,6780.0,бРел
993,11:13:06,6.78,0.0,2,1356.0,бРел
994,11:13:12,6.78,0.0,10,6780.0,бРел
995,11:13:21,6.77,-0.010000000000000675,9,6093.0,бТел
996,11:13:30,6.77,0.0,38,25736.0,бТел
997,11:13:33,6.77,0.0,5,3385.0,бТел
998,11:13:39,6.78,0.010000000000000675,39,26433.0,бРел
999,11:13:48,6.78,0.0,211,143058.0,бРел
1000,11:13:51,6.77,-0.010000000000000675,100,67782.0,бТел
1001,11:13:57,6.79,0.020000000000000462,1,679.0,бРел
1002,11:14:09,6.79,0.0,20,13580.0,бРел
1003,11:14:15,6.79,0.0,21,14259.0,бРел
1004,11:14:21,6.79,0.0,23,15617.0,бРел
1005,11:14:24,6.78,-0.009999999999999787,1,678.0,жпптел
1006,11:14:33,6.79,0.009999999999999787,389,264131.0,бРел
1007,11:14:36,6.79,0.0,1,679.0,жпптел
1008,11:14:39,6.78,-0.009999999999999787,6,4068.0,бТел
1009,11:14:48,6.79,0.009999999999999787,5,3395.0,бРел
1010,11:14:54,6.8,0.009999999999999787,37,25133.0,бРел
1011,11:15:03,6.79,-0.009999999999999787,5,3395.0,бРел
1012,11:15:09,6.79,0.0,13,8827.0,бТел
1013,11:15:15,6.8,0.009999999999999787,11,7480.0,бРел
1014,11:15:21,6.8,0.0,30,20400.0,бРел
1015,11:15:30,6.8,0.0,5,3400.0,бРел
1016,11:15:33,6.8,0.0,12,8160.0,бРел
1017,11:15:45,6.79,-0.009999999999999787,3,2037.0,бТел
1018,11:15:48,6.8,0.009999999999999787,2,1360.0,бРел
1019,11:15:54,6.79,-0.009999999999999787,30,20370.0,бТел
1020,11:16:00,6.8,0.009999999999999787,5,3400.0,бРел
1021,11:16:03,6.79,-0.009999999999999787,50,33950.0,бТел
1022,11:16:06,6.8,0.009999999999999787,14,9520.0,бРел
1023,11:16:09,6.79,-0.009999999999999787,3,2039.0,бТел
1024,11:16:12,6.8,0.009999999999999787,28,19030.0,бРел
1025,11:16:15,6.8,0.0,770,523600.0,бРел
1026,11:16:18,6.8,0.0,1,680.0,жпптел
1027,11:16:21,6.8,0.0,37,25160.0,бРел
1028,11:16:24,6.8,0.0,60,40800.0,бТел
1029,11:16:30,6.81,0.009999999999999787,13,8853.0,бРел
1030,11:16:33,6.8,-0.009999999999999787,18,12240.0,бТел
1031,11:16:36,6.81,0.009999999999999787,15,10215.0,бРел
1032,11:16:45,6.81,0.0,52,35412.0,бРел
1033,11:16:48,6.81,0.0,191,130014.0,бРел
1034,11:16:51,6.81,0.0,125,85106.0,бРел
1035,11:16:54,6.8,-0.009999999999999787,9,6121.0,жпптел
1036,11:17:00,6.8,0.0,45,30618.0,бТел
1037,11:17:03,6.8,0.0,5,3400.0,бТел
1038,11:17:09,6.8,0.0,1,680.0,бРел
1039,11:17:12,6.8,0.0,9,6120.0,бТел
1040,11:17:15,6.81,0.009999999999999787,15,10215.0,бРел
1041,11:17:21,6.8,-0.009999999999999787,6,4080.0,бТел
1042,11:17:24,6.8,0.0,7,4760.0,бТел
1043,11:17:33,6.8,0.0,10,6800.0,бТел
1044,11:17:42,6.8,0.0,174,118320.0,бТел
1045,11:17:45,6.8,0.0,25,17000.0,бРел
1046,11:17:51,6.8,0.0,97,65971.0,бРел
1047,11:17:54,6.8,0.0,42,28560.0,бТел
1048,11:17:57,6.8,0.0,65,44217.0,бТел
1049,11:18:00,6.8,0.0,67,45560.0,бТел
1050,11:18:03,6.8,0.0,16,10880.0,бТел
1051,11:18:06,6.8,0.0,8,5440.0,бТел
1052,11:18:09,6.8,0.0,2,1360.0,бТел
1053,11:18:21,6.8,0.0,323,219360.0,бРел
1054,11:18:24,6.81,0.009999999999999787,19,12925.0,бРел
1055,11:18:27,6.8,-0.009999999999999787,15,10187.0,бРел
1056,11:18:33,6.81,0.009999999999999787,218,148391.0,бРел
1057,11:18:36,6.81,0.0,110,74910.0,бРел
1058,11:18:51,6.8,-0.009999999999999787,16,10880.0,бРел
1059,11:18:57,6.8,0.0,18,12240.0,бРел
1060,11:19:09,6.8,0.0,25,17000.0,бРел
1061,11:19:21,6.79,-0.009999999999999787,2,1358.0,бТел
1062,11:19:27,6.8,0.009999999999999787,20,13600.0,бРел
1063,11:19:39,6.79,-0.009999999999999787,14,9506.0,бТел
1064,11:19:42,6.8,0.009999999999999787,12,8160.0,бРел
1065,11:19:57,6.8,0.0,1,680.0,бРел
1066,11:20:00,6.8,0.0,11,7480.0,бРел
1067,11:20:06,6.79,-0.009999999999999787,74,50246.0,бТел
1068,11:20:24,6.79,0.0,2,1358.0,бРел
1069,11:20:27,6.79,0.0,36,24444.0,бРел
1070,11:20:30,6.79,0.0,32,21728.0,бРел
1071,11:20:36,6.79,0.0,41,27839.0,бТел
1072,11:20:39,6.79,0.0,67,45493.0,бТел
1073,11:20:42,6.79,0.0,68,46172.0,бТел
1074,11:20:54,6.79,0.0,10,6790.0,бРел
1075,11:20:57,6.79,0.0,37,25123.0,бРел
1076,11:21:00,6.79,0.0,2,1358.0,бТел
1077,11:21:12,6.79,0.0,10,6790.0,бТел
1078,11:21:18,6.8,0.009999999999999787,5,3400.0,бРел
1079,11:21:36,6.79,-0.009999999999999787,15,10197.0,бТел
1080,11:21:39,6.79,0.0,34,23086.0,бТел
1081,11:21:42,6.8,0.009999999999999787,6,4075.0,бРел
1082,11:21:54,6.8,0.0,15,10200.0,бРел
1083,11:21:57,6.79,-0.009999999999999787,15,10185.0,бТел
1084,11:22:12,6.8,0.009999999999999787,42,28533.0,бРел
1085,11:22:15,6.79,-0.009999999999999787,26,17654.0,бТел
1086,11:22:33,6.79,0.0,9,6111.0,бТел
1087,11:22:36,6.8,0.009999999999999787,15,10200.0,бРел
1088,11:22:45,6.79,-0.009999999999999787,51,34629.0,бТел
1089,11:22:51,6.8,0.009999999999999787,3,2040.0,бРел
1090,11:23:06,6.8,0.0,17,11560.0,бРел
1091,11:23:09,6.8,0.0,220,149600.0,бРел
1092,11:23:15,6.79,-0.009999999999999787,31,21049.0,бТел
1093,11:23:21,6.8,0.009999999999999787,8,5440.0,бРел
1094,11:23:24,6.8,0.0,108,73440.0,бРел
1095,11:23:27,6.81,0.009999999999999787,8,5446.0,бРел
1096,11:23:33,6.81,0.0,41,27921.0,бРел
1097,11:23:42,6.81,0.0,15,10215.0,бРел
1098,11:23:45,6.81,0.0,16,10896.0,бРел
1099,11:23:57,6.8,-0.009999999999999787,33,22440.0,бРел
1100,11:24:00,6.8,0.0,2,1360.0,бРел
1101,11:24:03,6.8,0.0,2,1360.0,бРел
1102,11:24:06,6.81,0.009999999999999787,34,23133.0,бРел
1103,11:24:09,6.8,-0.009999999999999787,3,2040.0,бТел
1104,11:24:21,6.8,0.0,31,21080.0,бРел
1105,11:24:24,6.8,0.0,30,20375.0,бРел
1106,11:24:39,6.8,0.0,16,10875.0,бРел
1107,11:24:42,6.8,0.0,10,6800.0,бРел
1108,11:24:45,6.8,0.0,9,6120.0,бРел
1109,11:24:48,6.8,0.0,14,9520.0,бРел
1110,11:24:54,6.79,-0.009999999999999787,3,2037.0,бТел
1111,11:25:00,6.8,0.009999999999999787,15,10200.0,бРел
1112,11:25:03,6.79,-0.009999999999999787,100,67900.0,бТел
1113,11:25:06,6.8,0.009999999999999787,2,1360.0,бРел
1114,11:25:09,6.79,-0.009999999999999787,26,17654.0,бТел
1115,11:25:18,6.79,0.0,53,36000.0,бТел
1116,11:25:21,6.79,0.0,16,10864.0,бТел
1117,11:25:36,6.8,0.009999999999999787,15,10200.0,бРел
1118,11:25:39,6.79,-0.009999999999999787,5,3395.0,бТел
1119,11:25:42,6.79,0.0,41,27839.0,бТел
1120,11:25:45,6.79,0.0,43,29197.0,бТел
1121,11:25:48,6.79,0.0,30,20370.0,бРел
1122,11:25:54,6.79,0.0,15,10185.0,бРел
1123,11:26:00,6.79,0.0,12,8148.0,бРел
1124,11:26:06,6.79,0.0,51,34629.0,бРел
1125,11:26:12,6.8,0.009999999999999787,16,10880.0,бРел
1126,11:26:33,6.79,-0.009999999999999787,45,30535.0,бРел
1127,11:26:39,6.78,-0.009999999999999787,47,31883.0,бТел
1128,11:26:48,6.79,0.009999999999999787,95,64505.0,бРел
1129,11:26:54,6.79,0.0,1,679.0,бТел
1130,11:26:57,6.79,0.0,52,35308.0,бТел
1131,11:27:00,6.8,0.009999999999999787,21,14270.0,бРел
1132,11:27:06,6.79,-0.009999999999999787,20,13580.0,бТел
1133,11:27:09,6.8,0.009999999999999787,54,36717.0,бРел
1134,11:27:18,6.79,-0.009999999999999787,124,84318.0,бТел
1135,11:27:30,6.79,0.0,113,76727.0,бРел
1136,11:27:36,6.79,0.0,70,47530.0,бРел
1137,11:27:45,6.79,0.0,4,2716.0,бРел
1138,11:28:03,6.8,0.009999999999999787,10,6800.0,бРел
1139,11:28:09,6.8,0.0,593,403240.0,бРел
1140,11:28:12,6.81,0.009999999999999787,17,11577.0,бРел
1141,11:28:15,6.8,-0.009999999999999787,3,2040.0,жпптел
1142,11:28:24,6.81,0.009999999999999787,43,29283.0,бРел
1143,11:28:30,6.81,0.0,1,681.0,бРел
1144,11:28:33,6.8,-0.009999999999999787,37,25171.0,бТел
1145,11:28:36,6.8,0.0,7,4760.0,бРел
1146,11:28:39,6.8,0.0,10,6800.0,бРел
1147,11:28:45,6.8,0.0,72,48960.0,бРел
1148,11:28:51,6.81,0.009999999999999787,31,21097.0,бРел
1149,11:28:54,6.81,0.0,5,3405.0,бРел
1150,11:29:09,6.81,0.0,40,27220.0,бРел
1151,11:29:18,6.8,-0.009999999999999787,42,28582.0,бТел
1152,11:29:24,6.8,0.0,9,6120.0,бТел
1153,11:29:30,6.8,0.0,23,15654.0,бТел
1154,11:29:33,6.8,0.0,9,6120.0,бТел
1155,11:29:39,6.79,-0.009999999999999787,12,8148.0,жпптел
1156,11:29:42,6.81,0.019999999999999574,91,61905.0,бРел
1157,11:29:57,6.81,0.0,13,8852.0,бРел
1158,13:00:06,6.8,-0.009999999999999787,740,503780.0,бТел
1159,13:00:09,6.82,0.020000000000000462,289,196844.0,бРел
1160,13:00:12,6.81,-0.010000000000000675,2,1362.0,бТел
1161,13:00:15,6.82,0.010000000000000675,6,4092.0,бРел
1162,13:00:18,6.8,-0.020000000000000462,2,1360.0,бТел
1163,13:00:27,6.8,0.0,90,61200.0,бТел
1164,13:00:30,6.8,0.0,57,38760.0,бРел
1165,13:00:33,6.79,-0.009999999999999787,156,106351.0,бТел
1166,13:00:39,6.8,0.009999999999999787,1,680.0,бРел
1167,13:00:42,6.8,0.0,9,6120.0,бТел
1168,13:00:45,6.8,0.0,12,8160.0,бРел
1169,13:00:51,6.81,0.009999999999999787,11,7491.0,бТел
1170,13:00:57,6.81,0.0,4,2724.0,бРел
1171,13:01:00,6.81,0.0,2,1362.0,бРел
1172,13:01:03,6.81,0.0,1,681.0,бРел
1173,13:01:06,6.8,-0.009999999999999787,47,31963.0,бТел
1174,13:01:09,6.8,0.0,23,15640.0,бТел
1175,13:01:15,6.8,0.0,54,36720.0,бТел
1176,13:01:18,6.8,0.0,24,16320.0,бТел
1177,13:01:33,6.79,-0.009999999999999787,2,1358.0,бТел
1178,13:01:42,6.8,0.009999999999999787,24,16320.0,бРел
1179,13:01:48,6.8,0.0,24,16320.0,бРел
1180,13:01:51,6.8,0.0,15,10200.0,бРел
1181,13:01:57,6.8,0.0,31,21080.0,бРел
1182,13:02:00,6.8,0.0,3,2040.0,бРел
1183,13:02:21,6.8,0.0,5,3400.0,бРел
1184,13:02:30,6.8,0.0,160,108800.0,бРел
1185,13:02:33,6.8,0.0,16,10880.0,бРел
1186,13:02:36,6.8,0.0,1,680.0,бТел
1187,13:02:39,6.8,0.0,27,18360.0,бТел
1188,13:02:42,6.8,0.0,1,680.0,бТел
1189,13:02:45,6.8,0.0,3,2040.0,бТел
1190,13:02:54,6.81,0.009999999999999787,1,681.0,бРел
1191,13:02:57,6.8,-0.009999999999999787,3,2040.0,бТел
1192,13:03:03,6.8,0.0,1,680.0,бТел
1193,13:03:15,6.81,0.009999999999999787,10,6810.0,бРел
1194,13:03:18,6.81,0.0,5,3405.0,бРел
1195,13:03:21,6.8,-0.009999999999999787,8,5440.0,бТел
1196,13:03:36,6.81,0.009999999999999787,3,2043.0,бРел
1197,13:03:54,6.8,-0.009999999999999787,1,680.0,бТел
1198,13:04:06,6.8,0.0,2,1360.0,бТел
1199,13:04:09,6.8,0.0,10,6800.0,бТел
1200,13:04:12,6.81,0.009999999999999787,10,6810.0,бРел
1201,13:04:18,6.8,-0.009999999999999787,2,1360.0,бТел
1202,13:04:21,6.8,0.0,50,34000.0,бТел
1203,13:04:24,6.8,0.0,8,5440.0,бРел
1204,13:04:27,6.8,0.0,3,2040.0,бРел
1205,13:04:33,6.8,0.0,10,6800.0,бРел
1206,13:04:36,6.8,0.0,16,10880.0,бРел
1207,13:04:39,6.8,0.0,3,2040.0,бРел
1208,13:05:00,6.8,0.0,76,51680.0,бРел
1209,13:05:03,6.8,0.0,28,19040.0,бТел
1210,13:05:12,6.8,0.0,25,17000.0,бРел
1211,13:05:15,6.8,0.0,1,680.0,бТел
1212,13:05:36,6.81,0.009999999999999787,19,12924.0,бРел
1213,13:06:03,6.8,-0.009999999999999787,1,680.0,бТел
1214,13:06:15,6.8,0.0,20,13600.0,бТел
1215,13:06:18,6.81,0.009999999999999787,15,10215.0,бРел
1216,13:06:27,6.81,0.0,9,6129.0,бРел
1217,13:06:33,6.8,-0.009999999999999787,5,3400.0,бТел
1218,13:06:39,6.81,0.009999999999999787,135,91935.0,бРел
1219,13:06:48,6.81,0.0,236,160716.0,бРел
1220,13:06:51,6.81,0.0,5,3405.0,бРел
1221,13:07:00,6.8,-0.009999999999999787,10,6800.0,бТел
1222,13:07:03,6.8,0.0,98,66736.0,бТел
1223,13:07:09,6.82,0.020000000000000462,58,39556.0,бРел
1224,13:07:12,6.81,-0.010000000000000675,12,8172.0,бТел
1225,13:07:18,6.82,0.010000000000000675,11,7502.0,бРел
1226,13:07:21,6.82,0.0,221,150720.0,бРел
1227,13:07:24,6.82,0.0,8,5456.0,бРел
1228,13:07:33,6.82,0.0,1,682.0,бТел
1229,13:07:36,6.82,0.0,12,8184.0,бТел
1230,13:07:39,6.83,0.009999999999999787,15,10245.0,бРел
1231,13:07:45,6.82,-0.009999999999999787,18,12276.0,бТел
1232,13:07:48,6.82,0.0,1,682.0,бТел
1233,13:07:51,6.83,0.009999999999999787,63,43029.0,бРел
1234,13:08:09,6.83,0.0,17,11611.0,бРел
1235,13:08:12,6.83,0.0,1,683.0,бРел
1236,13:08:21,6.83,0.0,14,9558.0,бРел
1237,13:08:24,6.83,0.0,5,3415.0,бРел
1238,13:08:36,6.83,0.0,28,19124.0,бРел
1239,13:08:48,6.83,0.0,20,13660.0,бРел
1240,13:08:57,6.83,0.0,9,6147.0,бРел
1241,13:09:00,6.82,-0.009999999999999787,5,3410.0,бТел
1242,13:09:03,6.82,0.0,2,1364.0,бТел
1243,13:09:06,6.83,0.009999999999999787,12,8196.0,бРел
1244,13:09:12,6.82,-0.009999999999999787,30,20460.0,бТел
1245,13:09:15,6.83,0.009999999999999787,49,33467.0,бРел
1246,13:09:21,6.82,-0.009999999999999787,49,33418.0,бТел
1247,13:09:24,6.82,0.0,2,1364.0,бТел
1248,13:09:30,6.82,0.0,11,7506.0,бТел
1249,13:09:42,6.82,0.0,50,34100.0,бТел
1250,13:09:45,6.82,0.0,25,17050.0,бТел
1251,13:09:54,6.82,0.0,24,16368.0,бТел
1252,13:10:00,6.82,0.0,3,2046.0,бРел
1253,13:10:03,6.82,0.0,7,4774.0,бРел
1254,13:10:06,6.81,-0.010000000000000675,11,7491.0,бТел
1255,13:10:12,6.81,0.0,65,44294.0,бТел
1256,13:10:15,6.82,0.010000000000000675,34,23188.0,бРел
1257,13:10:18,6.82,0.0,33,22487.0,бРел
1258,13:10:21,6.82,0.0,15,10230.0,бРел
1259,13:10:24,6.81,-0.010000000000000675,23,15663.0,бТел
1260,13:10:30,6.81,0.0,23,15663.0,бТел
1261,13:10:33,6.81,0.0,122,83085.0,бТел
1262,13:10:36,6.81,0.0,30,20430.0,бРел
1263,13:10:42,6.81,0.0,24,16344.0,бРел
1264,13:10:45,6.82,0.010000000000000675,25,17034.0,бРел
1265,13:10:51,6.81,-0.010000000000000675,3,2043.0,бРел
1266,13:11:03,6.82,0.010000000000000675,209,142514.0,бРел
1267,13:11:12,6.82,0.0,14,9548.0,бРел
1268,13:11:21,6.82,0.0,2,1364.0,бРел
1269,13:11:24,6.81,-0.010000000000000675,50,34050.0,бТел
1270,13:11:27,6.81,0.0,37,25197.0,бТел
1271,13:11:33,6.81,0.0,9,6129.0,бТел
1272,13:11:39,6.81,0.0,7,4767.0,бТел
1273,13:11:45,6.81,0.0,26,17719.0,бТел
1274,13:12:09,6.82,0.010000000000000675,4,2728.0,бРел
1275,13:12:30,6.81,-0.010000000000000675,36,24516.0,бТел
1276,13:12:36,6.81,0.0,105,71505.0,бТел
1277,13:12:39,6.81,0.0,235,160035.0,бТел
1278,13:12:42,6.81,0.0,24,16346.0,бРел
1279,13:12:45,6.81,0.0,6,4086.0,бРел
1280,13:12:48,6.81,0.0,6,4086.0,бРел
1281,13:12:54,6.81,0.0,3,2043.0,бРел
1282,13:13:06,6.8,-0.009999999999999787,4,2720.0,бТел
1283,13:13:09,6.8,0.0,137,93160.0,бТел
1284,13:13:15,6.81,0.009999999999999787,11,7491.0,бРел
1285,13:13:27,6.81,0.0,3,2043.0,бРел
1286,13:13:33,6.8,-0.009999999999999787,24,16320.0,бТел
1287,13:13:36,6.8,0.0,28,19040.0,бТел
1288,13:13:39,6.81,0.009999999999999787,5,3403.0,бРел
1289,13:13:42,6.81,0.0,15,10215.0,бРел
1290,13:13:51,6.8,-0.009999999999999787,6,4080.0,бТел
1291,13:13:54,6.8,0.0,2,1360.0,бТел
1292,13:14:00,6.81,0.009999999999999787,54,36770.0,бРел
1293,13:14:03,6.8,-0.009999999999999787,1,680.0,бТел
1294,13:14:06,6.81,0.009999999999999787,4,2723.0,бРел
1295,13:14:12,6.81,0.0,220,149820.0,бРел
1296,13:14:15,6.81,0.0,2,1362.0,бРел
1297,13:14:18,6.81,0.0,101,68781.0,бРел
1298,13:14:33,6.82,0.010000000000000675,154,105023.0,бРел
1299,13:14:39,6.81,-0.010000000000000675,9,6129.0,бТел
1300,13:14:48,6.82,0.010000000000000675,14,9537.0,бРел
1301,13:14:54,6.81,-0.010000000000000675,113,76953.0,бТел
1302,13:15:00,6.81,0.0,30,20430.0,бРел
1303,13:15:03,6.81,0.0,26,17706.0,бРел
1304,13:15:39,6.82,0.010000000000000675,13,8864.0,бРел
1305,13:15:42,6.81,-0.010000000000000675,28,19068.0,бТел
1306,13:15:54,6.81,0.0,8,5448.0,бТел
1307,13:16:12,6.81,0.0,58,39498.0,бТел
1308,13:16:18,6.81,0.0,12,8172.0,бРел
1309,13:16:21,6.8,-0.009999999999999787,23,15640.0,бТел
1310,13:16:24,6.81,0.009999999999999787,1,681.0,бРел
1311,13:16:39,6.81,0.0,1,681.0,бРел
1312,13:16:42,6.8,-0.009999999999999787,8,5440.0,бТел
1313,13:16:51,6.81,0.009999999999999787,7,4767.0,бРел
1314,13:16:54,6.8,-0.009999999999999787,42,28560.0,бТел
1315,13:17:15,6.81,0.009999999999999787,209,142329.0,бРел
1316,13:17:33,6.81,0.0,15,10215.0,бРел
1317,13:17:36,6.81,0.0,10,6809.0,бРел
1318,13:17:39,6.81,0.0,29,19749.0,бРел
1319,13:18:06,6.82,0.010000000000000675,2,1364.0,бРел
1320,13:18:36,6.82,0.0,15,10230.0,бРел
1321,13:18:39,6.81,-0.010000000000000675,7,4767.0,бТел
1322,13:18:42,6.82,0.010000000000000675,20,13640.0,бРел
1323,13:18:51,6.81,-0.010000000000000675,20,13620.0,бТел
1324,13:19:06,6.82,0.010000000000000675,24,16368.0,бРел
1325,13:19:09,6.82,0.0,11,7502.0,бРел
1326,13:19:24,6.81,-0.010000000000000675,2,1362.0,бТел
1327,13:19:30,6.81,0.0,81,55161.0,бТел
1328,13:19:36,6.82,0.010000000000000675,1,682.0,бРел
1329,13:19:39,6.82,0.0,1,682.0,бРел
1330,13:19:45,6.82,0.0,1,682.0,бРел
1331,13:19:48,6.82,0.0,1,682.0,бРел
1332,13:19:51,6.81,-0.010000000000000675,67,45627.0,бТел
1333,13:19:57,6.81,0.0,9,6129.0,бТел
1334,13:20:00,6.81,0.0,20,13620.0,бРел
1335,13:20:03,6.81,0.0,5,3405.0,бРел
1336,13:20:18,6.81,0.0,43,29283.0,бРел
1337,13:20:27,6.81,0.0,45,30645.0,бРел
1338,13:20:30,6.81,0.0,3,2043.0,бРел
1339,13:20:33,6.81,0.0,12,8172.0,бРел
1340,13:20:36,6.81,0.0,4,2724.0,бРел
1341,13:20:42,6.8,-0.009999999999999787,1,680.0,бТел
1342,13:20:51,6.81,0.009999999999999787,31,21111.0,бРел
1343,13:20:54,6.81,0.0,7,4767.0,бРел
1344,13:20:57,6.8,-0.009999999999999787,54,36720.0,бТел
1345,13:21:00,6.81,0.009999999999999787,3,2043.0,бРел
1346,13:21:09,6.81,0.0,3,2043.0,бРел
1347,13:21:12,6.8,-0.009999999999999787,1,680.0,бТел
1348,13:21:15,6.8,0.0,11,7480.0,бТел
1349,13:21:27,6.81,0.009999999999999787,8,5448.0,бРел
1350,13:21:36,6.8,-0.009999999999999787,43,29243.0,бТел
1351,13:21:39,6.8,0.0,84,57120.0,бТел
1352,13:21:42,6.8,0.0,58,39440.0,бТел
1353,13:21:45,6.8,0.0,26,17680.0,бТел
1354,13:21:48,6.8,0.0,24,16320.0,бТел
1355,13:21:51,6.81,0.009999999999999787,13,8853.0,бРел
1356,13:21:54,6.81,0.0,13,8853.0,бРел
1357,13:22:06,6.81,0.0,149,101469.0,бРел
1358,13:22:09,6.81,0.0,208,141648.0,бРел
1359,13:22:21,6.81,0.0,44,29964.0,бРел
1360,13:22:27,6.81,0.0,10,6810.0,бРел
1361,13:22:36,6.81,0.0,17,11577.0,бРел
1362,13:22:39,6.81,0.0,104,70824.0,бРел
1363,13:22:42,6.82,0.010000000000000675,46,31336.0,бРел
1364,13:22:48,6.82,0.0,13,8866.0,бРел
1365,13:22:51,6.82,0.0,23,15686.0,бРел
1366,13:23:24,6.82,0.0,72,49104.0,бРел
1367,13:23:33,6.82,0.0,2,1364.0,бРел
1368,13:23:45,6.81,-0.010000000000000675,143,97523.0,бТел
1369,13:24:00,6.82,0.010000000000000675,96,65468.0,бРел
1370,13:24:06,6.82,0.0,269,183458.0,бРел
1371,13:24:09,6.83,0.009999999999999787,719,490393.0,бРел
1372,13:24:21,6.83,0.0,70,47810.0,бРел
1373,13:24:27,6.83,0.0,411,280709.0,бРел
1374,13:24:30,6.83,0.0,66,45078.0,бРел
1375,13:24:33,6.83,0.0,12,8196.0,бТел
1376,13:24:36,6.83,0.0,1,683.0,бТел
1377,13:24:39,6.83,0.0,3,2049.0,бТел
1378,13:24:48,6.84,0.009999999999999787,18,12312.0,бРел
1379,13:24:51,6.83,-0.009999999999999787,3,2049.0,бТел
1380,13:24:54,6.84,0.009999999999999787,12,8208.0,бРел
1381,13:24:57,6.84,0.0,17,11618.0,бРел
1382,13:25:00,6.82,-0.019999999999999574,25,17064.0,бТел
1383,13:25:03,6.83,0.009999999999999787,4,2732.0,бРел
1384,13:25:06,6.83,0.0,151,103102.0,бРел
1385,13:25:12,6.83,0.0,11,7513.0,бТел
1386,13:25:18,6.83,0.0,51,34836.0,бТел
1387,13:25:21,6.83,0.0,6,4098.0,бТел
1388,13:25:24,6.83,0.0,20,13660.0,бТел
1389,13:25:27,6.83,0.0,10,6830.0,бТел
1390,13:25:30,6.83,0.0,45,30735.0,бТел
1391,13:25:33,6.84,0.009999999999999787,117,80027.0,бРел
1392,13:25:39,6.83,-0.009999999999999787,126,86058.0,бТел
1393,13:25:51,6.83,0.0,14,9562.0,бТел
1394,13:26:00,6.83,0.0,2,1366.0,бТел
1395,13:26:12,6.83,0.0,20,13660.0,бТел
1396,13:26:24,6.84,0.009999999999999787,140,95649.0,бРел
1397,13:26:33,6.84,0.0,38,25992.0,бРел
1398,13:26:39,6.85,0.009999999999999787,1135,776397.0,бРел
1399,13:26:42,6.84,-0.009999999999999787,201,137682.0,жпптел
1400,13:26:45,6.85,0.009999999999999787,123,84245.0,бРел
1401,13:26:48,6.85,0.0,164,112340.0,бРел
1402,13:26:51,6.85,0.0,27,18495.0,бРел
1403,13:26:54,6.85,0.0,10,6849.0,бРел
1404,13:26:57,6.85,0.0,21,14385.0,бРел
1405,13:27:00,6.85,0.0,14,9590.0,бРел
1406,13:27:03,6.85,0.0,5,3425.0,бРел
1407,13:27:09,6.84,-0.009999999999999787,10,6840.0,бТел
1408,13:27:12,6.84,0.0,244,167127.0,бТел
1409,13:27:18,6.84,0.0,128,87552.0,бТел
1410,13:27:21,6.85,0.009999999999999787,72,49320.0,бРел
1411,13:27:27,6.85,0.0,10,6850.0,бРел
1412,13:27:33,6.85,0.0,60,41090.0,бРел
1413,13:27:39,6.85,0.0,141,96585.0,бРел
1414,13:27:42,6.85,0.0,55,37655.0,бРел
1415,13:27:45,6.85,0.0,23,15755.0,бРел
1416,13:27:54,6.85,0.0,3,2055.0,бТел
1417,13:28:00,6.85,0.0,1,685.0,бТел
1418,13:28:21,6.86,0.010000000000000675,1,686.0,бРел
1419,13:28:24,6.86,0.0,17,11662.0,бРел
1420,13:28:27,6.85,-0.010000000000000675,10,6850.0,бТел
1421,13:28:30,6.86,0.010000000000000675,539,369454.0,бРел
1422,13:28:33,6.86,0.0,53,36358.0,бТел
1423,13:28:42,6.84,-0.020000000000000462,19,12996.0,бТел
1424,13:28:45,6.84,0.0,265,181306.0,бТел
1425,13:28:48,6.84,0.0,163,111485.0,бТел
1426,13:28:51,6.84,0.0,31,21204.0,бРел
1427,13:29:03,6.84,0.0,14,9576.0,бРел
1428,13:29:06,6.84,0.0,33,22572.0,бРел
1429,13:29:15,6.84,0.0,3,2052.0,бРел
1430,13:29:21,6.84,0.0,10,6839.0,бРел
1431,13:29:24,6.83,-0.009999999999999787,8,5464.0,бТел
1432,13:29:51,6.83,0.0,7,4781.0,бТел
1433,13:29:57,6.84,0.009999999999999787,113,77192.0,бРел
1434,13:30:00,6.84,0.0,6,4103.0,бРел
1435,13:30:18,6.84,0.0,59,40356.0,бРел
1436,13:30:24,6.84,0.0,4,2736.0,бРел
1437,13:30:30,6.84,0.0,10,6840.0,бРел
1438,13:30:33,6.84,0.0,27,18448.0,бРел
1439,13:30:36,6.83,-0.009999999999999787,34,23222.0,бТел
1440,13:30:48,6.83,0.0,1,683.0,бТел
1441,13:30:54,6.84,0.009999999999999787,6,4104.0,бРел
1442,13:31:03,6.83,-0.009999999999999787,20,13660.0,бТел
1443,13:31:18,6.83,0.0,10,6830.0,бТел
1444,13:31:21,6.84,0.009999999999999787,6,4104.0,бРел
1445,13:31:24,6.83,-0.009999999999999787,2,1366.0,бТел
1446,13:31:33,6.83,0.0,10,6830.0,бТел
1447,13:31:36,6.84,0.009999999999999787,6,4104.0,бРел
1448,13:31:45,6.84,0.0,155,106020.0,бРел
1449,13:31:48,6.84,0.0,4,2736.0,бРел
1450,13:31:51,6.84,0.0,5,3420.0,бРел
1451,13:31:54,6.83,-0.009999999999999787,11,7513.0,бТел
1452,13:31:57,6.83,0.0,10,6830.0,бТел
1453,13:32:09,6.83,0.0,10,6830.0,бТел
1454,13:32:12,6.84,0.009999999999999787,9,6156.0,бРел
1455,13:32:15,6.84,0.0,6,4104.0,бРел
1456,13:32:18,6.84,0.0,76,51984.0,бРел
1457,13:32:21,6.84,0.0,11,7524.0,бРел
1458,13:32:24,6.84,0.0,30,20520.0,бРел
1459,13:32:27,6.84,0.0,11,7524.0,бРел
1460,13:32:30,6.84,0.0,20,13680.0,бТел
1461,13:32:33,6.84,0.0,1,684.0,бРел
1462,13:32:36,6.84,0.0,22,15048.0,бТел
1463,13:32:39,6.83,-0.009999999999999787,37,25303.0,бТел
1464,13:32:42,6.84,0.009999999999999787,2,1368.0,бРел
1465,13:32:48,6.84,0.0,2,1368.0,бРел
1466,13:32:51,6.84,0.0,6,4104.0,бРел
1467,13:33:00,6.84,0.0,27,18457.0,бРел
1468,13:33:03,6.83,-0.009999999999999787,11,7521.0,бТел
1469,13:33:09,6.83,0.0,2,1366.0,бТел
1470,13:33:18,6.84,0.009999999999999787,77,52668.0,бРел
1471,13:33:21,6.83,-0.009999999999999787,5,3415.0,бТел
1472,13:33:33,6.83,0.0,3,2049.0,бТел
1473,13:33:36,6.84,0.009999999999999787,1,684.0,бРел
1474,13:34:09,6.84,0.0,3,2052.0,бРел
1475,13:34:15,6.83,-0.009999999999999787,10,6830.0,бТел
1476,13:34:18,6.84,0.009999999999999787,3,2052.0,бРел
1477,13:34:24,6.84,0.0,7,4788.0,бРел
1478,13:34:33,6.84,0.0,1,684.0,бРел
1479,13:34:36,6.84,0.0,17,11628.0,бРел
1480,13:34:39,6.84,0.0,22,15048.0,бРел
1481,13:34:42,6.84,0.0,4,2736.0,бРел
1482,13:35:00,6.83,-0.009999999999999787,22,15026.0,бТел
1483,13:35:06,6.84,0.009999999999999787,3,2052.0,бРел
1484,13:35:12,6.84,0.0,21,14364.0,бРел
1485,13:35:15,6.84,0.0,103,70452.0,бРел
1486,13:35:18,6.85,0.009999999999999787,456,312215.0,бРел
1487,13:35:21,6.85,0.0,7,4795.0,бРел
1488,13:35:24,6.85,0.0,18,12330.0,бТел
1489,13:35:30,6.85,0.0,67,45895.0,бТел
1490,13:35:33,6.85,0.0,7,4801.0,бТел
1491,13:35:36,6.85,0.0,7,4795.0,бТел
1492,13:35:39,6.86,0.010000000000000675,117,80262.0,бРел
1493,13:35:42,6.85,-0.010000000000000675,28,19180.0,бТел
1494,13:35:45,6.86,0.010000000000000675,8,5488.0,бРел
1495,13:35:48,6.86,0.0,13,8918.0,бРел
1496,13:35:54,6.86,0.0,66,45276.0,бРел
1497,13:35:57,6.86,0.0,54,37044.0,бТел
1498,13:36:03,6.86,0.0,432,296352.0,бТел
1499,13:36:06,6.86,0.0,47,32242.0,бТел
1500,13:36:09,6.85,-0.010000000000000675,68,46580.0,бТел
1501,13:36:12,6.84,-0.009999999999999787,5,3420.0,бТел
1502,13:36:15,6.84,0.0,8,5472.0,бТел
1503,13:36:24,6.85,0.009999999999999787,11,7535.0,бРел
1504,13:36:27,6.86,0.010000000000000675,11,7542.0,бРел
1505,13:36:30,6.84,-0.020000000000000462,15,10265.0,бТел
1506,13:36:33,6.84,0.0,29,19836.0,бТел
1507,13:36:39,6.85,0.009999999999999787,1,685.0,бРел
1508,13:36:42,6.84,-0.009999999999999787,87,59508.0,бТел
1509,13:36:45,6.84,0.0,9,6156.0,бТел
1510,13:36:51,6.85,0.009999999999999787,11,7531.0,бРел
1511,13:36:54,6.83,-0.019999999999999574,3,2049.0,бТел
1512,13:36:57,6.84,0.009999999999999787,30,20520.0,бРел
1513,13:37:03,6.84,0.0,62,42442.0,бТел
1514,13:37:06,6.84,0.0,6,4104.0,бТел
1515,13:37:09,6.85,0.009999999999999787,14,9590.0,бРел
1516,13:37:12,6.85,0.0,9,6165.0,бРел
1517,13:37:30,6.85,0.0,2,1370.0,бРел
1518,13:37:33,6.85,0.0,6,4110.0,бРел
1519,13:37:42,6.85,0.0,43,29455.0,бРел
1520,13:37:45,6.85,0.0,14,9590.0,бРел
1521,13:37:48,6.85,0.0,16,10960.0,бРел
1522,13:37:51,6.85,0.0,4,2740.0,бРел
1523,13:37:54,6.85,0.0,29,19865.0,бРел
1524,13:38:00,6.85,0.0,75,51375.0,бРел
1525,13:38:06,6.85,0.0,26,17810.0,бТел
1526,13:38:12,6.86,0.010000000000000675,574,393750.0,бРел
1527,13:38:24,6.86,0.0,1,686.0,бРел
1528,13:38:30,6.86,0.0,11,7546.0,бРел
1529,13:38:36,6.85,-0.010000000000000675,11,7535.0,бТел
1530,13:39:00,6.86,0.010000000000000675,8,5488.0,бРел
1531,13:39:06,6.85,-0.010000000000000675,10,6850.0,бТел
1532,13:39:15,6.86,0.010000000000000675,10,6855.0,бРел
1533,13:39:18,6.85,-0.010000000000000675,1,685.0,бТел
1534,13:39:21,6.86,0.010000000000000675,23,15768.0,бРел
1535,13:39:24,6.85,-0.010000000000000675,3,2055.0,бТел
1536,13:39:39,6.85,0.0,7,4795.0,бТел
1537,13:39:45,6.85,0.0,103,70555.0,бТел
1538,13:39:51,6.86,0.010000000000000675,153,104818.0,бРел
1539,13:39:54,6.86,0.0,204,139944.0,бРел
1540,13:40:00,6.85,-0.010000000000000675,36,24660.0,бТел
1541,13:40:06,6.85,0.0,88,60280.0,бТел
1542,13:40:12,6.86,0.010000000000000675,6,4116.0,бРел
1543,13:40:18,6.86,0.0,1,686.0,бРел
1544,13:40:21,6.85,-0.010000000000000675,91,62335.0,бТел
1545,13:40:36,6.86,0.010000000000000675,12,8232.0,бРел
1546,13:40:39,6.86,0.0,1,686.0,бРел
1547,13:40:48,6.86,0.0,1,686.0,бРел
1548,13:40:57,6.85,-0.010000000000000675,91,62335.0,бТел
1549,13:41:00,6.85,0.0,128,87680.0,бТел
1550,13:41:03,6.85,0.0,215,147331.0,бТел
1551,13:41:06,6.85,0.0,15,10275.0,бТел
1552,13:41:09,6.85,0.0,61,41785.0,бТел
1553,13:41:12,6.85,0.0,7,4795.0,бТел
1554,13:41:15,6.85,0.0,20,13700.0,бТел
1555,13:41:18,6.85,0.0,25,17125.0,бТел
1556,13:41:24,6.85,0.0,36,24660.0,бТел
1557,13:41:27,6.85,0.0,3,2055.0,бТел
1558,13:41:30,6.85,0.0,42,28770.0,бРел
1559,13:41:48,6.85,0.0,22,15068.0,бРел
1560,13:42:03,6.85,0.0,36,24660.0,бРел
1561,13:42:06,6.85,0.0,1,685.0,бРел
1562,13:42:09,6.84,-0.009999999999999787,1,684.0,бТел
1563,13:42:12,6.85,0.009999999999999787,13,8905.0,бРел
1564,13:42:15,6.85,0.0,3,2055.0,бРел
1565,13:42:18,6.85,0.0,10,6850.0,бРел
1566,13:42:24,6.84,-0.009999999999999787,10,6840.0,бТел
1567,13:42:30,6.85,0.009999999999999787,10,6850.0,бРел
1568,13:42:42,6.85,0.0,38,26030.0,бРел
1569,13:42:48,6.85,0.0,6,4110.0,бРел
1570,13:42:54,6.85,0.0,448,306880.0,бРел
1571,13:42:57,6.85,0.0,7,4795.0,жпптел
1572,13:43:00,6.85,0.0,4,2740.0,бТел
1573,13:43:09,6.85,0.0,394,269890.0,бТел
1574,13:43:15,6.85,0.0,16,10960.0,бРел
1575,13:43:18,6.85,0.0,6,4110.0,бРел
1576,13:43:54,6.84,-0.009999999999999787,6,4104.0,бТел
1577,13:43:57,6.84,0.0,9,6156.0,бТел
1578,13:44:00,6.85,0.009999999999999787,16,10960.0,бРел
1579,13:44:03,6.84,-0.009999999999999787,2,1368.0,бТел
1580,13:44:18,6.85,0.009999999999999787,137,93845.0,бРел
1581,13:44:21,6.84,-0.009999999999999787,12,8208.0,бТел
1582,13:44:33,6.85,0.009999999999999787,1,685.0,бРел
1583,13:44:36,6.85,0.0,234,160290.0,бРел
1584,13:44:39,6.85,0.0,481,329485.0,бРел
1585,13:44:42,6.85,0.0,5,3425.0,бРел
1586,13:44:45,6.85,0.0,20,13700.0,бТел
1587,13:45:00,6.86,0.010000000000000675,18,12348.0,бРел
1588,13:45:06,6.85,-0.010000000000000675,15,10275.0,бТел
1589,13:45:09,6.86,0.010000000000000675,155,106330.0,бРел
1590,13:45:12,6.87,0.009999999999999787,971,666356.0,бРел
1591,13:45:15,6.88,0.009999999999999787,13,8944.0,бРел
1592,13:45:18,6.87,-0.009999999999999787,10,6870.0,бТел
1593,13:45:24,6.88,0.009999999999999787,3,2064.0,бРел
1594,13:45:30,6.87,-0.009999999999999787,1,687.0,бТел
1595,13:45:39,6.88,0.009999999999999787,28,19253.0,бРел
1596,13:45:42,6.88,0.0,42,28896.0,бРел
1597,13:45:45,6.88,0.0,23,15824.0,бРел
1598,13:45:51,6.87,-0.009999999999999787,23,15801.0,бТел
1599,13:45:54,6.88,0.009999999999999787,37,25456.0,бРел
1600,13:46:00,6.88,0.0,11,7568.0,бРел
1601,13:46:03,6.87,-0.009999999999999787,10,6870.0,бТел
1602,13:46:06,6.87,0.0,76,52270.0,бТел
1603,13:46:27,6.88,0.009999999999999787,22,15136.0,бРел
1604,13:46:30,6.88,0.0,12,8256.0,бРел
1605,13:46:33,6.87,-0.009999999999999787,25,17175.0,бТел
1606,13:46:36,6.88,0.009999999999999787,12,8256.0,бРел
1607,13:46:51,6.88,0.0,20,13760.0,бРел
1608,13:46:54,6.88,0.0,3,2064.0,бРел
1609,13:47:03,6.87,-0.009999999999999787,29,19923.0,бТел
1610,13:47:06,6.87,0.0,15,10305.0,бТел
1611,13:47:09,6.88,0.009999999999999787,3,2064.0,бРел
1612,13:47:12,6.87,-0.009999999999999787,30,20610.0,бТел
1613,13:47:18,6.87,0.0,3,2061.0,бТел
1614,13:47:24,6.87,0.0,1,687.0,бТел
1615,13:47:27,6.87,0.0,22,15132.0,бТел
1616,13:47:30,6.88,0.009999999999999787,13,8944.0,бРел
1617,13:47:33,6.88,0.0,24,16512.0,бРел
1618,13:47:36,6.88,0.0,19,13072.0,бРел
1619,13:47:39,6.87,-0.009999999999999787,1,687.0,бТел
1620,13:47:51,6.88,0.009999999999999787,19,13072.0,бРел
1621,13:47:54,6.88,0.0,102,70176.0,бРел
1622,13:48:03,6.87,-0.009999999999999787,29,19923.0,бТел
1623,13:48:06,6.88,0.009999999999999787,6,4128.0,бРел
1624,13:48:15,6.88,0.0,12,8256.0,бРел
1625,13:48:18,6.88,0.0,16,11008.0,бРел
1626,13:48:24,6.87,-0.009999999999999787,3,2061.0,бТел
1627,13:48:27,6.87,0.0,14,9618.0,бТел
1628,13:48:30,6.87,0.0,44,30232.0,бТел
1629,13:48:33,6.87,0.0,16,10992.0,бТел
1630,13:48:36,6.87,0.0,6,4122.0,бТел
1631,13:48:39,6.87,0.0,123,84501.0,бТел
1632,13:48:42,6.87,0.0,26,17862.0,бТел
1633,13:48:48,6.87,0.0,80,54960.0,бТел
1634,13:48:51,6.87,0.0,383,263122.0,бТел
1635,13:48:54,6.87,0.0,21,14427.0,бРел
1636,13:48:57,6.87,0.0,32,21984.0,бРел
1637,13:49:03,6.87,0.0,21,14427.0,бРел
1638,13:49:09,6.87,0.0,5,3435.0,бРел
1639,13:49:12,6.87,0.0,214,146818.0,бРел
1640,13:49:18,6.87,0.0,11,7557.0,бРел
1641,13:49:24,6.87,0.0,9,6183.0,бРел
1642,13:49:30,6.87,0.0,10,6870.0,бРел
1643,13:49:36,6.87,0.0,11,7557.0,бРел
1644,13:49:42,6.87,0.0,8,5496.0,бРел
1645,13:49:51,6.87,0.0,19,13053.0,бРел
1646,13:49:57,6.86,-0.009999999999999787,24,16483.0,бТел
1647,13:50:12,6.86,0.0,19,13051.0,бТел
1648,13:50:24,6.86,0.0,15,10290.0,бТел
1649,13:50:36,6.86,0.0,29,19894.0,бТел
1650,13:50:42,6.86,0.0,52,35694.0,бТел
1651,13:50:45,6.87,0.009999999999999787,33,22671.0,бРел
1652,13:50:51,6.86,-0.009999999999999787,135,92610.0,бТел
1653,13:50:54,6.87,0.009999999999999787,121,83028.0,бРел
1654,13:50:57,6.86,-0.009999999999999787,140,96040.0,бТел
1655,13:51:00,6.86,0.0,126,86436.0,бТел
1656,13:51:03,6.87,0.009999999999999787,83,56941.0,бРел
1657,13:51:06,6.86,-0.009999999999999787,244,167384.0,бТел
1658,13:51:09,6.86,0.0,287,196882.0,бТел
1659,13:51:12,6.85,-0.010000000000000675,17,11651.0,бТел
1660,13:51:15,6.86,0.010000000000000675,50,34262.0,бРел
1661,13:51:18,6.86,0.0,37,25382.0,бРел
1662,13:51:21,6.85,-0.010000000000000675,14,9601.0,бТел
1663,13:51:27,6.85,0.0,244,167140.0,бТел
1664,13:51:33,6.86,0.010000000000000675,2,1372.0,бРел
1665,13:51:36,6.86,0.0,9,6174.0,бРел
1666,13:51:42,6.86,0.0,12,8232.0,бРел
1667,13:51:57,6.85,-0.010000000000000675,5,3425.0,бТел
1668,13:52:06,6.85,0.0,1,685.0,бТел
1669,13:52:12,6.85,0.0,15,10275.0,бТел
1670,13:52:24,6.85,0.0,96,65780.0,бТел
1671,13:52:33,6.86,0.010000000000000675,20,13720.0,бРел
1672,13:52:39,6.85,-0.010000000000000675,33,22614.0,бТел
1673,13:52:42,6.85,0.0,19,13015.0,бТел
1674,13:52:45,6.85,0.0,1,685.0,бТел
1675,13:52:48,6.85,0.0,20,13700.0,бТел
1676,13:53:03,6.85,0.0,5,3425.0,бТел
1677,13:53:06,6.86,0.010000000000000675,25,17150.0,бРел
1678,13:53:15,6.86,0.0,9,6174.0,бРел
1679,13:53:24,6.86,0.0,8,5488.0,бРел
1680,13:53:27,6.85,-0.010000000000000675,14,9602.0,бТел
1681,13:53:39,6.86,0.010000000000000675,17,11655.0,бРел
1682,13:53:42,6.86,0.0,4,2744.0,бРел
1683,13:53:48,6.86,0.0,11,7546.0,бРел
1684,13:54:00,6.86,0.0,33,22638.0,бРел
1685,13:54:03,6.86,0.0,10,6860.0,бРел
1686,13:54:09,6.86,0.0,10,6860.0,бРел
1687,13:54:12,6.85,-0.010000000000000675,18,12344.0,бТел
1688,13:54:42,6.85,0.0,133,91105.0,бТел
1689,13:54:45,6.85,0.0,5,3425.0,бТел
1690,13:54:48,6.85,0.0,4,2740.0,бТел
1691,13:54:51,6.86,0.010000000000000675,24,16464.0,бРел
1692,13:54:54,6.85,-0.010000000000000675,48,32880.0,бТел
1693,13:55:00,6.85,0.0,5,3425.0,бТел
1694,13:55:03,6.86,0.010000000000000675,11,7546.0,бРел
1695,13:55:06,6.85,-0.010000000000000675,181,123985.0,бТел
1696,13:55:12,6.85,0.0,15,10275.0,бРел
1697,13:55:15,6.85,0.0,3,2055.0,бРел
1698,13:55:21,6.85,0.0,144,98640.0,бРел
1699,13:55:24,6.86,0.010000000000000675,101,69286.0,бРел
1700,13:55:27,6.84,-0.020000000000000462,426,292111.0,бТел
1701,13:55:39,6.85,0.009999999999999787,34,23290.0,бТел
1702,13:55:51,6.85,0.0,99,67815.0,бТел
1703,13:55:54,6.85,0.0,72,49320.0,бРел
1704,13:55:57,6.85,0.0,21,14385.0,бРел
1705,13:56:03,6.85,0.0,34,23290.0,бРел
1706,13:56:06,6.84,-0.009999999999999787,3,2052.0,бТел
1707,13:56:09,6.85,0.009999999999999787,149,102065.0,бРел
1708,13:56:12,6.86,0.010000000000000675,6,4113.0,бРел
1709,13:56:15,6.85,-0.010000000000000675,11,7545.0,бТел
1710,13:56:24,6.85,0.0,1,685.0,бТел
1711,13:56:27,6.85,0.0,7,4795.0,бРел
1712,13:56:33,6.85,0.0,26,17816.0,бТел
1713,13:56:39,6.86,0.010000000000000675,348,238728.0,бРел
1714,13:56:51,6.86,0.0,6,4116.0,бТел
1715,13:56:54,6.86,0.0,3,2058.0,бРел
1716,13:56:57,6.86,0.0,18,12348.0,бРел
1717,13:57:15,6.86,0.0,14,9604.0,бРел
1718,13:57:18,6.86,0.0,14,9604.0,бРел
1719,13:57:24,6.86,0.0,1,686.0,бРел
1720,13:57:30,6.86,0.0,8,5488.0,бРел
1721,13:57:33,6.86,0.0,20,13720.0,бРел
1722,13:57:36,6.86,0.0,47,32206.0,бРел
1723,13:57:39,6.86,0.0,8,5488.0,бРел
1724,13:57:45,6.86,0.0,17,11662.0,бРел
1725,13:57:48,6.86,0.0,8,5488.0,бРел
1726,13:57:54,6.86,0.0,6,4116.0,бРел
1727,13:57:57,6.86,0.0,14,9604.0,бРел
1728,13:58:03,6.86,0.0,6,4116.0,бРел
1729,13:58:09,6.86,0.0,6,4115.0,бРел
1730,13:58:12,6.86,0.0,14,9604.0,бРел
1731,13:58:18,6.86,0.0,9,6174.0,бРел
1732,13:58:21,6.86,0.0,6,4116.0,бРел
1733,13:58:30,6.85,-0.010000000000000675,8,5480.0,бТел
1734,13:58:33,6.85,0.0,88,60280.0,бРел
1735,13:58:36,6.86,0.010000000000000675,24,16455.0,бРел
1736,13:58:39,6.86,0.0,10,6860.0,бРел
1737,13:58:45,6.86,0.0,7,4802.0,бРел
1738,13:58:48,6.86,0.0,2,1372.0,бРел
1739,13:59:03,6.86,0.0,2,1372.0,бТел
1740,13:59:15,6.86,0.0,6,4116.0,бТел
1741,13:59:21,6.87,0.009999999999999787,13,8931.0,бРел
1742,13:59:30,6.85,-0.020000000000000462,14,9595.0,бТел
1743,13:59:36,6.85,0.0,7,4795.0,бТел
1744,13:59:48,6.86,0.010000000000000675,7,4802.0,бРел
1745,14:00:00,6.86,0.0,3,2058.0,бРел
1746,14:00:03,6.86,0.0,1,686.0,бРел
1747,14:00:12,6.85,-0.010000000000000675,7,4795.0,бТел
1748,14:00:18,6.85,0.0,48,32880.0,бТел
1749,14:00:21,6.85,0.0,79,54115.0,бТел
1750,14:00:24,6.84,-0.009999999999999787,46,31484.0,бТел
1751,14:00:30,6.85,0.009999999999999787,12,8220.0,жпптел
1752,14:00:33,6.85,0.0,63,43155.0,бРел
1753,14:00:42,6.85,0.0,18,12330.0,бРел
1754,14:00:45,6.86,0.010000000000000675,243,166489.0,бРел
1755,14:00:48,6.86,0.0,14,9604.0,бРел
1756,14:00:51,6.84,-0.020000000000000462,37,25317.0,бТел
1757,14:00:54,6.85,0.009999999999999787,6,4110.0,бРел
1758,14:00:57,6.85,0.0,1,685.0,бТел
1759,14:01:33,6.84,-0.009999999999999787,106,72590.0,бТел
1760,14:01:39,6.85,0.009999999999999787,22,15070.0,бРел
1761,14:01:42,6.84,-0.009999999999999787,3,2052.0,бТел
1762,14:01:45,6.85,0.009999999999999787,1,685.0,бРел
1763,14:01:48,6.85,0.0,49,33565.0,бРел
1764,14:02:27,6.85,0.0,40,27400.0,бРел
1765,14:03:12,6.84,-0.009999999999999787,463,316692.0,бТел
1766,14:03:15,6.84,0.0,23,15732.0,бРел
1767,14:03:18,6.84,0.0,33,22572.0,бРел
1768,14:03:30,6.84,0.0,111,75918.0,бРел
1769,14:03:33,6.84,0.0,177,121068.0,бРел
1770,14:03:42,6.84,0.0,30,20520.0,бТел
1771,14:03:48,6.84,0.0,50,34200.0,бТел
1772,14:03:54,6.84,0.0,17,11628.0,бТел
1773,14:03:57,6.84,0.0,4,2736.0,бТел
1774,14:04:03,6.84,0.0,88,60162.0,бРел
1775,14:04:09,6.84,0.0,26,17784.0,бРел
1776,14:04:12,6.83,-0.009999999999999787,55,37601.0,бТел
1777,14:04:15,6.84,0.009999999999999787,47,32115.0,бРел
1778,14:04:18,6.83,-0.009999999999999787,13,8879.0,бТел
1779,14:04:36,6.83,0.0,10,6830.0,бТел
1780,14:04:39,6.83,0.0,18,12297.0,бТел
1781,14:04:45,6.83,0.0,520,355160.0,бТел
1782,14:04:48,6.83,0.0,42,28686.0,бТел
1783,14:04:51,6.83,0.0,107,73081.0,бТел
1784,14:04:54,6.83,0.0,7,4781.0,бТел
1785,14:04:57,6.83,0.0,344,234952.0,бТел
1786,14:05:03,6.83,0.0,73,49859.0,бРел
1787,14:05:06,6.83,0.0,174,118742.0,бРел
1788,14:05:09,6.83,0.0,84,57430.0,бТел
1789,14:05:18,6.83,0.0,17,11627.0,бТел
1790,14:05:21,6.84,0.009999999999999787,206,140777.0,бРел
1791,14:05:24,6.83,-0.009999999999999787,35,23905.0,бТел
1792,14:05:27,6.83,0.0,4,2732.0,бРел
1793,14:05:30,6.83,0.0,11,7513.0,бРел
1794,14:05:33,6.83,0.0,53,36199.0,бРел
1795,14:05:39,6.84,0.009999999999999787,45,30760.0,бРел
1796,14:05:42,6.84,0.0,7,4788.0,бРел
1797,14:05:48,6.84,0.0,57,38976.0,бРел
1798,14:05:51,6.84,0.0,48,32832.0,бРел
1799,14:05:54,6.84,0.0,16,10944.0,бРел
1800,14:05:57,6.84,0.0,230,157320.0,бРел
1801,14:06:00,6.84,0.0,2,1368.0,бТел
1802,14:06:21,6.84,0.0,12,8208.0,бТел
1803,14:06:24,6.84,0.0,2,1368.0,бТел
1804,14:06:36,6.84,0.0,18,12312.0,бТел
1805,14:06:45,6.84,0.0,9,6156.0,бТел
1806,14:06:48,6.85,0.009999999999999787,21,14385.0,бРел
1807,14:06:51,6.84,-0.009999999999999787,100,68400.0,бТел
1808,14:06:57,6.85,0.009999999999999787,5,3425.0,бРел
1809,14:07:00,6.85,0.0,43,29455.0,бРел
1810,14:07:03,6.85,0.0,10,6850.0,бРел
1811,14:07:06,6.84,-0.009999999999999787,13,8892.0,бТел
1812,14:07:27,6.84,0.0,20,13680.0,бТел
1813,14:07:48,6.84,0.0,11,7524.0,бТел
1814,14:08:06,6.84,0.0,1,684.0,бТел
1815,14:08:12,6.84,0.0,3,2052.0,бТел
1816,14:08:15,6.84,0.0,2,1368.0,бТел
1817,14:08:18,6.84,0.0,50,34249.0,бТел
1818,14:08:42,6.85,0.009999999999999787,16,10960.0,бРел
1819,14:08:57,6.84,-0.009999999999999787,4,2736.0,бТел
1820,14:09:12,6.85,0.009999999999999787,2,1370.0,бРел
1821,14:09:36,6.85,0.0,7,4795.0,бРел
1822,14:10:12,6.85,0.0,3,2055.0,бРел
1823,14:10:24,6.85,0.0,1,685.0,бРел
1824,14:10:27,6.85,0.0,1,685.0,бРел
1825,14:10:39,6.84,-0.009999999999999787,2,1368.0,бТел
1826,14:10:42,6.84,0.0,2,1368.0,бТел
1827,14:10:48,6.84,0.0,111,75924.0,бТел
1828,14:10:51,6.84,0.0,61,41724.0,бТел
1829,14:10:54,6.83,-0.009999999999999787,54,36896.0,бТел
1830,14:11:09,6.84,0.009999999999999787,2,1368.0,бРел
1831,14:11:12,6.84,0.0,19,12996.0,бРел
1832,14:11:18,6.83,-0.009999999999999787,50,34150.0,бТел
1833,14:11:21,6.83,0.0,10,6830.0,бТел
1834,14:11:24,6.85,0.019999999999999574,147,100559.0,бРел
1835,14:11:33,6.84,-0.009999999999999787,1,684.0,бРел
1836,14:11:36,6.84,0.0,9,6156.0,бТел
1837,14:11:48,6.84,0.0,21,14364.0,бРел
1838,14:11:51,6.84,0.0,37,25308.0,бТел
1839,14:11:54,6.84,0.0,7,4788.0,бТел
1840,14:12:39,6.84,0.0,3,2052.0,бРел
1841,14:12:45,6.83,-0.009999999999999787,57,38931.0,бТел
1842,14:12:48,6.83,0.0,7,4781.0,бТел
1843,14:12:51,6.83,0.0,23,15709.0,бТел
1844,14:12:54,6.83,0.0,34,23222.0,бТел
1845,14:12:57,6.83,0.0,56,38251.0,бТел
1846,14:13:03,6.83,0.0,127,86741.0,бТел
1847,14:13:06,6.83,0.0,35,23905.0,бТел
1848,14:13:09,6.83,0.0,86,58738.0,бТел
1849,14:13:12,6.83,0.0,39,26642.0,бТел
1850,14:13:15,6.84,0.009999999999999787,8,5472.0,бРел
1851,14:13:18,6.83,-0.009999999999999787,62,42346.0,бТел
1852,14:13:21,6.83,0.0,1,683.0,бТел
1853,14:13:27,6.84,0.009999999999999787,3,2052.0,бРел
1854,14:13:33,6.84,0.0,128,87552.0,бРел
1855,14:14:21,6.83,-0.009999999999999787,1,683.0,бТел
1856,14:14:36,6.84,0.009999999999999787,5,3420.0,бРел
1857,14:15:06,6.83,-0.009999999999999787,8,5464.0,бТел
1858,14:15:18,6.83,0.0,10,6830.0,бТел
1859,14:15:33,6.84,0.009999999999999787,10,6840.0,бРел
1860,14:15:42,6.83,-0.009999999999999787,34,23222.0,бТел
1861,14:16:00,6.83,0.0,2,1366.0,бТел
1862,14:16:06,6.84,0.009999999999999787,1,684.0,бРел
1863,14:16:15,6.83,-0.009999999999999787,7,4781.0,бТел
1864,14:16:30,6.83,0.0,14,9562.0,бТел
1865,14:16:33,6.83,0.0,1,683.0,бТел
1866,14:16:39,6.83,0.0,1,683.0,бТел
1867,14:16:42,6.83,0.0,331,226073.0,бТел
1868,14:16:48,6.84,0.009999999999999787,1,684.0,бРел
1869,14:16:54,6.84,0.0,1,684.0,бРел
1870,14:17:03,6.84,0.0,14,9576.0,бРел
1871,14:17:06,6.83,-0.009999999999999787,1,683.0,бТел
1872,14:17:27,6.83,0.0,30,20490.0,бТел
1873,14:17:33,6.83,0.0,1,683.0,бТел
1874,14:17:36,6.83,0.0,29,19807.0,бТел
1875,14:17:39,6.83,0.0,90,61470.0,бТел
1876,14:17:54,6.83,0.0,17,11611.0,бТел
1877,14:18:21,6.83,0.0,24,16392.0,бТел
1878,14:18:24,6.83,0.0,2,1366.0,бТел
1879,14:18:27,6.83,0.0,10,6830.0,бРел
1880,14:18:33,6.83,0.0,6,4098.0,бРел
1881,14:18:54,6.82,-0.009999999999999787,75,51211.0,бТел
1882,14:19:00,6.82,0.0,21,14322.0,бТел
1883,14:19:06,6.83,0.009999999999999787,4,2732.0,бРел
1884,14:19:12,6.83,0.0,5,3415.0,бРел
1885,14:19:15,6.83,0.0,116,79228.0,бРел
1886,14:19:21,6.83,0.0,19,12977.0,бРел
1887,14:19:33,6.82,-0.009999999999999787,13,8867.0,бТел
1888,14:19:42,6.83,0.009999999999999787,39,26637.0,бРел
1889,14:19:45,6.83,0.0,1,683.0,бРел
1890,14:19:48,6.84,0.009999999999999787,1,684.0,бРел
1891,14:19:57,6.84,0.0,30,20501.0,бРел
1892,14:20:00,6.82,-0.019999999999999574,12,8184.0,бТел
1893,14:20:12,6.83,0.009999999999999787,4,2732.0,бТел
1894,14:20:15,6.83,0.0,16,10928.0,бТел
1895,14:20:18,6.83,0.0,16,10928.0,бРел
1896,14:20:21,6.83,0.0,25,17075.0,бРел
1897,14:20:30,6.83,0.0,6,4098.0,бРел
1898,14:20:45,6.82,-0.009999999999999787,5,3410.0,бТел
1899,14:20:48,6.83,0.009999999999999787,20,13660.0,бРел
1900,14:21:03,6.82,-0.009999999999999787,27,18414.0,бТел
1901,14:21:06,6.83,0.009999999999999787,21,14343.0,бТел
1902,14:21:15,6.83,0.0,1,683.0,бРел
1903,14:21:24,6.83,0.0,6,4098.0,бРел
1904,14:21:30,6.82,-0.009999999999999787,6,4092.0,бТел
1905,14:21:33,6.83,0.009999999999999787,17,11611.0,бРел
1906,14:21:36,6.83,0.0,13,8879.0,бТел
1907,14:21:42,6.83,0.0,20,13660.0,бРел
1908,14:21:45,6.83,0.0,5,3415.0,бРел
1909,14:21:48,6.83,0.0,2,1366.0,бРел
1910,14:21:57,6.82,-0.009999999999999787,31,21163.0,бТел
1911,14:22:00,6.83,0.009999999999999787,9,6147.0,бРел
1912,14:22:09,6.83,0.0,20,13660.0,бРел
1913,14:22:12,6.83,0.0,53,36199.0,бТел
1914,14:22:15,6.83,0.0,10,6830.0,бТел
1915,14:22:18,6.83,0.0,2,1366.0,бРел
1916,14:22:21,6.83,0.0,8,5464.0,бРел
1917,14:22:24,6.84,0.009999999999999787,22,15028.0,бРел
1918,14:22:42,6.83,-0.009999999999999787,26,17758.0,бРел
1919,14:22:45,6.83,0.0,4,2732.0,бТел
1920,14:22:48,6.84,0.009999999999999787,2,1367.0,бРел
1921,14:23:00,6.83,-0.009999999999999787,23,15709.0,бТел
1922,14:23:03,6.83,0.0,15,10245.0,бТел
1923,14:23:09,6.83,0.0,14,9562.0,бТел
1924,14:23:18,6.84,0.009999999999999787,2,1368.0,бРел
1925,14:23:27,6.83,-0.009999999999999787,42,28686.0,бТел
1926,14:23:33,6.82,-0.009999999999999787,13,8866.0,бТел
1927,14:23:36,6.82,0.0,69,47058.0,бТел
1928,14:23:39,6.82,0.0,39,26618.0,бТел
1929,14:23:42,6.82,0.0,33,22506.0,бТел
1930,14:23:45,6.82,0.0,7,4774.0,бТел
1931,14:23:48,6.82,0.0,22,15004.0,бТел
1932,14:24:00,6.83,0.009999999999999787,30,20490.0,бРел
1933,14:24:06,6.83,0.0,7,4781.0,бТел
1934,14:24:09,6.83,0.0,13,8879.0,бТел
1935,14:24:21,6.83,0.0,13,8879.0,бТел
1936,14:24:27,6.83,0.0,15,10245.0,бТел
1937,14:24:54,6.83,0.0,1,683.0,бРел
1938,14:25:18,6.83,0.0,12,8196.0,бТел
1939,14:25:24,6.83,0.0,21,14360.0,бТел
1940,14:25:33,6.83,0.0,8,5464.0,бТел
1941,14:26:00,6.83,0.0,2,1366.0,бТел
1942,14:26:09,6.83,0.0,31,21189.0,бТел
1943,14:26:12,6.83,0.0,1,683.0,бТел
1944,14:26:18,6.83,0.0,24,16402.0,бТел
1945,14:26:27,6.83,0.0,4,2732.0,бТел
1946,14:26:30,6.83,0.0,3,2049.0,бТел
1947,14:26:36,6.84,0.009999999999999787,1,684.0,бРел
1948,14:26:39,6.84,0.0,10,6840.0,бРел
1949,14:26:42,6.83,-0.009999999999999787,44,30052.0,бТел
1950,14:26:51,6.83,0.0,2,1366.0,бТел
1951,14:26:54,6.83,0.0,15,10245.0,бТел
1952,14:27:00,6.83,0.0,5,3415.0,бТел
1953,14:27:06,6.83,0.0,1,683.0,бТел
1954,14:27:21,6.83,0.0,58,39614.0,бТел
1955,14:27:39,6.83,0.0,7,4781.0,бТел
1956,14:27:51,6.83,0.0,18,12294.0,бТел
1957,14:27:54,6.83,0.0,2,1366.0,бТел
1958,14:27:57,6.83,0.0,21,14343.0,бТел
1959,14:28:00,6.83,0.0,105,71715.0,бТел
1960,14:28:03,6.83,0.0,26,17758.0,бРел
1961,14:28:06,6.83,0.0,58,39664.0,бТел
1962,14:28:12,6.83,0.0,12,8196.0,бТел
1963,14:28:36,6.82,-0.009999999999999787,10,6820.0,бТел
1964,14:28:39,6.82,0.0,316,215512.0,бТел
1965,14:28:54,6.83,0.009999999999999787,4,2732.0,бРел
1966,14:29:06,6.82,-0.009999999999999787,4,2728.0,бТел
1967,14:29:09,6.83,0.009999999999999787,9,6147.0,бРел
1968,14:29:12,6.82,-0.009999999999999787,20,13640.0,бТел
1969,14:29:18,6.82,0.0,4,2728.0,бТел
1970,14:29:21,6.82,0.0,9,6138.0,бТел
1971,14:29:27,6.82,0.0,8,5456.0,бТел
1972,14:29:33,6.82,0.0,35,23871.0,бТел
1973,14:29:36,6.82,0.0,4,2728.0,бТел
1974,14:29:54,6.82,0.0,13,8866.0,бТел
1975,14:30:00,6.82,0.0,20,13640.0,бТел
1976,14:30:03,6.82,0.0,23,15686.0,бТел
1977,14:30:06,6.82,0.0,4,2728.0,бТел
1978,14:30:15,6.82,0.0,5,3410.0,бТел
1979,14:30:24,6.83,0.009999999999999787,196,133868.0,бРел
1980,14:30:27,6.83,0.0,12,8196.0,бТел
1981,14:30:36,6.83,0.0,33,22539.0,бРел
1982,14:30:39,6.83,0.0,82,56006.0,бТел
1983,14:30:42,6.83,0.0,23,15709.0,бРел
1984,14:30:51,6.83,0.0,34,23222.0,бРел
1985,14:30:57,6.84,0.009999999999999787,33,22557.0,бРел
1986,14:31:03,6.83,-0.009999999999999787,97,66251.0,бТел
1987,14:31:06,6.83,0.0,81,55323.0,бТел
1988,14:31:09,6.83,0.0,27,18441.0,бТел
1989,14:31:18,6.83,0.0,29,19807.0,бРел
1990,14:31:21,6.84,0.009999999999999787,42,28713.0,бРел
1991,14:31:24,6.83,-0.009999999999999787,57,38978.0,бТел
1992,14:31:27,6.83,0.0,38,25981.0,бТел
1993,14:31:30,6.84,0.009999999999999787,27,18468.0,бРел
1994,14:31:33,6.83,-0.009999999999999787,1,683.0,бТел
1995,14:31:36,6.83,0.0,4,2732.0,бТел
1996,14:31:39,6.84,0.009999999999999787,27,18468.0,бРел
1997,14:31:45,6.84,0.0,124,84816.0,бРел
1998,14:31:48,6.84,0.0,3,2052.0,бРел
1999,14:31:57,6.84,0.0,125,85500.0,бРел
2000,14:32:00,6.84,0.0,6,4104.0,бРел
2001,14:32:03,6.84,0.0,106,72504.0,бРел
2002,14:32:06,6.85,0.009999999999999787,12,8216.0,бРел
2003,14:32:09,6.85,0.0,72,49320.0,бРел
2004,14:32:12,6.84,-0.009999999999999787,3,2052.0,бТел
2005,14:32:15,6.84,0.0,2,1368.0,бТел
2006,14:32:18,6.85,0.009999999999999787,4,2740.0,бРел
2007,14:32:21,6.85,0.0,6,4109.0,бРел
2008,14:32:24,6.85,0.0,18,12330.0,бРел
2009,14:32:27,6.85,0.0,125,85625.0,бРел
2010,14:32:30,6.84,-0.009999999999999787,1,684.0,бТел
2011,14:32:36,6.84,0.0,31,21204.0,бТел
2012,14:32:42,6.84,0.0,16,10944.0,бРел
2013,14:32:45,6.84,0.0,1,684.0,бРел
2014,14:32:48,6.85,0.009999999999999787,89,60965.0,бРел
2015,14:32:57,6.85,0.0,125,85625.0,бРел
2016,14:33:03,6.85,0.0,2,1370.0,бРел
2017,14:33:06,6.85,0.0,48,32876.0,бРел
2018,14:33:21,6.85,0.0,11,7535.0,бРел
2019,14:33:24,6.85,0.0,321,219885.0,бРел
2020,14:33:27,6.85,0.0,27,18495.0,бРел
2021,14:33:30,6.85,0.0,79,54115.0,бРел
2022,14:33:33,6.84,-0.009999999999999787,21,14364.0,бТел
2023,14:33:36,6.84,0.0,8,5472.0,бРел
2024,14:33:42,6.84,0.0,23,15732.0,бТел
2025,14:33:45,6.84,0.0,15,10260.0,бТел
2026,14:33:48,6.84,0.0,21,14374.0,бТел
2027,14:33:51,6.84,0.0,20,13680.0,бТел
2028,14:33:54,6.85,0.009999999999999787,131,89728.0,бРел
2029,14:34:00,6.85,0.0,8,5480.0,бРел
2030,14:34:03,6.85,0.0,1,685.0,бРел
2031,14:34:06,6.84,-0.009999999999999787,4,2736.0,бТел
2032,14:34:09,6.85,0.009999999999999787,72,49320.0,бРел
2033,14:34:18,6.84,-0.009999999999999787,15,10260.0,бТел
2034,14:34:21,6.85,0.009999999999999787,149,102041.0,бРел
2035,14:34:24,6.83,-0.019999999999999574,14,9567.0,бТел
2036,14:34:27,6.84,0.009999999999999787,10,6840.0,бРел
2037,14:34:30,6.84,0.0,12,8208.0,бРел
2038,14:34:36,6.83,-0.009999999999999787,4,2732.0,бТел
2039,14:34:45,6.84,0.009999999999999787,50,34200.0,бРел
2040,14:34:48,6.85,0.009999999999999787,117,80145.0,бРел
2041,14:34:51,6.85,0.0,46,31510.0,бРел
2042,14:34:54,6.85,0.0,21,14385.0,бТел
2043,14:34:57,6.85,0.0,38,26030.0,бТел
2044,14:35:00,6.86,0.010000000000000675,39,26715.0,бРел
2045,14:35:06,6.84,-0.020000000000000462,24,16429.0,бТел
2046,14:35:09,6.86,0.020000000000000462,4,2744.0,бРел
2047,14:35:15,6.85,-0.010000000000000675,20,13700.0,бРел
2048,14:35:18,6.84,-0.009999999999999787,35,23940.0,бТел
2049,14:35:21,6.85,0.009999999999999787,45,30825.0,бРел
2050,14:35:24,6.86,0.010000000000000675,80,54824.0,бРел
2051,14:35:27,6.85,-0.010000000000000675,11,7535.0,бТел
2052,14:35:30,6.85,0.0,115,78775.0,бТел
2053,14:35:33,6.84,-0.009999999999999787,9,6159.0,бТел
2054,14:35:39,6.84,0.0,4,2736.0,бТел
2055,14:35:45,6.84,0.0,36,24624.0,бТел
2056,14:35:48,6.84,0.0,10,6844.0,бТел
2057,14:35:51,6.85,0.009999999999999787,141,96585.0,бРел
2058,14:35:54,6.85,0.0,14,9577.0,бРел
2059,14:35:57,6.85,0.0,4,2740.0,бРел
2060,14:36:03,6.85,0.0,5,3425.0,бРел
2061,14:36:06,6.84,-0.009999999999999787,17,11628.0,бТел
2062,14:36:09,6.84,0.0,101,69182.0,бТел
2063,14:36:12,6.84,0.0,8,5476.0,бРел
2064,14:36:15,6.85,0.009999999999999787,31,21211.0,бРел
2065,14:36:18,6.85,0.0,125,85611.0,бРел
2066,14:36:21,6.85,0.0,16,10960.0,бРел
2067,14:36:30,6.85,0.0,26,17810.0,бРел
2068,14:36:39,6.84,-0.009999999999999787,4,2736.0,бТел
2069,14:36:45,6.84,0.0,7,4788.0,бРел
2070,14:36:48,6.84,0.0,24,16416.0,бРел
2071,14:36:51,6.84,0.0,42,28728.0,бРел
2072,14:36:54,6.84,0.0,64,43824.0,бТел
2073,14:37:00,6.84,0.0,8,5472.0,бТел
2074,14:37:03,6.84,0.0,23,15732.0,бТел
2075,14:37:06,6.84,0.0,19,12996.0,бТел
2076,14:37:09,6.84,0.0,28,19144.0,бРел
2077,14:37:15,6.84,0.0,5,3420.0,бРел
2078,14:37:18,6.83,-0.009999999999999787,8,5464.0,бТел
2079,14:37:21,6.84,0.009999999999999787,14,9569.0,бРел
2080,14:37:27,6.84,0.0,6,4104.0,бРел
2081,14:37:33,6.84,0.0,30,20520.0,бРел
2082,14:37:36,6.83,-0.009999999999999787,91,62225.0,бТел
2083,14:37:39,6.83,0.0,4,2732.0,бТел
2084,14:37:48,6.85,0.019999999999999574,4,2740.0,бРел
2085,14:37:51,6.84,-0.009999999999999787,40,27380.0,бТел
2086,14:38:00,6.84,0.0,7,4788.0,бРел
2087,14:38:03,6.84,0.0,13,8892.0,бРел
2088,14:38:06,6.83,-0.009999999999999787,4,2732.0,бТел
2089,14:38:09,6.84,0.009999999999999787,90,61560.0,бРел
2090,14:38:12,6.84,0.0,23,15717.0,бРел
2091,14:38:15,6.84,0.0,1,684.0,бРел
2092,14:38:24,6.84,0.0,242,165528.0,бРел
2093,14:38:27,6.84,0.0,8,5472.0,бТел
2094,14:38:33,6.85,0.009999999999999787,15,10275.0,бРел
2095,14:38:36,6.85,0.0,11,7535.0,бРел
2096,14:38:39,6.84,-0.009999999999999787,41,28052.0,бТел
2097,14:38:42,6.84,0.0,51,34884.0,бТел
2098,14:38:48,6.85,0.009999999999999787,25,17125.0,бРел
2099,14:38:51,6.84,-0.009999999999999787,46,31507.0,бТел
2100,14:38:54,6.85,0.009999999999999787,24,16440.0,бРел
2101,14:39:06,6.84,-0.009999999999999787,4,2736.0,бТел
2102,14:39:12,6.84,0.0,27,18468.0,бТел
2103,14:39:33,6.85,0.009999999999999787,7,4795.0,бРел
2104,14:39:36,6.85,0.0,16,10960.0,бРел
2105,14:39:39,6.84,-0.009999999999999787,43,29439.0,бТел
2106,14:39:45,6.85,0.009999999999999787,24,16422.0,бРел
2107,14:39:48,6.85,0.0,6,4110.0,бРел
2108,14:39:54,6.85,0.0,20,13700.0,бРел
2109,14:40:06,6.84,-0.009999999999999787,4,2736.0,бТел
2110,14:40:09,6.84,0.0,322,220278.0,бТел
2111,14:40:12,6.84,0.0,133,90976.0,бТел
2112,14:40:15,6.84,0.0,141,96452.0,бТел
2113,14:40:18,6.84,0.0,101,69084.0,бТел
2114,14:40:21,6.84,0.0,48,32832.0,бТел
2115,14:40:24,6.85,0.009999999999999787,91,62335.0,бРел
2116,14:40:27,6.84,-0.009999999999999787,150,102600.0,бТел
2117,14:40:39,6.85,0.009999999999999787,59,40380.0,бРел
2118,14:40:42,6.84,-0.009999999999999787,157,107388.0,бТел
2119,14:40:48,6.84,0.0,11,7524.0,бТел
2120,14:40:54,6.84,0.0,26,17804.0,бТел
2121,14:40:57,6.84,0.0,15,10260.0,бТел
2122,14:41:00,6.84,0.0,97,66369.0,бТел
2123,14:41:03,6.84,0.0,1,684.0,бРел
2124,14:41:06,6.83,-0.009999999999999787,27,18441.0,бТел
2125,14:41:12,6.83,0.0,26,17758.0,бТел
2126,14:41:18,6.83,0.0,15,10245.0,бТел
2127,14:41:21,6.84,0.009999999999999787,2,1368.0,бРел
2128,14:41:36,6.84,0.0,25,17096.0,бРел
2129,14:41:39,6.83,-0.009999999999999787,12,8196.0,бТел
2130,14:41:42,6.84,0.009999999999999787,32,21883.0,бРел
2131,14:41:45,6.83,-0.009999999999999787,191,130453.0,бТел
2132,14:41:48,6.84,0.009999999999999787,8,5468.0,бРел
2133,14:41:51,6.83,-0.009999999999999787,45,30735.0,бТел
2134,14:41:57,6.83,0.0,10,6830.0,бТел
2135,14:42:00,6.83,0.0,1,683.0,бТел
2136,14:42:03,6.83,0.0,23,15709.0,бТел
2137,14:42:06,6.83,0.0,4,2732.0,бТел
2138,14:42:15,6.83,0.0,8,5466.0,бТел
2139,14:42:30,6.84,0.009999999999999787,26,17784.0,бРел
2140,14:42:33,6.84,0.0,16,10944.0,бРел
2141,14:42:36,6.83,-0.009999999999999787,42,28710.0,бТел
2142,14:42:42,6.83,0.0,32,21856.0,бТел
2143,14:42:45,6.83,0.0,148,101084.0,бТел
2144,14:42:48,6.83,0.0,1,683.0,бТел
2145,14:43:00,6.84,0.009999999999999787,17,11628.0,бРел
2146,14:43:03,6.84,0.0,223,152532.0,бРел
2147,14:43:06,6.83,-0.009999999999999787,104,71132.0,бТел
2148,14:43:09,6.84,0.009999999999999787,18,12312.0,бРел
2149,14:43:12,6.83,-0.009999999999999787,28,19137.0,бТел
2150,14:43:18,6.84,0.009999999999999787,100,68400.0,бРел
2151,14:43:21,6.84,0.0,23,15732.0,бРел
2152,14:43:27,6.84,0.0,45,30780.0,бТел
2153,14:43:30,6.83,-0.009999999999999787,100,68301.0,бТел
2154,14:43:33,6.84,0.009999999999999787,115,78660.0,жпптел
2155,14:43:36,6.84,0.0,14,9576.0,бТел
2156,14:43:42,6.84,0.0,62,42408.0,бТел
2157,14:43:48,6.84,0.0,120,82080.0,бРел
2158,14:43:57,6.84,0.0,4,2736.0,бТел
2159,14:44:00,6.85,0.009999999999999787,40,27367.0,бРел
2160,14:44:03,6.84,-0.009999999999999787,1,684.0,бТел
2161,14:44:06,6.84,0.0,4,2736.0,бТел
2162,14:44:12,6.85,0.009999999999999787,42,28745.0,бРел
2163,14:44:15,6.85,0.0,14,9590.0,бРел
2164,14:44:18,6.84,-0.009999999999999787,31,21204.0,бТел
2165,14:44:27,6.85,0.009999999999999787,21,14385.0,бРел
2166,14:44:30,6.84,-0.009999999999999787,10,6840.0,бТел
2167,14:44:33,6.84,0.0,5,3420.0,бТел
2168,14:44:36,6.84,0.0,4,2736.0,бТел
2169,14:44:42,6.84,0.0,65,44460.0,бТел
2170,14:44:45,6.84,0.0,22,15048.0,бРел
2171,14:44:54,6.85,0.009999999999999787,187,128026.0,бРел
2172,14:45:00,6.85,0.0,1,685.0,бРел
2173,14:45:03,6.85,0.0,1,685.0,бРел
2174,14:45:06,6.84,-0.009999999999999787,74,50666.0,бТел
2175,14:45:12,6.84,0.0,6,4104.0,бТел
2176,14:45:18,6.84,0.0,14,9576.0,бРел
2177,14:45:27,6.84,0.0,2,1368.0,бРел
2178,14:45:30,6.84,0.0,7,4788.0,бРел
2179,14:45:36,6.84,0.0,37,25299.0,бРел
2180,14:45:42,6.83,-0.009999999999999787,8,5464.0,бТел
2181,14:45:48,6.83,0.0,205,140019.0,бТел
2182,14:45:57,6.83,0.0,3,2049.0,бТел
2183,14:46:03,6.83,0.0,77,52626.0,бТел
2184,14:46:06,6.83,0.0,19,12977.0,бТел
2185,14:46:15,6.83,0.0,1,683.0,бТел
2186,14:46:24,6.84,0.009999999999999787,76,51994.0,бРел
2187,14:46:27,6.84,0.0,69,47196.0,бТел
2188,14:46:30,6.84,0.0,13,8892.0,бРел
2189,14:46:36,6.83,-0.009999999999999787,5,3415.0,бТел
2190,14:46:45,6.83,0.0,105,71715.0,бТел
2191,14:46:48,6.83,0.0,187,127721.0,бТел
2192,14:46:51,6.84,0.009999999999999787,10,6840.0,бРел
2193,14:46:54,6.83,-0.009999999999999787,192,131136.0,бТел
2194,14:47:00,6.83,0.0,37,25271.0,бТел
2195,14:47:03,6.83,0.0,1,683.0,бРел
2196,14:47:06,6.83,0.0,25,17071.0,бРел
2197,14:47:15,6.83,0.0,16,10928.0,бРел
2198,14:47:18,6.84,0.009999999999999787,32,21888.0,бРел
2199,14:47:33,6.84,0.0,9,6156.0,бРел
2200,14:47:36,6.83,-0.009999999999999787,4,2732.0,бТел
2201,14:47:48,6.84,0.009999999999999787,177,120896.0,бРел
2202,14:48:06,6.83,-0.009999999999999787,4,2732.0,бТел
2203,14:48:12,6.83,0.0,24,16392.0,бТел
2204,14:48:24,6.83,0.0,10,6830.0,бТел
2205,14:48:27,6.83,0.0,63,43029.0,бТел
2206,14:48:30,6.84,0.009999999999999787,6,4104.0,бРел
2207,14:48:36,6.83,-0.009999999999999787,4,2732.0,бТел
2208,14:48:42,6.83,0.0,45,30735.0,бТел
2209,14:48:48,6.83,0.0,151,103133.0,бТел
2210,14:48:51,6.83,0.0,24,16392.0,бТел
2211,14:49:03,6.83,0.0,24,16392.0,бТел
2212,14:49:06,6.83,0.0,9,6147.0,бТел
2213,14:49:12,6.83,0.0,31,21172.0,бТел
2214,14:49:21,6.82,-0.009999999999999787,41,27962.0,бТел
2215,14:49:24,6.83,0.009999999999999787,5,3415.0,бРел
2216,14:49:33,6.84,0.009999999999999787,29,19836.0,бРел
2217,14:49:36,6.83,-0.009999999999999787,4,2732.0,бТел
2218,14:49:42,6.83,0.0,15,10245.0,бТел
2219,14:49:48,6.83,0.0,31,21173.0,бТел
2220,14:49:51,6.84,0.009999999999999787,4,2736.0,бРел
2221,14:50:00,6.84,0.0,7,4788.0,бРел
2222,14:50:03,6.84,0.0,5,3420.0,бРел
2223,14:50:06,6.83,-0.009999999999999787,4,2732.0,бТел
2224,14:50:09,6.83,0.0,41,28003.0,бТел
2225,14:50:12,6.82,-0.009999999999999787,12,8184.0,бТел
2226,14:50:18,6.82,0.0,61,41602.0,бТел
2227,14:50:24,6.83,0.009999999999999787,64,43658.0,бРел
2228,14:50:30,6.82,-0.009999999999999787,56,38234.0,бТел
2229,14:50:33,6.82,0.0,62,42284.0,бТел
2230,14:50:36,6.82,0.0,74,50538.0,бТел
2231,14:50:42,6.82,0.0,18,12276.0,бТел
2232,14:50:51,6.83,0.009999999999999787,1,683.0,бРел
2233,14:50:54,6.82,-0.009999999999999787,55,37510.0,бТел
2234,14:50:57,6.82,0.0,183,124806.0,бТел
2235,14:51:00,6.82,0.0,58,39565.0,бТел
2236,14:51:03,6.82,0.0,55,37510.0,бТел
2237,14:51:06,6.82,0.0,44,30029.0,бТел
2238,14:51:09,6.82,0.0,3,2046.0,бТел
2239,14:51:15,6.82,0.0,20,13640.0,бТел
2240,14:51:24,6.82,0.0,10,6820.0,бТел
2241,14:51:27,6.82,0.0,20,13640.0,бТел
2242,14:51:30,6.83,0.009999999999999787,87,59356.0,бРел
2243,14:51:33,6.82,-0.009999999999999787,30,20460.0,бТел
2244,14:51:36,6.82,0.0,45,30690.0,бТел
2245,14:51:42,6.82,0.0,92,62745.0,бТел
2246,14:51:45,6.83,0.009999999999999787,44,30022.0,бРел
2247,14:51:48,6.83,0.0,67,45761.0,бРел
2248,14:51:51,6.82,-0.009999999999999787,48,32771.0,бТел
2249,14:52:00,6.82,0.0,164,111848.0,бТел
2250,14:52:03,6.82,0.0,52,35474.0,бТел
2251,14:52:06,6.82,0.0,4,2728.0,бТел
2252,14:52:09,6.82,0.0,24,16368.0,бТел
2253,14:52:15,6.82,0.0,51,34782.0,бТел
2254,14:52:21,6.82,0.0,236,161042.0,бТел
2255,14:52:24,6.83,0.009999999999999787,12,8196.0,бРел
2256,14:52:27,6.82,-0.009999999999999787,5,3410.0,бТел
2257,14:52:30,6.82,0.0,87,59347.0,бТел
2258,14:52:33,6.82,0.0,10,6820.0,бРел
2259,14:52:36,6.81,-0.010000000000000675,6,4086.0,бТел
2260,14:52:39,6.81,0.0,34,23154.0,бТел
2261,14:52:45,6.81,0.0,381,259461.0,бТел
2262,14:52:51,6.82,0.010000000000000675,3,2046.0,бРел
2263,14:53:00,6.82,0.0,57,38818.0,бРел
2264,14:53:03,6.81,-0.010000000000000675,32,21802.0,бТел
2265,14:53:06,6.81,0.0,89,60694.0,бТел
2266,14:53:15,6.81,0.0,73,49713.0,бТел
2267,14:53:18,6.81,0.0,22,14984.0,бТел
2268,14:53:24,6.81,0.0,55,37455.0,бТел
2269,14:53:27,6.81,0.0,253,172293.0,бТел
2270,14:53:30,6.81,0.0,30,20430.0,жпптел
2271,14:53:33,6.81,0.0,94,64014.0,бРел
2272,14:53:36,6.81,0.0,195,132753.0,бРел
2273,14:53:39,6.81,0.0,2,1362.0,бРел
2274,14:53:42,6.8,-0.009999999999999787,2,1360.0,бТел
2275,14:53:45,6.8,0.0,28,19040.0,бТел
2276,14:53:48,6.81,0.009999999999999787,23,15663.0,бРел
2277,14:53:51,6.81,0.0,122,83082.0,бРел
2278,14:53:54,6.81,0.0,21,14295.0,бРел
2279,14:53:57,6.81,0.0,597,406085.0,бРел
2280,14:54:03,6.81,0.0,2,1362.0,бРел
2281,14:54:06,6.81,0.0,4,2724.0,бРел
2282,14:54:12,6.81,0.0,11,7491.0,бРел
2283,14:54:15,6.8,-0.009999999999999787,32,21760.0,бТел
2284,14:54:21,6.8,0.0,16,10880.0,бТел
2285,14:54:24,6.8,0.0,13,8840.0,бТел
2286,14:54:27,6.81,0.009999999999999787,115,78273.0,бРел
2287,14:54:30,6.81,0.0,1,681.0,бРел
2288,14:54:33,6.81,0.0,40,27240.0,бРел
2289,14:54:36,6.8,-0.009999999999999787,19,12920.0,бТел
2290,14:54:39,6.81,0.009999999999999787,94,64004.0,бРел
2291,14:54:42,6.8,-0.009999999999999787,43,29279.0,бТел
2292,14:54:48,6.8,0.0,5,3400.0,бТел
2293,14:54:51,6.8,0.0,519,352920.0,бТел
2294,14:54:54,6.8,0.0,110,74800.0,бТел
2295,14:54:57,6.8,0.0,50,34000.0,бРел
2296,14:55:00,6.81,0.009999999999999787,4,2722.0,бРел
2297,14:55:03,6.81,0.0,23,15663.0,бРел
2298,14:55:12,6.81,0.0,400,272411.0,бРел
2299,14:55:15,6.81,0.0,143,97433.0,бТел
2300,14:55:18,6.81,0.0,29,19749.0,бРел
2301,14:55:21,6.81,0.0,20,13615.0,бРел
2302,14:55:24,6.81,0.0,9,6129.0,бРел
2303,14:55:27,6.81,0.0,178,121210.0,бРел
2304,14:55:30,6.8,-0.009999999999999787,134,91200.0,бТел
2305,14:55:33,6.81,0.009999999999999787,1,681.0,бРел
2306,14:55:36,6.81,0.0,1,681.0,бРел
2307,14:55:39,6.81,0.0,16,10896.0,бРел
2308,14:55:42,6.81,0.0,59,40179.0,бРел
2309,14:55:48,6.8,-0.009999999999999787,182,123941.0,бТел
2310,14:55:51,6.82,0.020000000000000462,312,212237.0,бРел
2311,14:55:54,6.8,-0.020000000000000462,51,34695.0,бТел
2312,14:55:57,6.82,0.020000000000000462,1,682.0,бРел
2313,14:56:00,6.82,0.0,38,25870.0,бРел
2314,14:56:03,6.81,-0.010000000000000675,79,53799.0,бТел
2315,14:56:09,6.8,-0.009999999999999787,65,44246.40000000596,бТел
2316,14:56:15,6.8,0.0,10,6800.0,бТел
2317,14:56:24,6.8,0.0,37,25160.0,бТел
2318,14:56:27,6.81,0.009999999999999787,59,40170.0,бРел
2319,14:56:30,6.81,0.0,378,257146.0,бТел
2320,14:56:33,6.82,0.010000000000000675,77,52465.0,бРел
2321,14:56:36,6.81,-0.010000000000000675,54,36774.0,бТел
2322,14:56:39,6.81,0.0,40,27240.0,бТел
2323,14:56:45,6.81,0.0,17,11577.0,бРел
2324,14:56:48,6.81,0.0,15,10215.0,бТел
2325,14:56:51,6.81,0.0,2,1362.0,бРел
2326,14:56:57,6.82,0.010000000000000675,57,38836.0,бРел
2327,14:57:03,6.81,-0.010000000000000675,67,45627.0,бТел
2328,15:00:06,6.8,-0.009999999999999787,1902,1293475.599999994,бРел
