,Ёи╫╩й╠╪Д,Ёи╫╩╪ш,╪ш╦Я╠Д╤╞,Ёи╫╩а©ё╗йжё╘,Ёи╫╩╤Нё╗т╙ё╘,птжй
0,09:25:03,3.25,0.020000000000000018,1621,526825.0,бРел
1,09:30:03,3.26,0.009999999999999787,1016,330502.0,бРел
2,09:30:06,3.25,-0.009999999999999787,29,9425.0,бРел
3,09:30:09,3.27,0.020000000000000018,20,6524.0,бРел
4,09:30:12,3.26,-0.010000000000000231,16,5216.0,бТел
5,09:30:15,3.26,0.0,150,48900.0,бТел
6,09:30:21,3.26,0.0,10,3261.0,бТел
7,09:30:24,3.26,0.0,17,5542.0,бТел
8,09:30:27,3.26,0.0,2,652.0,бТел
9,09:30:30,3.26,0.0,3,978.0,бТел
10,09:30:33,3.26,0.0,1,326.0,бТел
11,09:30:36,3.27,0.010000000000000231,52,16963.0,бРел
12,09:30:39,3.26,-0.010000000000000231,212,69112.0,бТел
13,09:30:42,3.27,0.010000000000000231,49,15983.0,бРел
14,09:30:45,3.26,-0.010000000000000231,12,3912.0,жпптел
15,09:30:48,3.26,0.0,1,326.0,бРел
16,09:30:51,3.26,0.0,10,3260.0,бРел
17,09:30:54,3.26,0.0,3,978.0,бРел
18,09:30:57,3.26,0.0,15,4890.0,бРел
19,09:31:12,3.26,0.0,37,12062.0,бРел
20,09:31:15,3.26,0.0,43,14018.0,бРел
21,09:31:21,3.25,-0.009999999999999787,9,2928.0,бТел
22,09:31:24,3.26,0.009999999999999787,65,21190.0,бРел
23,09:31:33,3.26,0.0,10,3260.0,бРел
24,09:31:36,3.26,0.0,2,652.0,бРел
25,09:31:39,3.26,0.0,6,1956.0,бРел
26,09:31:42,3.26,0.0,37,12062.0,бРел
27,09:31:45,3.26,0.0,13,4238.0,бРел
28,09:31:48,3.26,0.0,9,2934.0,бРел
29,09:31:51,3.26,0.0,8,2608.0,бРел
30,09:31:54,3.26,0.0,11,3586.0,бРел
31,09:31:57,3.26,0.0,1,326.0,бРел
32,09:32:06,3.26,0.0,10,3253.0,бРел
33,09:32:12,3.26,0.0,1,326.0,бРел
34,09:32:18,3.26,0.0,21,6846.0,бРел
35,09:32:39,3.25,-0.009999999999999787,19,6175.0,бТел
36,09:32:45,3.26,0.009999999999999787,50,16300.0,бРел
37,09:32:48,3.26,0.0,2,652.0,бРел
38,09:32:51,3.26,0.0,1,326.0,бРел
39,09:33:06,3.26,0.0,8,2608.0,бРел
40,09:33:09,3.26,0.0,12,3912.0,бРел
41,09:33:15,3.26,0.0,3,978.0,бРел
42,09:33:18,3.26,0.0,2,652.0,бРел
43,09:33:21,3.26,0.0,1,326.0,бРел
44,09:33:24,3.26,0.0,1,326.0,бРел
45,09:33:33,3.25,-0.009999999999999787,19,6175.0,бТел
46,09:33:36,3.26,0.009999999999999787,1,326.0,бРел
47,09:33:42,3.26,0.0,8,2608.0,бРел
48,09:33:51,3.26,0.0,2,652.0,бРел
49,09:33:54,3.26,0.0,92,29992.0,бРел
50,09:33:57,3.26,0.0,7,2282.0,бРел
51,09:34:00,3.25,-0.009999999999999787,153,49788.0,бТел
52,09:34:03,3.25,0.0,117,38122.0,бТел
53,09:34:06,3.26,0.009999999999999787,92,29992.0,бРел
54,09:34:09,3.26,0.0,66,21516.0,бРел
55,09:34:15,3.26,0.0,258,84108.0,бРел
56,09:34:27,3.26,0.0,4,1304.0,бТел
57,09:34:30,3.26,0.0,4,1304.0,бТел
58,09:34:33,3.27,0.010000000000000231,1,327.0,бРел
59,09:34:51,3.27,0.0,2,654.0,бРел
60,09:35:03,3.27,0.0,1,327.0,бРел
61,09:35:12,3.27,0.0,769,251463.0,бРел
62,09:35:18,3.26,-0.010000000000000231,585,190845.0,бТел
63,09:35:21,3.27,0.010000000000000231,48,15696.0,бРел
64,09:35:24,3.27,0.0,13,4251.0,бРел
65,09:35:27,3.27,0.0,16,5232.0,бРел
66,09:35:30,3.27,0.0,16,5217.0,бРел
67,09:35:33,3.27,0.0,8,2616.0,бРел
68,09:35:48,3.26,-0.010000000000000231,16,5216.0,бТел
69,09:35:51,3.27,0.010000000000000231,200,65400.0,бРел
70,09:35:54,3.27,0.0,37,12099.0,бРел
71,09:35:57,3.26,-0.010000000000000231,10,3260.0,бТел
72,09:36:06,3.27,0.010000000000000231,18,5886.0,бРел
73,09:36:12,3.27,0.0,101,33027.0,бРел
74,09:36:15,3.26,-0.010000000000000231,12,3913.0,бТел
75,09:36:18,3.27,0.010000000000000231,10,3270.0,бРел
76,09:36:48,3.27,0.0,91,29757.0,бРел
77,09:36:51,3.27,0.0,14,4578.0,бРел
78,09:36:54,3.27,0.0,14,4578.0,бРел
79,09:36:57,3.26,-0.010000000000000231,49,15974.0,бТел
80,09:37:00,3.27,0.010000000000000231,4,1308.0,бРел
81,09:37:03,3.27,0.0,3,981.0,бРел
82,09:37:15,3.27,0.0,497,162023.0,бРел
83,09:37:18,3.26,-0.010000000000000231,20,6520.0,бТел
84,09:37:21,3.26,0.0,130,42380.0,бТел
85,09:37:24,3.27,0.010000000000000231,1,327.0,бРел
86,09:37:27,3.26,-0.010000000000000231,20,6520.0,бТел
87,09:37:30,3.26,0.0,4,1304.0,бТел
88,09:37:33,3.26,0.0,3,978.0,бТел
89,09:37:54,3.27,0.010000000000000231,165,53955.0,бРел
90,09:38:09,3.27,0.0,5,1635.0,бРел
91,09:38:33,3.27,0.0,8,2616.0,бРел
92,09:39:12,3.26,-0.010000000000000231,21,6846.0,бТел
93,09:39:15,3.26,0.0,10,3260.0,бТел
94,09:39:33,3.27,0.010000000000000231,59,19293.0,бРел
95,09:39:36,3.27,0.0,49,16023.0,бРел
96,09:39:39,3.27,0.0,52,17004.0,бРел
97,09:39:42,3.27,0.0,68,22236.0,бРел
98,09:39:48,3.27,0.0,80,26160.0,бРел
99,09:39:51,3.27,0.0,2,654.0,бРел
100,09:39:54,3.27,0.0,9,2943.0,бРел
101,09:40:00,3.27,0.0,42,13734.0,бРел
102,09:40:06,3.27,0.0,3,981.0,бРел
103,09:40:09,3.27,0.0,8,2615.0,бРел
104,09:40:12,3.27,0.0,5,1635.0,бРел
105,09:40:15,3.26,-0.010000000000000231,17,5542.0,бТел
106,09:40:21,3.27,0.010000000000000231,5,1635.0,бРел
107,09:40:27,3.27,0.0,31,10137.0,бРел
108,09:40:33,3.27,0.0,20,6540.0,бРел
109,09:40:48,3.26,-0.010000000000000231,17,5542.0,бТел
110,09:41:18,3.27,0.010000000000000231,500,163500.0,бРел
111,09:41:27,3.26,-0.010000000000000231,17,5542.0,бТел
112,09:41:30,3.27,0.010000000000000231,25,8175.0,бРел
113,09:41:33,3.27,0.0,7,2289.0,бРел
114,09:41:36,3.27,0.0,51,16677.0,бРел
115,09:41:39,3.27,0.0,6,1962.0,бРел
116,09:41:45,3.27,0.0,256,83712.0,бРел
117,09:41:48,3.27,0.0,1,327.0,бТел
118,09:41:57,3.27,0.0,69,22563.0,бТел
119,09:42:06,3.27,0.0,1,327.0,бТел
120,09:42:09,3.27,0.0,11,3598.0,бТел
121,09:42:15,3.27,0.0,20,6540.0,бТел
122,09:42:33,3.28,0.009999999999999787,1,328.0,бРел
123,09:42:51,3.28,0.0,1,328.0,бРел
124,09:43:06,3.28,0.0,57,18646.0,бРел
125,09:43:12,3.27,-0.009999999999999787,60,19620.0,бТел
126,09:43:15,3.27,0.0,1,327.0,бТел
127,09:43:27,3.27,0.0,90,29430.0,бТел
128,09:43:30,3.27,0.0,47,15369.0,бРел
129,09:44:06,3.27,0.0,1,327.0,бТел
130,09:44:09,3.28,0.009999999999999787,2,656.0,бРел
131,09:44:27,3.27,-0.009999999999999787,40,13080.0,бТел
132,09:44:30,3.28,0.009999999999999787,165,54120.0,бРел
133,09:44:36,3.27,-0.009999999999999787,10,3270.0,бТел
134,09:44:48,3.28,0.009999999999999787,10,3280.0,бРел
135,09:45:24,3.28,0.0,1,328.0,бРел
136,09:45:33,3.28,0.0,5,1640.0,бРел
137,09:46:03,3.27,-0.009999999999999787,16,5232.0,бТел
138,09:46:06,3.27,0.0,24,7855.0,бТел
139,09:46:21,3.28,0.009999999999999787,20,6560.0,бРел
140,09:46:30,3.27,-0.009999999999999787,28,9156.0,бТел
141,09:46:51,3.28,0.009999999999999787,1,328.0,бРел
142,09:47:03,3.28,0.0,3,984.0,бРел
143,09:47:09,3.27,-0.009999999999999787,20,6540.0,бТел
144,09:47:51,3.28,0.009999999999999787,1,328.0,бРел
145,09:47:57,3.27,-0.009999999999999787,83,27141.0,бТел
146,09:48:03,3.27,0.0,23,7522.0,бТел
147,09:48:06,3.28,0.009999999999999787,3,984.0,бРел
148,09:48:30,3.27,-0.009999999999999787,19,6213.0,бТел
149,09:48:33,3.28,0.009999999999999787,5,1640.0,бРел
150,09:48:54,3.28,0.0,258,84367.0,бРел
151,09:49:06,3.27,-0.009999999999999787,1,327.0,бТел
152,09:49:12,3.28,0.009999999999999787,50,16400.0,бРел
153,09:49:18,3.27,-0.009999999999999787,7,2289.0,бТел
154,09:49:21,3.28,0.009999999999999787,224,73472.0,бРел
155,09:49:30,3.27,-0.009999999999999787,20,6540.0,бТел
156,09:49:33,3.28,0.009999999999999787,120,39360.0,бРел
157,09:49:36,3.28,0.0,152,49856.0,бРел
158,09:49:42,3.28,0.0,17,5576.0,бРел
159,09:49:45,3.27,-0.009999999999999787,8,2616.0,бТел
160,09:49:51,3.28,0.009999999999999787,156,51168.0,бРел
161,09:49:57,3.27,-0.009999999999999787,1,327.0,бТел
162,09:50:00,3.28,0.009999999999999787,148,48544.0,бРел
163,09:50:09,3.28,0.0,6,1968.0,бРел
164,09:50:24,3.27,-0.009999999999999787,26,8502.0,бТел
165,09:50:48,3.28,0.009999999999999787,1,328.0,бРел
166,09:51:00,3.27,-0.009999999999999787,56,18312.0,бТел
167,09:52:15,3.27,0.0,50,16350.0,бТел
168,09:52:21,3.27,0.0,17,5559.0,бТел
169,09:53:15,3.27,0.0,10,3270.0,бТел
170,09:53:21,3.27,0.0,20,6540.0,бТел
171,09:53:27,3.28,0.009999999999999787,1,328.0,бРел
172,09:53:54,3.28,0.0,10,3280.0,бРел
173,09:54:03,3.28,0.0,1,328.0,бРел
174,09:54:06,3.28,0.0,3,984.0,бРел
175,09:54:33,3.27,-0.009999999999999787,3,981.0,бТел
176,09:54:51,3.28,0.009999999999999787,1,328.0,бРел
177,09:54:54,3.28,0.0,44,14432.0,бРел
178,09:55:06,3.27,-0.009999999999999787,70,22890.0,бТел
179,09:55:30,3.27,0.0,49,16023.0,бТел
180,09:55:33,3.28,0.009999999999999787,3,984.0,бРел
181,09:55:51,3.28,0.0,7,2296.0,бРел
182,09:56:03,3.27,-0.009999999999999787,19,6213.0,бТел
183,09:56:09,3.28,0.009999999999999787,1,328.0,бРел
184,09:56:21,3.28,0.0,1,328.0,бРел
185,09:56:51,3.27,-0.009999999999999787,65,21315.0,бТел
186,09:57:03,3.28,0.009999999999999787,2,656.0,бРел
187,09:57:06,3.27,-0.009999999999999787,222,72594.0,бТел
188,09:57:09,3.27,0.0,3,981.0,бТел
189,09:57:24,3.27,0.0,94,30738.0,бТел
190,09:57:27,3.27,0.0,112,36624.0,бТел
191,09:57:30,3.27,0.0,16,5232.0,бТел
192,09:57:36,3.27,0.0,62,20274.0,бТел
193,09:57:39,3.27,0.0,1,327.0,бТел
194,09:57:45,3.27,0.0,222,72594.0,бТел
195,09:57:48,3.27,0.0,23,7521.0,бРел
196,09:57:51,3.27,0.0,46,15042.0,бРел
197,09:57:54,3.27,0.0,25,8175.0,бРел
198,09:57:57,3.27,0.0,17,5559.0,бРел
199,09:58:00,3.27,0.0,5,1635.0,бРел
200,09:58:27,3.26,-0.010000000000000231,5,1630.0,бТел
201,09:58:39,3.26,0.0,49,15974.0,бТел
202,09:59:00,3.27,0.010000000000000231,1,327.0,бРел
203,09:59:18,3.26,-0.010000000000000231,16,5216.0,бТел
204,09:59:24,3.27,0.010000000000000231,5,1631.0,бРел
205,09:59:36,3.26,-0.010000000000000231,5,1630.0,бТел
206,09:59:39,3.27,0.010000000000000231,105,34335.0,бРел
207,09:59:45,3.27,0.0,87,28449.0,бРел
208,09:59:51,3.27,0.0,14,4578.0,бРел
209,10:00:00,3.26,-0.010000000000000231,58,18909.0,бТел
210,10:00:03,3.27,0.010000000000000231,73,23871.0,бРел
211,10:00:09,3.27,0.0,42,13734.0,бРел
212,10:00:12,3.27,0.0,21,6867.0,бРел
213,10:00:15,3.27,0.0,426,139302.0,бРел
214,10:00:42,3.28,0.009999999999999787,44,14432.0,бРел
215,10:01:06,3.28,0.0,2,656.0,бРел
216,10:01:36,3.27,-0.009999999999999787,862,281874.0,бТел
217,10:01:39,3.27,0.0,41,13407.0,бРел
218,10:01:42,3.27,0.0,1,327.0,бРел
219,10:01:48,3.27,0.0,45,14715.0,бРел
220,10:01:51,3.26,-0.010000000000000231,10,3260.0,бТел
221,10:01:57,3.27,0.010000000000000231,10,3270.0,бРел
222,10:02:15,3.26,-0.010000000000000231,5,1630.0,бТел
223,10:02:36,3.26,0.0,10,3260.0,бТел
224,10:03:15,3.27,0.010000000000000231,15,4905.0,бРел
225,10:03:21,3.26,-0.010000000000000231,10,3260.0,бТел
226,10:03:24,3.26,0.0,146,47596.0,бТел
227,10:03:33,3.26,0.0,705,229830.0,бТел
228,10:03:39,3.26,0.0,88,28688.0,бТел
229,10:03:54,3.26,0.0,6,1956.0,бТел
230,10:03:57,3.26,0.0,121,39446.0,бТел
231,10:04:06,3.26,0.0,65,21190.0,бТел
232,10:04:09,3.26,0.0,3,978.0,бРел
233,10:04:12,3.26,0.0,2,652.0,бРел
234,10:04:18,3.26,0.0,2,652.0,бРел
235,10:04:24,3.26,0.0,1,326.0,бРел
236,10:04:33,3.26,0.0,1,326.0,бРел
237,10:04:36,3.26,0.0,1,326.0,бРел
238,10:05:33,3.26,0.0,2,652.0,бРел
239,10:05:45,3.25,-0.009999999999999787,16,5200.0,бТел
240,10:05:48,3.26,0.009999999999999787,100,32600.0,бРел
241,10:05:51,3.26,0.0,18,5868.0,бРел
242,10:06:03,3.26,0.0,8,2608.0,бРел
243,10:06:15,3.26,0.0,15,4890.0,бРел
244,10:06:36,3.26,0.0,16,5216.0,бРел
245,10:06:39,3.25,-0.009999999999999787,11,3581.0,бТел
246,10:06:45,3.26,0.009999999999999787,185,60309.0,бРел
247,10:06:48,3.26,0.0,1,326.0,бРел
248,10:06:57,3.26,0.0,3,978.0,бРел
249,10:07:00,3.26,0.0,2,652.0,бРел
250,10:07:09,3.26,0.0,3,978.0,бРел
251,10:07:15,3.26,0.0,7,2282.0,бРел
252,10:07:30,3.26,0.0,40,13040.0,бТел
253,10:07:33,3.27,0.010000000000000231,1,327.0,бРел
254,10:08:18,3.26,-0.010000000000000231,5,1630.0,бТел
255,10:08:30,3.26,0.0,1,326.0,бТел
256,10:08:36,3.26,0.0,1,326.0,бТел
257,10:09:03,3.27,0.010000000000000231,2,654.0,бРел
258,10:09:15,3.26,-0.010000000000000231,102,33252.0,бТел
259,10:09:36,3.25,-0.009999999999999787,6,1951.0,бТел
260,10:09:45,3.25,0.0,11,3575.0,бТел
261,10:09:48,3.26,0.009999999999999787,135,44010.0,бРел
262,10:09:51,3.26,0.0,65,21126.0,бРел
263,10:09:54,3.26,0.0,297,96822.0,бРел
264,10:10:27,3.25,-0.009999999999999787,17,5525.0,бТел
265,10:10:33,3.26,0.009999999999999787,6,1956.0,бРел
266,10:10:48,3.26,0.0,22,7172.0,бРел
267,10:10:51,3.26,0.0,6,1956.0,бРел
268,10:10:57,3.25,-0.009999999999999787,5,1625.0,бТел
269,10:11:30,3.26,0.009999999999999787,230,74980.0,бРел
270,10:11:33,3.26,0.0,100,32600.0,бРел
271,10:11:45,3.25,-0.009999999999999787,20,6500.0,бТел
272,10:12:03,3.26,0.009999999999999787,2,652.0,бРел
273,10:12:18,3.26,0.0,68,22168.0,бРел
274,10:12:33,3.26,0.0,1,326.0,бРел
275,10:12:57,3.25,-0.009999999999999787,6,1950.0,бТел
276,10:13:00,3.25,0.0,4,1300.0,бТел
277,10:13:18,3.25,0.0,15,4875.0,бТел
278,10:13:33,3.26,0.009999999999999787,3,978.0,бРел
279,10:14:27,3.26,0.0,2,652.0,бРел
280,10:15:03,3.26,0.0,2,652.0,бРел
281,10:15:48,3.25,-0.009999999999999787,16,5200.0,бТел
282,10:16:48,3.26,0.009999999999999787,1,326.0,бРел
283,10:17:57,3.26,0.0,1,326.0,бРел
284,10:18:09,3.25,-0.009999999999999787,18,5850.0,бТел
285,10:18:15,3.25,0.0,72,23400.0,бТел
286,10:18:33,3.26,0.009999999999999787,10,3260.0,бРел
287,10:19:33,3.26,0.0,153,49878.0,бРел
288,10:19:42,3.26,0.0,126,41076.0,бРел
289,10:19:54,3.26,0.0,105,34230.0,бРел
290,10:19:57,3.26,0.0,1,326.0,бРел
291,10:20:06,3.26,0.0,2,652.0,бРел
292,10:20:39,3.26,0.0,1,326.0,бРел
293,10:20:51,3.25,-0.009999999999999787,1,325.0,бТел
294,10:21:33,3.26,0.009999999999999787,4,1304.0,бРел
295,10:21:57,3.26,0.0,27,8802.0,бРел
296,10:22:03,3.26,0.0,12,3912.0,бРел
297,10:22:09,3.26,0.0,4,1304.0,бРел
298,10:22:21,3.26,0.0,1,326.0,бРел
299,10:22:30,3.26,0.0,5,1630.0,бРел
300,10:22:33,3.26,0.0,5,1630.0,бРел
301,10:22:36,3.27,0.010000000000000231,489,159416.0,бРел
302,10:22:39,3.27,0.0,3,981.0,бРел
303,10:22:42,3.27,0.0,4,1308.0,бРел
304,10:23:06,3.27,0.0,1,327.0,бРел
305,10:23:21,3.27,0.0,1,327.0,бРел
306,10:23:54,3.26,-0.010000000000000231,27,8802.0,бТел
307,10:24:18,3.26,0.0,50,16300.0,бТел
308,10:24:21,3.27,0.010000000000000231,7,2284.0,бРел
309,10:24:30,3.27,0.0,1,327.0,бРел
310,10:25:33,3.27,0.0,6,1962.0,бРел
311,10:25:39,3.26,-0.010000000000000231,18,5868.0,бТел
312,10:26:03,3.27,0.010000000000000231,1,327.0,бРел
313,10:26:06,3.27,0.0,4,1308.0,бРел
314,10:26:42,3.27,0.0,1,327.0,бРел
315,10:28:03,3.27,0.0,3,981.0,бРел
316,10:28:18,3.26,-0.010000000000000231,20,6520.0,бТел
317,10:28:54,3.27,0.010000000000000231,1,327.0,бРел
318,10:28:57,3.27,0.0,8,2616.0,бРел
319,10:29:00,3.26,-0.010000000000000231,9,2934.0,бТел
320,10:29:03,3.27,0.010000000000000231,3,981.0,бРел
321,10:29:36,3.27,0.0,8,2616.0,бРел
322,10:29:42,3.27,0.0,8,2616.0,бРел
323,10:30:42,3.27,0.0,6,1962.0,бРел
324,10:30:51,3.26,-0.010000000000000231,19,6194.0,бТел
325,10:31:36,3.27,0.010000000000000231,1,327.0,бРел
326,10:31:57,3.27,0.0,44,14388.0,бРел
327,10:32:15,3.26,-0.010000000000000231,3,978.0,бТел
328,10:32:27,3.26,0.0,1,326.0,бТел
329,10:33:18,3.26,0.0,18,5868.0,бТел
330,10:34:18,3.27,0.010000000000000231,1,327.0,бРел
331,10:35:36,3.26,-0.010000000000000231,7,2282.0,бТел
332,10:35:39,3.26,0.0,17,5542.0,бТел
333,10:35:57,3.26,0.0,9,2934.0,бТел
334,10:36:06,3.27,0.010000000000000231,2,654.0,бРел
335,10:36:48,3.26,-0.010000000000000231,68,22168.0,бТел
336,10:36:51,3.26,0.0,3,978.0,бТел
337,10:37:00,3.27,0.010000000000000231,1,327.0,бРел
338,10:37:48,3.26,-0.010000000000000231,19,6194.0,бТел
339,10:38:42,3.27,0.010000000000000231,5,1631.0,бРел
340,10:39:33,3.26,-0.010000000000000231,245,80109.0,бТел
341,10:39:36,3.26,0.0,1,326.0,бТел
342,10:39:42,3.27,0.010000000000000231,360,117720.0,бРел
343,10:39:54,3.26,-0.010000000000000231,153,50030.0,бТел
344,10:40:18,3.26,0.0,16,5216.0,бТел
345,10:40:30,3.26,0.0,36,11736.0,бТел
346,10:40:45,3.26,0.0,12,3912.0,бТел
347,10:40:57,3.26,0.0,1,326.0,бТел
348,10:41:15,3.27,0.010000000000000231,1,327.0,бРел
349,10:41:45,3.26,-0.010000000000000231,20,6520.0,бТел
350,10:42:36,3.27,0.010000000000000231,1,327.0,бРел
351,10:42:48,3.26,-0.010000000000000231,67,21842.0,бТел
352,10:42:57,3.26,0.0,22,7172.0,бТел
353,10:43:00,3.26,0.0,44,14344.0,бТел
354,10:43:27,3.26,0.0,4,1304.0,бТел
355,10:43:33,3.26,0.0,19,6194.0,бТел
356,10:44:09,3.27,0.010000000000000231,1,327.0,бРел
357,10:44:45,3.26,-0.010000000000000231,3,978.0,бТел
358,10:44:51,3.26,0.0,9,2934.0,бТел
359,10:44:54,3.26,0.0,9,2934.0,бТел
360,10:44:57,3.26,0.0,8,2608.0,бТел
361,10:45:00,3.26,0.0,35,11410.0,бТел
362,10:45:03,3.26,0.0,3,978.0,бТел
363,10:45:18,3.27,0.010000000000000231,53,17279.0,бРел
364,10:45:27,3.26,-0.010000000000000231,19,6194.0,бТел
365,10:45:33,3.27,0.010000000000000231,1,327.0,бРел
366,10:45:45,3.26,-0.010000000000000231,100,32600.0,бТел
367,10:45:48,3.26,0.0,6,1956.0,бТел
368,10:45:54,3.26,0.0,3,978.0,бТел
369,10:46:09,3.27,0.010000000000000231,9,2943.0,бРел
370,10:46:33,3.26,-0.010000000000000231,5,1630.0,бТел
371,10:46:57,3.26,0.0,3,978.0,бТел
372,10:47:03,3.26,0.0,5,1630.0,бТел
373,10:47:30,3.26,0.0,3,978.0,бТел
374,10:47:33,3.26,0.0,5,1630.0,бТел
375,10:48:03,3.26,0.0,1,326.0,бТел
376,10:48:06,3.26,0.0,4,1304.0,бТел
377,10:48:09,3.27,0.010000000000000231,1,327.0,бРел
378,10:48:33,3.26,-0.010000000000000231,5,1630.0,бТел
379,10:48:36,3.26,0.0,8,2608.0,бТел
380,10:48:42,3.26,0.0,18,5868.0,бТел
381,10:49:06,3.26,0.0,5,1630.0,бТел
382,10:49:21,3.26,0.0,116,37816.0,бТел
383,10:49:24,3.26,0.0,13,4238.0,бТел
384,10:49:30,3.26,0.0,40,13040.0,бТел
385,10:49:33,3.27,0.010000000000000231,162,52974.0,бРел
386,10:49:36,3.26,-0.010000000000000231,140,45774.0,бТел
387,10:49:42,3.27,0.010000000000000231,144,47088.0,бРел
388,10:49:51,3.26,-0.010000000000000231,4,1304.0,бТел
389,10:49:54,3.27,0.010000000000000231,140,45780.0,бРел
390,10:50:03,3.27,0.0,148,48396.0,бРел
391,10:50:06,3.26,-0.010000000000000231,5,1630.0,бТел
392,10:50:21,3.26,0.0,1,326.0,бТел
393,10:50:36,3.26,0.0,6,1956.0,бТел
394,10:50:54,3.27,0.010000000000000231,1,327.0,бРел
395,10:51:06,3.26,-0.010000000000000231,5,1630.0,бТел
396,10:51:27,3.26,0.0,3,978.0,бТел
397,10:51:30,3.27,0.010000000000000231,100,32700.0,бРел
398,10:51:36,3.26,-0.010000000000000231,1,326.0,бТел
399,10:51:48,3.26,0.0,36,11736.0,бТел
400,10:51:57,3.26,0.0,6,1956.0,бТел
401,10:52:09,3.26,0.0,13,4238.0,бТел
402,10:52:51,3.26,0.0,3,978.0,бТел
403,10:53:03,3.26,0.0,101,32926.0,бТел
404,10:53:39,3.27,0.010000000000000231,1,327.0,бРел
405,10:53:48,3.26,-0.010000000000000231,4,1304.0,бТел
406,10:53:51,3.26,0.0,1,326.0,бТел
407,10:53:57,3.26,0.0,3,978.0,бТел
408,10:54:00,3.26,0.0,10,3261.0,бТел
409,10:54:18,3.26,0.0,4,1304.0,бТел
410,10:54:21,3.26,0.0,1,326.0,бТел
411,10:54:24,3.27,0.010000000000000231,4,1308.0,бРел
412,10:54:39,3.26,-0.010000000000000231,17,5542.0,бТел
413,10:54:48,3.26,0.0,4,1304.0,бТел
414,10:54:51,3.26,0.0,1,326.0,бТел
415,10:54:57,3.27,0.010000000000000231,4,1308.0,бРел
416,10:55:00,3.26,-0.010000000000000231,1,326.0,бТел
417,10:55:03,3.26,0.0,3,978.0,бТел
418,10:55:18,3.26,0.0,4,1304.0,бТел
419,10:55:21,3.26,0.0,1,326.0,бТел
420,10:55:39,3.26,0.0,1,326.0,бТел
421,10:55:48,3.26,0.0,4,1304.0,бТел
422,10:55:54,3.26,0.0,1,326.0,бТел
423,10:56:12,3.26,0.0,221,72046.0,бТел
424,10:56:15,3.26,0.0,113,36838.0,бРел
425,10:56:18,3.26,0.0,8,2608.0,бРел
426,10:56:21,3.25,-0.009999999999999787,9,2930.0,бТел
427,10:56:24,3.26,0.009999999999999787,54,17604.0,бРел
428,10:56:27,3.26,0.0,107,34882.0,бРел
429,10:56:30,3.26,0.0,2,652.0,бРел
430,10:56:33,3.26,0.0,43,14018.0,бРел
431,10:56:36,3.26,0.0,2,652.0,бРел
432,10:57:00,3.25,-0.009999999999999787,16,5200.0,бТел
433,10:57:33,3.26,0.009999999999999787,10,3260.0,бРел
434,10:58:06,3.25,-0.009999999999999787,6,1950.0,бТел
435,10:58:21,3.25,0.0,13,4225.0,бТел
436,10:58:24,3.25,0.0,1,325.0,бТел
437,10:58:30,3.25,0.0,33,10725.0,бТел
438,10:59:12,3.26,0.009999999999999787,1,326.0,бРел
439,10:59:24,3.26,0.0,2,652.0,бРел
440,10:59:48,3.25,-0.009999999999999787,16,5200.0,бТел
441,10:59:51,3.26,0.009999999999999787,87,28362.0,бРел
442,10:59:57,3.26,0.0,2,652.0,бРел
443,11:00:06,3.25,-0.009999999999999787,192,62584.0,бТел
444,11:00:09,3.26,0.009999999999999787,25,8150.0,бРел
445,11:00:12,3.25,-0.009999999999999787,28,9124.0,бТел
446,11:00:15,3.25,0.0,5,1626.0,бТел
447,11:00:18,3.26,0.009999999999999787,2,652.0,бРел
448,11:00:21,3.26,0.0,1,326.0,бРел
449,11:00:24,3.25,-0.009999999999999787,5,1626.0,бТел
450,11:02:06,3.26,0.009999999999999787,1,326.0,бРел
451,11:02:39,3.26,0.0,3,978.0,бРел
452,11:03:15,3.26,0.0,366,119316.0,бРел
453,11:04:45,3.27,0.010000000000000231,1,327.0,бРел
454,11:05:24,3.27,0.0,500,163500.0,бРел
455,11:05:48,3.27,0.0,123,40221.0,бРел
456,11:05:54,3.27,0.0,3,981.0,бРел
457,11:05:57,3.26,-0.010000000000000231,5,1630.0,бТел
458,11:07:30,3.27,0.010000000000000231,10,3270.0,бРел
459,11:07:36,3.26,-0.010000000000000231,18,5868.0,бТел
460,11:07:54,3.27,0.010000000000000231,52,17004.0,бРел
461,11:07:57,3.27,0.0,1,327.0,бРел
462,11:08:03,3.27,0.0,56,18312.0,бРел
463,11:08:06,3.27,0.0,1,327.0,бРел
464,11:08:18,3.27,0.0,187,61149.0,бРел
465,11:08:21,3.27,0.0,6,1962.0,бРел
466,11:08:45,3.27,0.0,1,327.0,бРел
467,11:09:45,3.27,0.0,60,19620.0,бРел
468,11:09:51,3.27,0.0,2,654.0,бРел
469,11:10:03,3.26,-0.010000000000000231,1,326.0,бТел
470,11:10:06,3.27,0.010000000000000231,11,3597.0,бРел
471,11:10:09,3.27,0.0,22,7194.0,бРел
472,11:10:12,3.27,0.0,18,5886.0,бРел
473,11:10:15,3.27,0.0,7,2289.0,бРел
474,11:10:21,3.27,0.0,166,54282.0,бРел
475,11:10:24,3.27,0.0,32,10464.0,бРел
476,11:10:27,3.27,0.0,1,327.0,бРел
477,11:10:30,3.27,0.0,53,17331.0,бРел
478,11:10:33,3.27,0.0,1,327.0,бРел
479,11:10:36,3.27,0.0,3,981.0,бРел
480,11:10:39,3.27,0.0,1,327.0,бРел
481,11:10:42,3.27,0.0,1,327.0,бРел
482,11:11:03,3.27,0.0,15,4905.0,бРел
483,11:11:06,3.27,0.0,18,5886.0,бРел
484,11:11:09,3.27,0.0,72,23544.0,бРел
485,11:11:12,3.27,0.0,356,116412.0,бРел
486,11:11:36,3.27,0.0,1,327.0,бТел
487,11:13:00,3.27,0.0,16,5232.0,бТел
488,11:13:15,3.28,0.009999999999999787,1,328.0,бРел
489,11:14:03,3.28,0.0,1,328.0,бРел
490,11:16:09,3.28,0.0,1,328.0,бРел
491,11:16:15,3.28,0.0,257,84296.0,бРел
492,11:16:18,3.28,0.0,301,98728.0,бРел
493,11:16:21,3.28,0.0,9,2952.0,бРел
494,11:16:24,3.28,0.0,6,1968.0,бРел
495,11:17:21,3.27,-0.009999999999999787,10,3270.0,бТел
496,11:17:42,3.27,0.0,5,1635.0,бТел
497,11:17:45,3.27,0.0,10,3270.0,бТел
498,11:18:06,3.28,0.009999999999999787,1,328.0,бРел
499,11:18:33,3.28,0.0,1,328.0,бРел
500,11:18:42,3.27,-0.009999999999999787,10,3270.0,бТел
501,11:19:00,3.28,0.009999999999999787,1,328.0,бРел
502,11:19:42,3.28,0.0,15,4920.0,бРел
503,11:19:45,3.27,-0.009999999999999787,11,3597.0,бТел
504,11:19:48,3.28,0.009999999999999787,1,328.0,бРел
505,11:20:18,3.28,0.0,100,32800.0,бРел
506,11:20:21,3.28,0.0,2,656.0,бРел
507,11:20:30,3.28,0.0,9,2952.0,бРел
508,11:20:54,3.28,0.0,800,262400.0,бРел
509,11:21:15,3.29,0.010000000000000231,3,987.0,бРел
510,11:21:42,3.29,0.0,1,329.0,бРел
511,11:23:03,3.29,0.0,1,329.0,бРел
512,11:23:54,3.29,0.0,27,8883.0,бРел
513,11:24:09,3.29,0.0,24,7896.0,бРел
514,11:24:33,3.29,0.0,1,329.0,бРел
515,11:26:06,3.29,0.0,324,106596.0,бРел
516,11:26:42,3.28,-0.010000000000000231,4,1312.0,бТел
517,11:27:06,3.28,0.0,115,37720.0,бТел
518,11:27:09,3.28,0.0,1,328.0,бТел
519,11:27:18,3.29,0.010000000000000231,1,329.0,бРел
520,11:27:51,3.28,-0.010000000000000231,2,656.0,бТел
521,11:28:06,3.29,0.010000000000000231,561,184569.0,бРел
522,11:29:12,3.28,-0.010000000000000231,10,3280.0,бТел
523,11:29:57,3.29,0.010000000000000231,1,329.0,бРел
524,13:00:03,3.29,0.0,99,32570.0,бРел
525,13:00:06,3.29,0.0,18,5922.0,бРел
526,13:00:09,3.29,0.0,45,14805.0,бРел
527,13:00:15,3.29,0.0,201,66129.0,бРел
528,13:00:18,3.29,0.0,47,15463.0,бРел
529,13:00:21,3.29,0.0,1,329.0,бРел
530,13:00:24,3.29,0.0,9,2961.0,бРел
531,13:00:27,3.29,0.0,1,329.0,бРел
532,13:00:33,3.29,0.0,1,329.0,бРел
533,13:00:39,3.29,0.0,1,329.0,бРел
534,13:00:51,3.29,0.0,3,987.0,бРел
535,13:01:00,3.29,0.0,2,658.0,бРел
536,13:01:09,3.28,-0.010000000000000231,6,1968.0,бТел
537,13:01:18,3.29,0.010000000000000231,5,1645.0,бРел
538,13:01:27,3.28,-0.010000000000000231,100,32800.0,бТел
539,13:01:30,3.28,0.0,1,328.0,бТел
540,13:02:21,3.29,0.010000000000000231,3,987.0,бРел
541,13:02:45,3.29,0.0,1,329.0,бРел
542,13:04:03,3.29,0.0,2,658.0,бРел
543,13:04:51,3.28,-0.010000000000000231,10,3280.0,бТел
544,13:05:03,3.29,0.010000000000000231,12,3937.0,бРел
545,13:05:24,3.29,0.0,1,329.0,бРел
546,13:05:42,3.29,0.0,3,987.0,бРел
547,13:07:51,3.29,0.0,2,658.0,бРел
548,13:07:57,3.29,0.0,1,329.0,бРел
549,13:08:06,3.29,0.0,1,329.0,бРел
550,13:08:09,3.29,0.0,1,329.0,бРел
551,13:09:03,3.29,0.0,1,329.0,бРел
552,13:09:33,3.29,0.0,307,101003.0,бРел
553,13:09:36,3.29,0.0,8,2632.0,бРел
554,13:09:42,3.29,0.0,1,329.0,бРел
555,13:09:48,3.29,0.0,13,4277.0,бРел
556,13:10:00,3.29,0.0,5,1645.0,бРел
557,13:10:03,3.29,0.0,78,25662.0,бРел
558,13:10:06,3.29,0.0,19,6251.0,бРел
559,13:10:09,3.29,0.0,4,1316.0,бРел
560,13:10:12,3.29,0.0,49,16121.0,бРел
561,13:10:15,3.29,0.0,4,1316.0,бРел
562,13:10:36,3.29,0.0,1,329.0,бРел
563,13:10:51,3.28,-0.010000000000000231,18,5905.0,бТел
564,13:11:39,3.28,0.0,2,656.0,бТел
565,13:11:42,3.28,0.0,146,47888.0,бТел
566,13:11:45,3.29,0.010000000000000231,27,8883.0,бРел
567,13:12:03,3.29,0.0,23,7567.0,бРел
568,13:12:18,3.29,0.0,22,7236.0,бРел
569,13:12:39,3.29,0.0,19,6251.0,бРел
570,13:12:51,3.29,0.0,16,5264.0,бРел
571,13:12:54,3.28,-0.010000000000000231,13,4264.0,бТел
572,13:13:36,3.29,0.010000000000000231,1,329.0,бРел
573,13:13:42,3.29,0.0,1,329.0,бРел
574,13:14:03,3.29,0.0,2,658.0,бРел
575,13:14:18,3.29,0.0,1,329.0,бРел
576,13:15:27,3.28,-0.010000000000000231,17,5576.0,бТел
577,13:15:54,3.28,0.0,27,8856.0,бТел
578,13:16:24,3.29,0.010000000000000231,1,329.0,бРел
579,13:17:15,3.28,-0.010000000000000231,1335,437880.0,бТел
580,13:17:33,3.29,0.010000000000000231,139,45631.0,бРел
581,13:17:39,3.28,-0.010000000000000231,198,64944.0,бТел
582,13:17:42,3.28,0.0,20,6577.0,бРел
583,13:17:45,3.28,0.0,6,1968.0,бРел
584,13:17:48,3.28,0.0,5,1640.0,бРел
585,13:18:06,3.28,0.0,2,656.0,бРел
586,13:18:09,3.28,0.0,5,1640.0,бРел
587,13:18:15,3.28,0.0,1,328.0,бРел
588,13:18:39,3.28,0.0,1,328.0,бРел
589,13:18:45,3.28,0.0,269,88232.0,бРел
590,13:18:57,3.28,0.0,36,11808.0,бРел
591,13:19:00,3.28,0.0,196,64288.0,бРел
592,13:19:03,3.29,0.010000000000000231,14,4606.0,бРел
593,13:19:09,3.29,0.0,1,329.0,бРел
594,13:19:27,3.28,-0.010000000000000231,1,328.0,бТел
595,13:19:36,3.28,0.0,1,328.0,бТел
596,13:19:39,3.29,0.010000000000000231,288,94752.0,бРел
597,13:19:42,3.29,0.0,240,78960.0,бРел
598,13:19:45,3.29,0.0,248,81592.0,бРел
599,13:19:48,3.29,0.0,394,129626.0,бРел
600,13:19:51,3.29,0.0,22,7238.0,бРел
601,13:20:06,3.29,0.0,107,35203.0,бРел
602,13:20:09,3.29,0.0,3,987.0,бРел
603,13:20:36,3.28,-0.010000000000000231,7,2296.0,бТел
604,13:20:39,3.29,0.010000000000000231,9,2961.0,бРел
605,13:21:30,3.29,0.0,17,5593.0,бРел
606,13:22:00,3.29,0.0,1,329.0,бРел
607,13:23:03,3.29,0.0,26,8534.0,бРел
608,13:23:45,3.29,0.0,8,2632.0,бРел
609,13:23:54,3.29,0.0,10,3290.0,бРел
610,13:24:03,3.28,-0.010000000000000231,160,52480.0,бТел
611,13:24:21,3.29,0.010000000000000231,60,19740.0,бРел
612,13:24:51,3.29,0.0,1,329.0,бРел
613,13:25:24,3.29,0.0,92,30268.0,бРел
614,13:25:27,3.29,0.0,10,3290.0,бРел
615,13:25:51,3.28,-0.010000000000000231,21,6888.0,бТел
616,13:26:03,3.29,0.010000000000000231,6,1974.0,бРел
617,13:26:39,3.28,-0.010000000000000231,20,6560.0,бТел
618,13:26:51,3.29,0.010000000000000231,9,2961.0,бРел
619,13:27:18,3.29,0.0,15,4935.0,бРел
620,13:27:36,3.29,0.0,1,329.0,бРел
621,13:28:03,3.29,0.0,17,5593.0,бРел
622,13:28:06,3.29,0.0,10,3290.0,бРел
623,13:28:30,3.28,-0.010000000000000231,19,6232.0,бТел
624,13:28:45,3.28,0.0,7,2296.0,бТел
625,13:29:24,3.29,0.010000000000000231,1,329.0,бРел
626,13:29:36,3.29,0.0,123,40467.0,бРел
627,13:29:57,3.29,0.0,8,2632.0,бРел
628,13:30:03,3.29,0.0,6,1974.0,бРел
629,13:30:18,3.29,0.0,6,1974.0,бРел
630,13:30:27,3.29,0.0,1,329.0,бРел
631,13:30:33,3.29,0.0,6,1974.0,бРел
632,13:30:51,3.29,0.0,6,1974.0,бРел
633,13:30:57,3.28,-0.010000000000000231,8,2624.0,бТел
634,13:31:06,3.29,0.010000000000000231,8,2632.0,бРел
635,13:31:12,3.28,-0.010000000000000231,882,289296.0,бТел
636,13:31:15,3.28,0.0,60,19680.0,бРел
637,13:31:27,3.28,0.0,94,30832.0,бРел
638,13:31:39,3.28,0.0,100,32800.0,бРел
639,13:32:33,3.29,0.010000000000000231,6,1974.0,бРел
640,13:32:48,3.29,0.0,5,1645.0,бРел
641,13:32:54,3.29,0.0,5,1645.0,бРел
642,13:32:57,3.28,-0.010000000000000231,1,328.0,бТел
643,13:33:00,3.28,0.0,1,328.0,бТел
644,13:33:03,3.29,0.010000000000000231,10,3289.0,бРел
645,13:33:09,3.28,-0.010000000000000231,3,984.0,бТел
646,13:33:12,3.28,0.0,1,328.0,бТел
647,13:33:18,3.29,0.010000000000000231,1,329.0,бРел
648,13:33:21,3.29,0.0,2,658.0,бРел
649,13:33:27,3.28,-0.010000000000000231,22,7216.0,бТел
650,13:34:06,3.29,0.010000000000000231,5,1645.0,бРел
651,13:34:09,3.29,0.0,17,5593.0,бРел
652,13:34:18,3.29,0.0,1,329.0,бРел
653,13:35:24,3.28,-0.010000000000000231,17,5576.0,бТел
654,13:35:51,3.29,0.010000000000000231,1,329.0,бРел
655,13:36:09,3.29,0.0,8,2632.0,бРел
656,13:37:06,3.29,0.0,6,1974.0,бРел
657,13:37:09,3.28,-0.010000000000000231,17,5576.0,бТел
658,13:38:24,3.29,0.010000000000000231,1,329.0,бРел
659,13:38:27,3.29,0.0,5,1645.0,бРел
660,13:38:30,3.28,-0.010000000000000231,12,3936.0,бТел
661,13:38:45,3.29,0.010000000000000231,45,14805.0,бРел
662,13:38:48,3.28,-0.010000000000000231,18,5904.0,бТел
663,13:39:00,3.29,0.010000000000000231,6,1974.0,бРел
664,13:39:15,3.29,0.0,14,4606.0,бРел
665,13:39:33,3.29,0.0,6,1974.0,бРел
666,13:39:36,3.29,0.0,151,49679.0,бРел
667,13:39:42,3.29,0.0,1,329.0,бРел
668,13:39:48,3.29,0.0,8,2632.0,бРел
669,13:39:51,3.29,0.0,125,41125.0,бРел
670,13:40:03,3.29,0.0,12,3948.0,бРел
671,13:40:09,3.29,0.0,10,3290.0,бРел
672,13:40:12,3.29,0.0,30,9870.0,бРел
673,13:40:18,3.29,0.0,1,329.0,бРел
674,13:40:21,3.29,0.0,15,4935.0,бРел
675,13:40:36,3.29,0.0,5,1645.0,бРел
676,13:40:51,3.29,0.0,5,1645.0,бРел
677,13:41:09,3.29,0.0,6,1974.0,бРел
678,13:41:24,3.29,0.0,6,1974.0,бРел
679,13:41:39,3.29,0.0,6,1974.0,бРел
680,13:41:48,3.29,0.0,1,329.0,бРел
681,13:41:57,3.29,0.0,5,1645.0,бРел
682,13:42:15,3.29,0.0,6,1974.0,бРел
683,13:42:24,3.29,0.0,8,2632.0,бРел
684,13:42:30,3.29,0.0,6,1974.0,бРел
685,13:42:48,3.29,0.0,8,2632.0,бРел
686,13:42:54,3.29,0.0,30,9870.0,бРел
687,13:43:00,3.28,-0.010000000000000231,44,14756.72000000067,бТел
688,13:43:03,3.29,0.010000000000000231,7,2303.0,бРел
689,13:43:18,3.29,0.0,7,2303.0,бРел
690,13:43:21,3.29,0.0,10,3290.0,бРел
691,13:43:30,3.29,0.0,16,5264.0,бРел
692,13:43:36,3.29,0.0,4,1316.0,бРел
693,13:43:39,3.28,-0.010000000000000231,10,3280.0,бТел
694,13:43:54,3.29,0.010000000000000231,5,1645.0,бРел
695,13:44:00,3.29,0.0,1,329.0,бРел
696,13:44:03,3.29,0.0,4,1316.0,бРел
697,13:44:06,3.29,0.0,11,3619.0,бРел
698,13:44:24,3.29,0.0,7,2303.0,бРел
699,13:44:39,3.29,0.0,5,1645.0,бРел
700,13:44:54,3.29,0.0,5,1645.0,бРел
701,13:45:06,3.29,0.0,3,987.0,бРел
702,13:45:12,3.29,0.0,7,2303.0,бРел
703,13:45:21,3.28,-0.010000000000000231,6,1968.0,бТел
704,13:45:24,3.29,0.010000000000000231,52,17108.0,бРел
705,13:45:27,3.29,0.0,7,2303.0,бРел
706,13:45:30,3.29,0.0,9,2961.0,бРел
707,13:45:36,3.29,0.0,300,98700.0,бРел
708,13:45:39,3.29,0.0,1,329.0,бРел
709,13:45:42,3.29,0.0,7,2303.0,бРел
710,13:46:00,3.29,0.0,5,1645.0,бРел
711,13:46:15,3.29,0.0,5,1645.0,бРел
712,13:46:21,3.29,0.0,47,15463.0,бРел
713,13:46:30,3.29,0.0,5,1645.0,бРел
714,13:46:36,3.29,0.0,12,3948.0,бРел
715,13:46:51,3.29,0.0,7,2303.0,бРел
716,13:46:57,3.29,0.0,1,329.0,бРел
717,13:47:03,3.29,0.0,16,5264.0,бРел
718,13:47:18,3.29,0.0,6,1974.0,бРел
719,13:47:36,3.29,0.0,7,2303.0,бРел
720,13:47:51,3.29,0.0,7,2303.0,бРел
721,13:47:54,3.29,0.0,50,16450.0,бРел
722,13:48:03,3.29,0.0,30,9870.0,бРел
723,13:48:06,3.29,0.0,4,1316.0,бРел
724,13:48:24,3.29,0.0,6,1974.0,бРел
725,13:48:39,3.29,0.0,5,1645.0,бРел
726,13:48:54,3.29,0.0,5,1645.0,бРел
727,13:49:18,3.29,0.0,8,2632.0,бРел
728,13:49:33,3.29,0.0,7,2303.0,бРел
729,13:49:36,3.29,0.0,163,53627.0,бРел
730,13:49:39,3.29,0.0,57,18753.0,бРел
731,13:49:42,3.29,0.0,8,2632.0,бРел
732,13:49:48,3.29,0.0,1,329.0,бРел
733,13:49:51,3.29,0.0,5,1645.0,бРел
734,13:49:54,3.29,0.0,133,43757.0,бРел
735,13:49:57,3.29,0.0,21,6909.0,бРел
736,13:50:00,3.29,0.0,2,658.0,бРел
737,13:50:06,3.29,0.0,6,1974.0,бРел
738,13:50:09,3.29,0.0,9,2961.0,бРел
739,13:50:12,3.29,0.0,2,658.0,бРел
740,13:50:21,3.29,0.0,7,2303.0,бРел
741,13:50:42,3.29,0.0,7,2303.0,бРел
742,13:50:51,3.29,0.0,1,329.0,бРел
743,13:50:54,3.29,0.0,8,2632.0,бРел
744,13:51:03,3.28,-0.010000000000000231,21,6889.0,бТел
745,13:51:12,3.28,0.0,10,3280.0,бТел
746,13:51:15,3.29,0.010000000000000231,6,1974.0,бРел
747,13:52:12,3.29,0.0,5,1645.0,бРел
748,13:52:21,3.29,0.0,13,4277.0,бРел
749,13:52:27,3.28,-0.010000000000000231,6,1973.0,бТел
750,13:52:39,3.28,0.0,5,1640.0,бТел
751,13:52:42,3.29,0.010000000000000231,108,35532.0,бРел
752,13:52:45,3.29,0.0,20,6580.0,бРел
753,13:52:48,3.29,0.0,2,658.0,бРел
754,13:52:51,3.29,0.0,17,5593.0,бРел
755,13:52:54,3.29,0.0,5,1645.0,бРел
756,13:52:57,3.29,0.0,1,329.0,бРел
757,13:53:00,3.29,0.0,5,1645.0,бРел
758,13:53:03,3.29,0.0,1,329.0,бРел
759,13:53:15,3.29,0.0,197,64813.0,бРел
760,13:53:18,3.29,0.0,40,13160.0,бРел
761,13:53:21,3.29,0.0,5,1645.0,бРел
762,13:53:30,3.29,0.0,7,2303.0,бРел
763,13:53:48,3.29,0.0,5,1645.0,бРел
764,13:53:51,3.29,0.0,2,658.0,бРел
765,13:54:36,3.29,0.0,17,5593.0,бРел
766,13:54:48,3.29,0.0,14,4606.0,бРел
767,13:54:51,3.29,0.0,5,1645.0,бРел
768,13:55:06,3.29,0.0,19,6251.0,бРел
769,13:55:21,3.29,0.0,7,2303.0,бРел
770,13:55:24,3.29,0.0,3,987.0,бРел
771,13:55:27,3.29,0.0,55,18095.0,бРел
772,13:55:33,3.29,0.0,9,2961.0,бРел
773,13:55:36,3.29,0.0,2,658.0,бРел
774,13:55:39,3.29,0.0,7,2303.0,бРел
775,13:55:54,3.29,0.0,7,2303.0,бРел
776,13:56:09,3.29,0.0,5,1645.0,бРел
777,13:56:27,3.29,0.0,5,1645.0,бРел
778,13:56:33,3.29,0.0,39,12831.0,бРел
779,13:56:42,3.29,0.0,102,33558.0,бРел
780,13:56:45,3.29,0.0,16,5264.0,бРел
781,13:56:48,3.29,0.0,2,658.0,бРел
782,13:56:54,3.29,0.0,195,64155.0,бРел
783,13:56:57,3.29,0.0,131,43099.0,бРел
784,13:57:00,3.29,0.0,20,6580.0,бРел
785,13:57:06,3.29,0.0,2,658.0,бРел
786,13:57:09,3.29,0.0,149,49021.0,бРел
787,13:57:12,3.29,0.0,8,2632.0,бРел
788,13:57:15,3.29,0.0,69,22701.0,бРел
789,13:57:21,3.29,0.0,4,1316.0,бРел
790,13:57:24,3.29,0.0,10,3290.0,бРел
791,13:57:30,3.29,0.0,4,1316.0,бРел
792,13:57:33,3.29,0.0,534,175686.0,бРел
793,13:57:36,3.3,0.009999999999999787,82,27060.0,бРел
794,13:57:39,3.3,0.0,114,37620.0,бРел
795,13:57:42,3.3,0.0,38,12540.0,бРел
796,13:57:45,3.3,0.0,21,6930.0,бРел
797,13:57:48,3.3,0.0,1,330.0,бРел
798,13:57:51,3.3,0.0,2,660.0,бРел
799,13:58:48,3.29,-0.009999999999999787,20,6580.0,бТел
800,13:59:09,3.3,0.009999999999999787,1,330.0,бРел
801,13:59:18,3.3,0.0,1,330.0,бРел
802,13:59:24,3.29,-0.009999999999999787,17,5593.0,бТел
803,13:59:30,3.29,0.0,10,3290.0,бТел
804,13:59:33,3.3,0.009999999999999787,163,53790.0,бРел
805,13:59:36,3.3,0.0,134,44220.0,бРел
806,13:59:39,3.3,0.0,132,43560.0,бРел
807,13:59:48,3.29,-0.009999999999999787,10,3290.0,бТел
808,13:59:51,3.3,0.009999999999999787,124,40920.0,бРел
809,14:00:33,3.3,0.0,1,330.0,бРел
810,14:01:36,3.29,-0.009999999999999787,100,32900.0,бТел
811,14:01:57,3.29,0.0,2,658.0,бТел
812,14:02:00,3.3,0.009999999999999787,43,14190.0,бРел
813,14:02:06,3.29,-0.009999999999999787,12,3948.0,бТел
814,14:02:12,3.29,0.0,900,296100.0,бТел
815,14:02:48,3.29,0.0,72,23688.0,бТел
816,14:02:54,3.29,0.0,5,1645.0,бТел
817,14:03:09,3.29,0.0,460,151340.0,бТел
818,14:03:12,3.29,0.0,18,5922.0,бРел
819,14:03:15,3.29,0.0,11,3619.0,бРел
820,14:03:18,3.29,0.0,9,2961.0,бРел
821,14:03:24,3.3,0.009999999999999787,204,67304.0,бРел
822,14:03:33,3.29,-0.009999999999999787,28,9212.0,бТел
823,14:03:36,3.29,0.0,2,658.0,бРел
824,14:03:39,3.29,0.0,24,7896.0,бРел
825,14:03:42,3.29,0.0,13,4277.0,бРел
826,14:03:51,3.29,0.0,2,658.0,бРел
827,14:03:54,3.28,-0.010000000000000231,12,3936.0,бТел
828,14:04:51,3.29,0.010000000000000231,5,1645.0,бРел
829,14:05:18,3.29,0.0,9,2961.0,бРел
830,14:05:30,3.29,0.0,6,1974.0,бРел
831,14:05:48,3.29,0.0,6,1974.0,бРел
832,14:05:51,3.29,0.0,1,329.0,бРел
833,14:06:03,3.29,0.0,6,1974.0,бРел
834,14:06:18,3.29,0.0,6,1974.0,бРел
835,14:06:36,3.29,0.0,6,1974.0,бРел
836,14:06:51,3.29,0.0,6,1974.0,бРел
837,14:06:57,3.29,0.0,54,17766.0,бРел
838,14:07:06,3.29,0.0,6,1974.0,бРел
839,14:07:24,3.29,0.0,8,2632.0,бРел
840,14:07:39,3.29,0.0,111,36519.0,бРел
841,14:07:51,3.29,0.0,5,1645.0,бРел
842,14:07:54,3.29,0.0,5,1645.0,бРел
843,14:08:03,3.29,0.0,106,34874.0,бРел
844,14:08:06,3.29,0.0,19,6251.0,бРел
845,14:08:12,3.29,0.0,6,1974.0,бРел
846,14:08:15,3.29,0.0,6,1974.0,бРел
847,14:08:27,3.29,0.0,6,1974.0,бРел
848,14:08:30,3.29,0.0,1,329.0,бРел
849,14:08:36,3.29,0.0,100,32900.0,бРел
850,14:08:42,3.29,0.0,6,1974.0,бРел
851,14:08:57,3.29,0.0,10,3290.0,бРел
852,14:09:00,3.29,0.0,5,1645.0,бРел
853,14:09:15,3.29,0.0,6,1974.0,бРел
854,14:09:30,3.29,0.0,8,2632.0,бРел
855,14:09:33,3.29,0.0,95,31255.0,бРел
856,14:09:39,3.29,0.0,40,13160.0,бРел
857,14:09:48,3.29,0.0,5,1645.0,бРел
858,14:10:00,3.29,0.0,79,25991.0,бРел
859,14:10:03,3.29,0.0,5,1645.0,бРел
860,14:10:06,3.29,0.0,15,4935.0,бРел
861,14:10:18,3.29,0.0,6,1974.0,бРел
862,14:10:36,3.29,0.0,5,1645.0,бРел
863,14:10:51,3.29,0.0,6,1974.0,бРел
864,14:11:09,3.29,0.0,8,2632.0,бРел
865,14:11:15,3.28,-0.010000000000000231,1,328.0,бТел
866,14:11:24,3.29,0.010000000000000231,5,1645.0,бРел
867,14:11:27,3.29,0.0,1,329.0,бРел
868,14:11:30,3.29,0.0,196,64484.0,бРел
869,14:11:39,3.28,-0.010000000000000231,435,142687.0,бТел
870,14:12:15,3.29,0.010000000000000231,151,49679.0,бРел
871,14:12:18,3.29,0.0,1,329.0,бРел
872,14:12:30,3.29,0.0,12,3948.0,бРел
873,14:14:18,3.29,0.0,1,329.0,бРел
874,14:15:00,3.29,0.0,5,1645.0,бРел
875,14:15:03,3.29,0.0,1,329.0,бРел
876,14:15:15,3.29,0.0,5,1645.0,бРел
877,14:15:18,3.28,-0.010000000000000231,18,5904.0,бТел
878,14:15:24,3.28,0.0,94,30832.0,бТел
879,14:15:30,3.29,0.010000000000000231,5,1645.0,бРел
880,14:15:36,3.29,0.0,36,11844.0,бРел
881,14:15:42,3.29,0.0,1,329.0,бРел
882,14:15:45,3.29,0.0,5,1645.0,бРел
883,14:15:48,3.29,0.0,1,329.0,бРел
884,14:16:03,3.29,0.0,5,1645.0,бРел
885,14:16:18,3.29,0.0,5,1645.0,бРел
886,14:16:24,3.28,-0.010000000000000231,1,328.0,бТел
887,14:16:36,3.29,0.010000000000000231,6,1974.0,бРел
888,14:16:51,3.29,0.0,7,2303.0,бРел
889,14:17:06,3.29,0.0,7,2303.0,бРел
890,14:17:12,3.29,0.0,1,329.0,бРел
891,14:17:21,3.28,-0.010000000000000231,16,5248.0,бТел
892,14:17:24,3.29,0.010000000000000231,7,2303.0,бРел
893,14:17:39,3.29,0.0,5,1645.0,бРел
894,14:17:54,3.29,0.0,5,1645.0,бРел
895,14:18:12,3.29,0.0,5,1645.0,бРел
896,14:18:27,3.29,0.0,5,1645.0,бРел
897,14:18:42,3.29,0.0,6,1974.0,бРел
898,14:19:00,3.29,0.0,6,1974.0,бРел
899,14:19:12,3.28,-0.010000000000000231,20,6560.0,бТел
900,14:19:15,3.29,0.010000000000000231,9,2961.0,бРел
901,14:19:24,3.29,0.0,1,329.0,бРел
902,14:19:30,3.29,0.0,6,1974.0,бРел
903,14:19:33,3.29,0.0,124,40796.0,бРел
904,14:19:39,3.29,0.0,102,33558.0,бРел
905,14:19:42,3.29,0.0,92,30268.0,бРел
906,14:19:48,3.29,0.0,29,9541.0,бРел
907,14:19:51,3.29,0.0,1,329.0,бРел
908,14:19:57,3.29,0.0,64,20993.0,бРел
909,14:20:00,3.29,0.0,112,36848.0,бРел
910,14:20:06,3.29,0.0,6,1974.0,бРел
911,14:20:09,3.28,-0.010000000000000231,48,15791.0,бТел
912,14:20:12,3.29,0.010000000000000231,9,2961.0,бРел
913,14:20:15,3.29,0.0,1,329.0,бРел
914,14:20:18,3.29,0.0,1,329.0,бРел
915,14:20:21,3.29,0.0,7,2303.0,бРел
916,14:20:30,3.29,0.0,1,329.0,бРел
917,14:20:39,3.29,0.0,7,2303.0,бРел
918,14:20:45,3.29,0.0,1,329.0,бРел
919,14:20:48,3.29,0.0,1,329.0,бРел
920,14:20:57,3.29,0.0,6,1974.0,бРел
921,14:21:09,3.29,0.0,4,1316.0,бРел
922,14:21:27,3.29,0.0,5,1645.0,бРел
923,14:21:42,3.29,0.0,5,1645.0,бРел
924,14:21:48,3.29,0.0,1,329.0,бРел
925,14:21:57,3.29,0.0,5,1645.0,бРел
926,14:22:15,3.29,0.0,6,1974.0,бРел
927,14:22:30,3.29,0.0,5,1645.0,бРел
928,14:22:45,3.29,0.0,7,2303.0,бРел
929,14:22:48,3.29,0.0,2,658.0,бРел
930,14:23:18,3.29,0.0,10,3290.0,бРел
931,14:23:33,3.29,0.0,5,1645.0,бРел
932,14:23:54,3.29,0.0,5,1645.0,бРел
933,14:24:03,3.29,0.0,101,33229.0,бРел
934,14:24:06,3.29,0.0,8,2632.0,бРел
935,14:24:09,3.29,0.0,1,329.0,бРел
936,14:24:18,3.29,0.0,1,329.0,бРел
937,14:24:21,3.29,0.0,6,1974.0,бРел
938,14:24:27,3.28,-0.010000000000000231,20,6560.0,бТел
939,14:24:39,3.29,0.010000000000000231,5,1645.0,бРел
940,14:24:54,3.29,0.0,5,1645.0,бРел
941,14:25:15,3.29,0.0,8,2632.0,бРел
942,14:25:21,3.29,0.0,1,329.0,бРел
943,14:25:24,3.28,-0.010000000000000231,2,656.0,бТел
944,14:25:27,3.29,0.010000000000000231,1,329.0,бРел
945,14:25:30,3.29,0.0,8,2630.0,бРел
946,14:25:51,3.29,0.0,22,7238.0,бРел
947,14:26:00,3.28,-0.010000000000000231,4,1312.0,бТел
948,14:26:03,3.29,0.010000000000000231,10,3290.0,бРел
949,14:26:06,3.29,0.0,8,2632.0,бРел
950,14:26:21,3.29,0.0,7,2303.0,бРел
951,14:26:39,3.29,0.0,5,1645.0,бРел
952,14:26:42,3.28,-0.010000000000000231,20,6560.0,бТел
953,14:26:54,3.29,0.010000000000000231,5,1645.0,бРел
954,14:27:12,3.29,0.0,8,2632.0,бРел
955,14:27:18,3.29,0.0,1,329.0,бРел
956,14:27:21,3.28,-0.010000000000000231,46,15104.0,бТел
957,14:27:27,3.29,0.010000000000000231,5,1645.0,бРел
958,14:27:48,3.29,0.0,5,1645.0,бРел
959,14:28:00,3.29,0.0,5,1645.0,бРел
960,14:28:03,3.29,0.0,1,329.0,бРел
961,14:28:15,3.29,0.0,6,1974.0,бРел
962,14:28:33,3.29,0.0,6,1974.0,бРел
963,14:28:48,3.29,0.0,6,1974.0,бРел
964,14:29:18,3.29,0.0,1,329.0,бРел
965,14:29:21,3.29,0.0,12,3948.0,бРел
966,14:29:30,3.28,-0.010000000000000231,17,5576.0,бТел
967,14:29:33,3.29,0.010000000000000231,117,38493.0,бРел
968,14:29:36,3.29,0.0,101,33229.0,бРел
969,14:29:39,3.29,0.0,96,31584.0,бРел
970,14:29:45,3.29,0.0,1,329.0,бРел
971,14:29:51,3.29,0.0,92,30268.0,бРел
972,14:29:54,3.29,0.0,8,2632.0,бРел
973,14:30:06,3.29,0.0,23,7567.0,бРел
974,14:30:09,3.29,0.0,36,11844.0,бРел
975,14:30:15,3.29,0.0,40,13160.0,бРел
976,14:30:18,3.29,0.0,58,19082.0,бРел
977,14:30:24,3.29,0.0,5,1645.0,бРел
978,14:30:27,3.29,0.0,160,52640.0,бРел
979,14:30:30,3.29,0.0,1,329.0,бРел
980,14:30:42,3.29,0.0,5,1645.0,бРел
981,14:30:48,3.29,0.0,1,329.0,бРел
982,14:30:54,3.29,0.0,20,6580.0,бРел
983,14:30:57,3.29,0.0,6,1974.0,бРел
984,14:31:06,3.29,0.0,17,5593.0,бРел
985,14:31:12,3.29,0.0,8,2632.0,бРел
986,14:31:18,3.29,0.0,2,658.0,бРел
987,14:31:21,3.29,0.0,1,329.0,бРел
988,14:31:30,3.29,0.0,5,1645.0,бРел
989,14:31:45,3.29,0.0,25,8207.0,бРел
990,14:31:48,3.29,0.0,1,329.0,бРел
991,14:31:54,3.29,0.0,18,5922.0,бРел
992,14:31:57,3.29,0.0,9,2961.0,бРел
993,14:32:00,3.29,0.0,7,2303.0,бРел
994,14:32:18,3.29,0.0,27,8883.0,бРел
995,14:32:33,3.29,0.0,5,1645.0,бРел
996,14:32:42,3.29,0.0,28,9212.0,бРел
997,14:32:48,3.29,0.0,5,1645.0,бРел
998,14:32:57,3.29,0.0,10,3290.0,бРел
999,14:33:06,3.28,-0.010000000000000231,73,23944.0,бТел
1000,14:33:09,3.29,0.010000000000000231,8,2632.0,бРел
1001,14:33:15,3.29,0.0,18,5922.0,бРел
1002,14:33:24,3.29,0.0,5,1645.0,бРел
1003,14:33:27,3.29,0.0,10,3290.0,бРел
1004,14:33:45,3.29,0.0,12,3948.0,бРел
1005,14:33:48,3.29,0.0,1,329.0,бРел
1006,14:33:57,3.29,0.0,27,8883.0,бРел
1007,14:34:09,3.29,0.0,13,4277.0,бРел
1008,14:34:12,3.29,0.0,5,1645.0,бРел
1009,14:34:30,3.28,-0.010000000000000231,32,10501.0,бТел
1010,14:34:45,3.29,0.010000000000000231,6,1974.0,бРел
1011,14:34:57,3.29,0.0,11,3619.0,бРел
1012,14:35:00,3.29,0.0,5,1645.0,бРел
1013,14:35:03,3.29,0.0,1,329.0,бРел
1014,14:35:18,3.29,0.0,7,2303.0,бРел
1015,14:35:33,3.29,0.0,7,2303.0,бРел
1016,14:35:45,3.29,0.0,6,1974.0,бРел
1017,14:35:48,3.29,0.0,5,1645.0,бРел
1018,14:36:12,3.29,0.0,1,329.0,бРел
1019,14:36:15,3.29,0.0,8,2632.0,бРел
1020,14:36:27,3.29,0.0,9,2961.0,бРел
1021,14:36:30,3.29,0.0,5,1645.0,бРел
1022,14:36:48,3.29,0.0,7,2303.0,бРел
1023,14:36:51,3.28,-0.010000000000000231,30,9840.0,бТел
1024,14:36:54,3.29,0.010000000000000231,10,3290.0,бРел
1025,14:36:57,3.28,-0.010000000000000231,60,19680.0,бТел
1026,14:37:06,3.29,0.010000000000000231,8,2632.0,бРел
1027,14:37:15,3.28,-0.010000000000000231,20,6560.0,бТел
1028,14:37:18,3.29,0.010000000000000231,2,658.0,бРел
1029,14:37:21,3.29,0.0,5,1645.0,бРел
1030,14:37:36,3.28,-0.010000000000000231,31,10168.0,бТел
1031,14:37:39,3.29,0.010000000000000231,5,1645.0,бРел
1032,14:37:45,3.29,0.0,6,1974.0,бРел
1033,14:37:48,3.29,0.0,1,329.0,бРел
1034,14:37:54,3.28,-0.010000000000000231,7,2301.0,бТел
1035,14:37:57,3.29,0.010000000000000231,10,3290.0,бРел
1036,14:38:00,3.28,-0.010000000000000231,6,1968.0,бТел
1037,14:38:03,3.29,0.010000000000000231,1,329.0,бРел
1038,14:38:09,3.29,0.0,25,8206.0,бРел
1039,14:38:27,3.29,0.0,6,1974.0,бРел
1040,14:38:42,3.29,0.0,7,2303.0,бРел
1041,14:38:51,3.29,0.0,1,329.0,бРел
1042,14:38:57,3.29,0.0,7,2303.0,бРел
1043,14:39:00,3.28,-0.010000000000000231,44,14432.0,бТел
1044,14:39:18,3.29,0.010000000000000231,1,329.0,бРел
1045,14:39:27,3.29,0.0,9,2961.0,бРел
1046,14:39:36,3.29,0.0,226,74354.0,бРел
1047,14:39:45,3.28,-0.010000000000000231,730,239446.0,бТел
1048,14:39:48,3.29,0.010000000000000231,364,119756.0,бРел
1049,14:39:51,3.29,0.0,144,47376.0,бРел
1050,14:40:03,3.29,0.0,30,9857.0,бРел
1051,14:40:39,3.28,-0.010000000000000231,10,3280.0,бТел
1052,14:40:48,3.29,0.010000000000000231,1,329.0,бРел
1053,14:40:57,3.29,0.0,10,3290.0,бРел
1054,14:41:15,3.29,0.0,7,2303.0,бРел
1055,14:41:21,3.28,-0.010000000000000231,100,32800.0,бТел
1056,14:41:33,3.29,0.010000000000000231,33,10857.0,бРел
1057,14:41:45,3.29,0.0,6,1974.0,бРел
1058,14:41:48,3.29,0.0,6,1974.0,бРел
1059,14:41:57,3.29,0.0,4,1316.0,бРел
1060,14:42:00,3.29,0.0,1,329.0,бРел
1061,14:42:06,3.29,0.0,7,2303.0,бРел
1062,14:42:18,3.29,0.0,2,658.0,бРел
1063,14:42:21,3.29,0.0,5,1645.0,бРел
1064,14:42:30,3.29,0.0,9,2961.0,бРел
1065,14:42:39,3.29,0.0,57,18753.0,бРел
1066,14:42:48,3.28,-0.010000000000000231,4,1312.0,бТел
1067,14:42:54,3.29,0.010000000000000231,5,1645.0,бРел
1068,14:42:57,3.28,-0.010000000000000231,23,7544.0,бТел
1069,14:43:12,3.29,0.010000000000000231,12,3948.0,бРел
1070,14:43:45,3.29,0.0,6,1974.0,бРел
1071,14:43:57,3.29,0.0,10,3290.0,бРел
1072,14:44:00,3.29,0.0,2,658.0,бРел
1073,14:44:03,3.29,0.0,1,329.0,бРел
1074,14:44:15,3.29,0.0,6,1974.0,бРел
1075,14:44:18,3.29,0.0,1,329.0,бРел
1076,14:44:27,3.28,-0.010000000000000231,20,6560.0,бТел
1077,14:44:30,3.29,0.010000000000000231,1,329.0,бРел
1078,14:44:45,3.29,0.0,9,2961.0,бРел
1079,14:44:48,3.28,-0.010000000000000231,316,103648.0,бТел
1080,14:45:18,3.28,0.0,25,8200.0,бТел
1081,14:45:27,3.29,0.010000000000000231,9,2961.0,бРел
1082,14:45:33,3.28,-0.010000000000000231,303,99384.0,бТел
1083,14:45:36,3.28,0.0,51,16728.0,бТел
1084,14:45:39,3.28,0.0,706,231568.0,бТел
1085,14:45:42,3.28,0.0,423,138744.0,бТел
1086,14:45:45,3.27,-0.009999999999999787,103,33764.0,бТел
1087,14:45:48,3.28,0.009999999999999787,1,328.0,бРел
1088,14:46:03,3.28,0.0,15,4920.0,бРел
1089,14:46:06,3.28,0.0,38,12464.0,бРел
1090,14:46:21,3.28,0.0,28,9184.0,бРел
1091,14:46:48,3.28,0.0,36,11808.0,бРел
1092,14:46:51,3.28,0.0,33,10824.0,бРел
1093,14:46:54,3.28,0.0,42,13776.0,бРел
1094,14:46:57,3.28,0.0,5,1640.0,бРел
1095,14:47:15,3.29,0.010000000000000231,1,329.0,бРел
1096,14:47:24,3.29,0.0,10,3290.0,бРел
1097,14:47:30,3.27,-0.020000000000000018,180,58909.0,бТел
1098,14:47:45,3.29,0.020000000000000018,11,3619.0,бРел
1099,14:47:51,3.28,-0.010000000000000231,58,19024.0,бТел
1100,14:48:30,3.29,0.010000000000000231,9,2961.0,бРел
1101,14:49:03,3.29,0.0,1,329.0,бРел
1102,14:49:06,3.28,-0.010000000000000231,1,328.0,бТел
1103,14:49:15,3.28,0.0,29,9512.0,бТел
1104,14:49:42,3.29,0.010000000000000231,72,23688.0,бРел
1105,14:49:45,3.29,0.0,64,21056.0,бРел
1106,14:49:48,3.28,-0.010000000000000231,62,20396.0,бТел
1107,14:49:51,3.28,0.0,81,26648.0,бТел
1108,14:50:00,3.29,0.010000000000000231,10,3290.0,бРел
1109,14:50:03,3.29,0.0,82,26978.0,бРел
1110,14:50:09,3.28,-0.010000000000000231,14,4592.0,бТел
1111,14:50:45,3.28,0.0,183,60024.0,бТел
1112,14:50:48,3.28,0.0,117,38376.0,бРел
1113,14:50:51,3.28,0.0,182,59696.0,бРел
1114,14:51:24,3.28,0.0,41,13448.0,бТел
1115,14:51:30,3.28,0.0,28,9194.0,бТел
1116,14:51:45,3.29,0.010000000000000231,6,1974.0,бРел
1117,14:51:54,3.28,-0.010000000000000231,6,1968.0,бТел
1118,14:52:00,3.28,0.0,8,2624.0,бТел
1119,14:52:18,3.29,0.010000000000000231,3,987.0,бРел
1120,14:52:27,3.29,0.0,200,65800.0,бРел
1121,14:52:30,3.28,-0.010000000000000231,9,2952.0,бТел
1122,14:52:42,3.29,0.010000000000000231,1,329.0,бРел
1123,14:52:51,3.29,0.0,1,329.0,бРел
1124,14:53:00,3.28,-0.010000000000000231,16,5258.0,бТел
1125,14:53:03,3.29,0.010000000000000231,1,329.0,бРел
1126,14:53:30,3.28,-0.010000000000000231,7,2296.0,бТел
1127,14:53:45,3.29,0.010000000000000231,7,2303.0,бРел
1128,14:53:48,3.28,-0.010000000000000231,32,10496.0,бТел
1129,14:54:00,3.28,0.0,7,2296.0,бТел
1130,14:54:27,3.28,0.0,400,131200.0,бТел
1131,14:54:30,3.28,0.0,9,2952.0,бТел
1132,14:55:00,3.28,0.0,7,2296.0,бТел
1133,14:55:03,3.29,0.010000000000000231,82,26978.0,бРел
1134,14:55:09,3.29,0.0,84,27636.0,бРел
1135,14:55:12,3.29,0.0,256,84224.0,бРел
1136,14:55:18,3.29,0.0,38,12502.0,бРел
1137,14:55:33,3.29,0.0,1,329.0,бРел
1138,14:55:42,3.29,0.0,4,1316.0,бРел
1139,14:55:54,3.29,0.0,5,1645.0,бРел
1140,14:56:00,3.28,-0.010000000000000231,8,2624.0,бТел
1141,14:56:09,3.29,0.010000000000000231,43,14128.0,бРел
1142,14:56:12,3.29,0.0,6,1974.0,бРел
1143,14:56:15,3.29,0.0,39,12812.0,бРел
1144,14:56:18,3.29,0.0,35,11515.0,бРел
1145,14:56:21,3.29,0.0,19,6251.0,бРел
1146,14:56:24,3.29,0.0,10,3290.0,бРел
1147,14:56:27,3.29,0.0,6,1974.0,бРел
1148,14:56:30,3.29,0.0,3,987.0,бРел
1149,14:56:33,3.29,0.0,3,987.0,бРел
1150,14:56:36,3.29,0.0,29,9541.0,бРел
1151,14:56:39,3.29,0.0,1,329.0,бРел
1152,14:56:42,3.29,0.0,17,5593.0,бРел
1153,14:56:45,3.29,0.0,1,329.0,бРел
1154,14:56:48,3.29,0.0,1,329.0,бРел
1155,14:56:51,3.29,0.0,1,329.0,бРел
1156,14:56:54,3.29,0.0,1,329.0,бРел
1157,14:56:57,3.29,0.0,1,329.0,бРел
1158,14:57:03,3.29,0.0,1,329.0,бРел
1159,15:00:06,3.28,-0.010000000000000231,515,168919.99999999814,бРел
