,Ёи╫╩й╠╪Д,Ёи╫╩╪ш,╪ш╦Я╠Д╤╞,Ёи╫╩а©ё╗йжё╘,Ёи╫╩╤Нё╗т╙ё╘,птжй
0,09:25:06,18.4,-0.08999999999999986,22,40480.0,бРел
1,09:30:06,18.23,-0.16999999999999815,77,141553.0,бТел
2,09:30:09,18.39,0.16000000000000014,22,40437.0,бРел
3,09:30:15,18.34,-0.05000000000000071,1,1834.0,жпптел
4,09:30:18,18.3,-0.03999999999999915,2,3660.0,бТел
5,09:30:24,18.38,0.0799999999999983,5,9190.0,бРел
6,09:30:45,18.3,-0.0799999999999983,18,32940.0,бТел
7,09:30:51,18.34,0.03999999999999915,18,32960.0,жпптел
8,09:30:57,18.24,-0.10000000000000142,3,5472.0,бТел
9,09:31:09,18.38,0.14000000000000057,9,16526.0,бРел
10,09:31:12,18.38,0.0,3,5514.0,бТел
11,09:31:15,18.36,-0.019999999999999574,1,1836.0,бРел
12,09:31:18,18.36,0.0,1,1836.0,бРел
13,09:31:21,18.3,-0.05999999999999872,7,12822.0,бТел
14,09:31:30,18.3,0.0,1,1830.0,бРел
15,09:31:39,18.24,-0.060000000000002274,80,146410.0,бТел
16,09:31:42,18.25,0.010000000000001563,95,173375.0,бРел
17,09:31:48,18.25,0.0,2,3650.0,бРел
18,09:31:51,18.36,0.10999999999999943,52,95373.0,бРел
19,09:31:54,18.3,-0.05999999999999872,1,1830.0,жпптел
20,09:32:06,18.36,0.05999999999999872,1,1836.0,бРел
21,09:32:12,18.3,-0.05999999999999872,4,7320.0,бТел
22,09:32:15,18.3,0.0,1,1830.0,бРел
23,09:32:24,18.3,0.0,2,3660.0,бРел
24,09:32:27,18.3,0.0,6,10980.0,бРел
25,09:33:06,18.32,0.019999999999999574,5,9160.0,бРел
26,09:33:09,18.32,0.0,2,3664.0,бТел
27,09:33:24,18.33,0.00999999999999801,11,20163.0,бРел
28,09:33:30,18.33,0.0,1,1833.0,бТел
29,09:33:36,18.33,0.0,11,20169.0,бТел
30,09:33:39,18.36,0.030000000000001137,3,5508.0,жпптел
31,09:33:54,18.36,0.0,1,1836.0,бРел
32,09:34:00,18.33,-0.030000000000001137,1,1833.0,бТел
33,09:34:06,18.36,0.030000000000001137,1,1836.0,бРел
34,09:34:09,18.33,-0.030000000000001137,9,16497.0,бТел
35,09:34:15,18.33,0.0,51,93463.0,бТел
36,09:34:18,18.3,-0.029999999999997584,78,142774.0,бТел
37,09:34:21,18.3,0.0,42,76860.0,бТел
38,09:34:24,18.25,-0.05000000000000071,62,113430.0,бТел
39,09:34:27,18.24,-0.010000000000001563,5,9120.0,бТел
40,09:34:36,18.29,0.05000000000000071,1,1829.0,бРел
41,09:34:45,18.29,0.0,2,3658.0,бРел
42,09:34:54,18.27,-0.019999999999999574,4,7308.0,бТел
43,09:35:09,18.27,0.0,13,23751.0,бТел
44,09:35:12,18.25,-0.019999999999999574,10,18250.0,бТел
45,09:35:27,18.27,0.019999999999999574,1,1827.0,бРел
46,09:35:36,18.29,0.019999999999999574,1,1829.0,бРел
47,09:35:42,18.29,0.0,2,3658.0,бРел
48,09:35:45,18.29,0.0,5,9145.0,бТел
49,09:35:54,18.27,-0.019999999999999574,3,5481.0,бТел
50,09:36:06,18.31,0.03999999999999915,1,1831.0,бРел
51,09:36:12,18.27,-0.03999999999999915,1,1827.0,бТел
52,09:36:27,18.3,0.030000000000001137,1,1830.0,бРел
53,09:36:30,18.31,0.00999999999999801,1,1831.0,бРел
54,09:36:33,18.31,0.0,8,14648.0,бРел
55,09:36:36,18.28,-0.029999999999997584,5,9144.0,бТел
56,09:36:45,18.28,0.0,8,14624.0,бРел
57,09:37:00,18.31,0.029999999999997584,12,21972.0,бРел
58,09:37:06,18.28,-0.029999999999997584,1,1828.0,бТел
59,09:37:39,18.31,0.029999999999997584,1,1831.0,бРел
60,09:37:57,18.31,0.0,20,36620.0,бРел
61,09:38:09,18.31,0.0,31,56761.0,бРел
62,09:38:42,18.32,0.010000000000001563,1,1832.0,бРел
63,09:38:45,18.31,-0.010000000000001563,6,10986.0,бТел
64,09:38:51,18.32,0.010000000000001563,4,7328.0,бРел
65,09:38:54,18.32,0.0,6,10992.0,бТел
66,09:39:00,18.34,0.019999999999999574,31,56836.0,бРел
67,09:39:03,18.34,0.0,8,14672.0,бТел
68,09:39:09,18.33,-0.010000000000001563,1,1833.0,бРел
69,09:39:12,18.33,0.0,3,5499.0,бРел
70,09:39:15,18.33,0.0,2,3666.0,бТел
71,09:39:21,18.33,0.0,2,3666.0,бРел
72,09:39:24,18.33,0.0,4,7332.0,бТел
73,09:39:42,18.32,-0.00999999999999801,15,27492.0,бТел
74,09:39:45,18.32,0.0,2,3664.0,бТел
75,09:39:48,18.32,0.0,1,1832.0,бТел
76,09:39:54,18.3,-0.019999999999999574,2,3660.0,бТел
77,09:40:09,18.33,0.029999999999997584,1,1833.0,бРел
78,09:40:12,18.28,-0.04999999999999716,26,47528.0,бТел
79,09:40:21,18.3,0.019999999999999574,5,9150.0,бТел
80,09:40:24,18.34,0.03999999999999915,8,14672.0,бРел
81,09:40:27,18.34,0.0,1,1834.0,бРел
82,09:40:51,18.3,-0.03999999999999915,14,25620.0,бТел
83,09:41:03,18.33,0.029999999999997584,7,12831.0,бРел
84,09:41:06,18.34,0.010000000000001563,4,7336.0,бТел
85,09:41:09,18.33,-0.010000000000001563,2,3666.0,бРел
86,09:42:09,18.33,0.0,11,20163.0,бРел
87,09:42:12,18.33,0.0,10,18330.0,бРел
88,09:42:42,18.33,0.0,1,1833.0,бРел
89,09:42:45,18.3,-0.029999999999997584,36,65880.0,бТел
90,09:42:57,18.33,0.029999999999997584,2,3666.0,бРел
91,09:43:03,18.33,0.0,1,1833.0,бРел
92,09:43:09,18.33,0.0,20,36660.0,бРел
93,09:43:12,18.33,0.0,14,25662.0,бРел
94,09:43:39,18.33,0.0,2,3666.0,бРел
95,09:44:06,18.28,-0.04999999999999716,129,235854.0,бТел
96,09:44:42,18.3,0.019999999999999574,3,5492.0,бТел
97,09:44:48,18.3,0.0,1,1830.0,бТел
98,09:44:51,18.3,0.0,3,5490.0,бТел
99,09:45:09,18.3,0.0,1,1830.0,бТел
100,09:45:12,18.32,0.019999999999999574,8,14656.0,бРел
101,09:45:15,18.32,0.0,1,1832.0,бРел
102,09:45:18,18.32,0.0,1,1832.0,бРел
103,09:45:21,18.32,0.0,1,1832.0,бРел
104,09:45:42,18.32,0.0,1,1832.0,бРел
105,09:45:45,18.3,-0.019999999999999574,1,1830.0,бТел
106,09:46:06,18.3,0.0,3,5490.0,бРел
107,09:46:09,18.32,0.019999999999999574,1,1832.0,бРел
108,09:46:36,18.32,0.0,20,36630.0,бРел
109,09:46:42,18.33,0.00999999999999801,7,12825.0,бРел
110,09:47:00,18.31,-0.019999999999999574,10,18310.0,бТел
111,09:47:12,18.31,0.0,1,1831.0,бРел
112,09:47:39,18.31,0.0,3,5493.0,бРел
113,09:47:45,18.31,0.0,1,1831.0,бТел
114,09:48:12,18.32,0.010000000000001563,1,1832.0,бРел
115,09:48:45,18.32,0.0,1,1832.0,бРел
116,09:49:12,18.32,0.0,1,1832.0,бРел
117,09:49:36,18.3,-0.019999999999999574,28,51243.0,бТел
118,09:49:42,18.28,-0.019999999999999574,2,3656.0,бТел
119,09:49:54,18.28,0.0,2,3656.0,бРел
120,09:50:12,18.32,0.03999999999999915,8,14621.0,бРел
121,09:50:30,18.28,-0.03999999999999915,3,5484.0,бРел
122,09:50:42,18.32,0.03999999999999915,1,1832.0,бРел
123,09:50:54,18.32,0.0,1,1832.0,бРел
124,09:51:00,18.32,0.0,4,7328.0,бРел
125,09:51:15,18.32,0.0,1,1832.0,бРел
126,09:51:24,18.3,-0.019999999999999574,2,3660.0,бРел
127,09:51:30,18.36,0.05999999999999872,40,73331.0,бРел
128,09:51:36,18.36,0.0,5,9180.0,бТел
129,09:51:42,18.33,-0.030000000000001137,1,1833.0,жпптел
130,09:52:27,18.33,0.0,8,14664.0,бРел
131,09:52:42,18.33,0.0,1,1833.0,бРел
132,09:52:45,18.28,-0.04999999999999716,20,36560.0,бТел
133,09:53:06,18.28,0.0,2,3656.0,бТел
134,09:53:33,18.26,-0.019999999999999574,20,36533.0,бТел
135,09:53:42,18.27,0.00999999999999801,12,21926.0,бТел
136,09:53:51,18.27,0.0,1,1827.0,бТел
137,09:54:03,18.26,-0.00999999999999801,20,36528.0,бТел
138,09:54:24,18.26,0.0,1,1826.0,бТел
139,09:54:39,18.26,0.0,4,7304.0,бТел
140,09:54:42,18.25,-0.010000000000001563,10,18251.0,бТел
141,09:55:00,18.25,0.0,34,62050.0,бТел
142,09:55:03,18.25,0.0,4,7300.0,бТел
143,09:55:06,18.25,0.0,23,41975.0,бТел
144,09:55:12,18.25,0.0,7,12775.0,бТел
145,09:55:15,18.24,-0.010000000000001563,33,60175.0,бТел
146,09:55:21,18.2,-0.03999999999999915,14,25509.0,бТел
147,09:55:24,18.2,0.0,17,30940.0,бТел
148,09:55:27,18.2,0.0,8,14560.0,бТел
149,09:55:45,18.2,0.0,24,43680.0,бТел
150,09:55:48,18.15,-0.05000000000000071,1,1815.0,бТел
151,09:55:51,18.15,0.0,3,5445.0,бТел
152,09:55:54,18.15,0.0,4,7260.0,бТел
153,09:56:12,18.15,0.0,4,7260.0,бТел
154,09:56:15,18.2,0.05000000000000071,1,1820.0,бРел
155,09:56:36,18.16,-0.03999999999999915,4,7264.0,бТел
156,09:56:45,18.19,0.030000000000001137,6,10913.0,бРел
157,09:56:54,18.2,0.00999999999999801,12,21840.0,бРел
158,09:57:00,18.2,0.0,1,1820.0,бРел
159,09:57:09,18.22,0.019999999999999574,3,5466.0,бРел
160,09:57:12,18.22,0.0,7,12754.0,бТел
161,09:57:48,18.2,-0.019999999999999574,1,1820.0,бТел
162,09:58:21,18.22,0.019999999999999574,107,194952.0,бРел
163,09:58:39,18.22,0.0,3,5466.0,бРел
164,09:58:42,18.22,0.0,6,10932.0,бРел
165,09:58:48,18.21,-0.00999999999999801,1,1821.0,бТел
166,09:58:51,18.22,0.00999999999999801,7,12754.0,бРел
167,09:58:57,18.22,0.0,1,1822.0,бРел
168,09:59:00,18.21,-0.00999999999999801,1,1821.0,бТел
169,09:59:09,18.2,-0.010000000000001563,2,3640.0,бТел
170,10:00:27,18.21,0.010000000000001563,10,18210.0,бТел
171,10:00:30,18.2,-0.010000000000001563,11,20030.0,бТел
172,10:00:36,18.2,0.0,4,7280.0,бТел
173,10:00:39,18.2,0.0,2,3640.0,бТел
174,10:00:42,18.21,0.010000000000001563,5,9105.0,бРел
175,10:00:45,18.21,0.0,2,3642.0,бТел
176,10:00:48,18.21,0.0,6,10926.0,бТел
177,10:00:57,18.21,0.0,2,3642.0,бТел
178,10:01:00,18.2,-0.010000000000001563,9,16380.0,бТел
179,10:01:06,18.2,0.0,1,1820.0,бТел
180,10:01:09,18.2,0.0,2,3640.0,бТел
181,10:01:21,18.2,0.0,4,7280.0,бТел
182,10:01:24,18.2,0.0,8,14560.0,бРел
183,10:01:48,18.22,0.019999999999999574,2,3644.0,бРел
184,10:02:09,18.2,-0.019999999999999574,6,10920.0,бТел
185,10:02:15,18.2,0.0,1,1820.0,бТел
186,10:02:27,18.2,0.0,2,3640.0,бТел
187,10:02:39,18.22,0.019999999999999574,5,9110.0,бРел
188,10:02:42,18.22,0.0,25,45540.0,бРел
189,10:03:09,18.22,0.0,7,12754.0,бРел
190,10:03:33,18.22,0.0,23,41906.0,бРел
191,10:03:39,18.22,0.0,1,1822.0,бРел
192,10:04:03,18.2,-0.019999999999999574,1,1820.0,бТел
193,10:04:06,18.21,0.010000000000001563,1,1821.0,бРел
194,10:04:21,18.21,0.0,2,3642.0,бРел
195,10:04:42,18.21,0.0,1,1821.0,бРел
196,10:04:54,18.22,0.00999999999999801,25,45536.0,бРел
197,10:05:00,18.22,0.0,1,1822.0,бРел
198,10:06:27,18.22,0.0,1,1822.0,бРел
199,10:06:36,18.2,-0.019999999999999574,4,7280.0,бТел
200,10:06:51,18.19,-0.00999999999999801,1,1819.0,бТел
201,10:07:24,18.2,0.00999999999999801,20,36400.0,бРел
202,10:07:33,18.2,0.0,4,7280.0,бРел
203,10:08:00,18.23,0.030000000000001137,1,1823.0,бРел
204,10:08:57,18.23,0.0,9,16407.0,бРел
205,10:09:09,18.23,0.0,5,9115.0,бРел
206,10:09:30,18.24,0.00999999999999801,1,1824.0,бРел
207,10:10:00,18.26,0.020000000000003126,18,32854.0,бРел
208,10:10:27,18.28,0.019999999999999574,2,3656.0,бРел
209,10:10:30,18.28,0.0,1,1828.0,бТел
210,10:10:36,18.28,0.0,2,3656.0,бРел
211,10:11:00,18.28,0.0,1,1828.0,бРел
212,10:11:33,18.28,0.0,1,1828.0,бРел
213,10:11:36,18.26,-0.019999999999999574,1,1826.0,бТел
214,10:11:39,18.26,0.0,3,5478.0,бТел
215,10:13:00,18.26,0.0,1,1826.0,бРел
216,10:13:15,18.26,0.0,5,9130.0,бТел
217,10:13:45,18.21,-0.05000000000000071,1,1821.0,бТел
218,10:14:33,18.26,0.05000000000000071,2,3652.0,бТел
219,10:14:36,18.26,0.0,1,1826.0,бРел
220,10:15:09,18.21,-0.05000000000000071,17,30957.0,бТел
221,10:15:12,18.21,0.0,28,50988.0,бРел
222,10:15:15,18.21,0.0,13,23673.0,бРел
223,10:16:03,18.28,0.07000000000000028,1,1828.0,бРел
224,10:17:36,18.25,-0.030000000000001137,1,1825.0,бРел
225,10:17:45,18.25,0.0,8,14600.0,бРел
226,10:17:54,18.21,-0.03999999999999915,4,7284.0,бТел
227,10:18:00,18.21,0.0,9,16389.0,бТел
228,10:18:09,18.21,0.0,1,1821.0,бТел
229,10:18:45,18.25,0.03999999999999915,3,5475.0,бРел
230,10:19:03,18.24,-0.010000000000001563,1,1824.0,бРел
231,10:20:06,18.24,0.0,7,12768.0,бРел
232,10:20:09,18.24,0.0,8,14592.0,бРел
233,10:20:15,18.25,0.010000000000001563,1,1825.0,бРел
234,10:20:36,18.26,0.010000000000001563,1,1826.0,бРел
235,10:21:03,18.26,0.0,6,10956.0,бРел
236,10:21:24,18.27,0.00999999999999801,1,1827.0,бТел
237,10:21:30,18.24,-0.030000000000001137,1,1824.0,бТел
238,10:21:51,18.22,-0.019999999999999574,5,9110.0,бТел
239,10:21:54,18.22,0.0,1,1822.0,бТел
240,10:22:06,18.26,0.0400000000000027,1,1826.0,бРел
241,10:24:06,18.25,-0.010000000000001563,1,1825.0,бРел
242,10:25:09,18.22,-0.030000000000001137,2,3644.0,бТел
243,10:25:39,18.25,0.030000000000001137,1,1825.0,бРел
244,10:26:18,18.25,0.0,2,3650.0,бРел
245,10:26:42,18.22,-0.030000000000001137,1,1822.0,бТел
246,10:27:09,18.24,0.019999999999999574,1,1824.0,бРел
247,10:28:06,18.22,-0.019999999999999574,1,1822.0,бТел
248,10:28:30,18.24,0.019999999999999574,16,29184.0,бРел
249,10:28:39,18.24,0.0,1,1824.0,бРел
250,10:29:00,18.22,-0.019999999999999574,2,3644.0,бТел
251,10:29:21,18.22,0.0,10,18220.0,бТел
252,10:29:33,18.24,0.019999999999999574,11,20064.0,бРел
253,10:29:51,18.23,-0.00999999999999801,1,1823.0,бТел
254,10:30:24,18.24,0.00999999999999801,1,1824.0,жпптел
255,10:30:27,18.25,0.010000000000001563,34,62049.0,бРел
256,10:30:30,18.25,0.0,14,25550.0,бРел
257,10:30:33,18.25,0.0,1,1825.0,бРел
258,10:30:36,18.26,0.010000000000001563,2,3652.0,бРел
259,10:30:45,18.25,-0.010000000000001563,1,1825.0,бТел
260,10:30:48,18.25,0.0,1,1825.0,бРел
261,10:31:15,18.22,-0.030000000000001137,8,14586.0,бТел
262,10:31:33,18.22,0.0,9,16398.0,бРел
263,10:31:39,18.22,0.0,1,1822.0,бТел
264,10:32:00,18.23,0.010000000000001563,1,1823.0,бТел
265,10:32:39,18.23,0.0,3,5469.0,бТел
266,10:34:42,18.23,0.0,1,1823.0,бТел
267,10:34:45,18.21,-0.019999999999999574,2,3642.0,бТел
268,10:35:33,18.24,0.029999999999997584,1,1824.0,бРел
269,10:36:24,18.24,0.0,3,5472.0,бРел
270,10:36:33,18.24,0.0,5,9120.0,бТел
271,10:36:57,18.21,-0.029999999999997584,2,3642.0,бТел
272,10:37:24,18.21,0.0,1,1821.0,бТел
273,10:38:27,18.24,0.029999999999997584,10,18240.0,бРел
274,10:38:33,18.24,0.0,1,1824.0,бРел
275,10:38:48,18.21,-0.029999999999997584,26,47346.0,бТел
276,10:39:00,18.2,-0.010000000000001563,2,3640.0,бТел
277,10:39:30,18.2,0.0,1,1820.0,бТел
278,10:39:51,18.2,0.0,20,36400.0,бТел
279,10:39:54,18.21,0.010000000000001563,20,36420.0,бРел
280,10:40:24,18.21,0.0,10,18210.0,бРел
281,10:40:27,18.21,0.0,2,3642.0,бРел
282,10:41:12,18.18,-0.030000000000001137,12,21816.0,бТел
283,10:41:30,18.18,0.0,5,9090.0,бТел
284,10:41:33,18.19,0.010000000000001563,1,1819.0,бТел
285,10:41:48,18.19,0.0,10,18190.0,бТел
286,10:42:06,18.21,0.019999999999999574,1,1821.0,бРел
287,10:45:39,18.2,-0.010000000000001563,1,1820.0,бРел
288,10:46:39,18.19,-0.00999999999999801,7,12733.0,бТел
289,10:47:15,18.2,0.00999999999999801,5,9100.0,бРел
290,10:47:27,18.19,-0.00999999999999801,12,21828.0,бТел
291,10:47:39,18.19,0.0,1,1819.0,бТел
292,10:48:39,18.2,0.00999999999999801,1,1820.0,бРел
293,10:49:57,18.2,0.0,27,49140.0,бРел
294,10:51:00,18.2,0.0,1,1820.0,бТел
295,10:51:18,18.2,0.0,2,3640.0,бТел
296,10:52:09,18.21,0.010000000000001563,1,1821.0,бРел
297,10:52:12,18.21,0.0,5,9105.0,бРел
298,10:53:30,18.2,-0.010000000000001563,1,1820.0,бРел
299,10:53:45,18.21,0.010000000000001563,1,1821.0,бРел
300,10:54:36,18.2,-0.010000000000001563,13,23660.0,бТел
301,10:54:39,18.19,-0.00999999999999801,8,14558.0,бТел
302,10:54:45,18.2,0.00999999999999801,1,1820.0,бРел
303,10:55:06,18.18,-0.019999999999999574,12,21821.0,бТел
304,10:55:09,18.18,0.0,3,5454.0,бТел
305,10:55:12,18.18,0.0,1,1818.0,бТел
306,10:55:15,18.18,0.0,7,12726.0,бТел
307,10:55:18,18.18,0.0,4,7272.0,бТел
308,10:55:24,18.18,0.0,1,1818.0,бТел
309,10:55:39,18.2,0.019999999999999574,1,1820.0,бРел
310,10:55:48,18.18,-0.019999999999999574,1,1818.0,бТел
311,10:58:30,18.2,0.019999999999999574,2,3640.0,бРел
312,10:58:39,18.2,0.0,1,1820.0,бРел
313,10:58:45,18.2,0.0,42,76440.0,бРел
314,10:58:54,18.21,0.010000000000001563,2,3642.0,бРел
315,10:58:57,18.21,0.0,2,3642.0,бРел
316,10:59:06,18.2,-0.010000000000001563,3,5460.0,бТел
317,10:59:21,18.21,0.010000000000001563,2,3642.0,бРел
318,11:00:09,18.21,0.0,11,20031.0,бРел
319,11:00:12,18.21,0.0,7,12747.0,бРел
320,11:00:18,18.21,0.0,1,1821.0,бРел
321,11:00:27,18.21,0.0,1,1821.0,бРел
322,11:01:03,18.21,0.0,19,34599.0,бРел
323,11:01:06,18.21,0.0,2,3642.0,бРел
324,11:02:15,18.2,-0.010000000000001563,16,29123.0,бТел
325,11:02:27,18.2,0.0,1,1820.0,бРел
326,11:02:36,18.19,-0.00999999999999801,12,21828.0,бТел
327,11:02:39,18.19,0.0,10,18190.0,бТел
328,11:02:45,18.19,0.0,2,3638.0,бТел
329,11:03:24,18.2,0.00999999999999801,2,3640.0,бРел
330,11:04:30,18.2,0.0,46,83720.0,бТел
331,11:05:42,18.22,0.019999999999999574,1,1822.0,бРел
332,11:06:51,18.2,-0.019999999999999574,5,9100.0,бТел
333,11:07:12,18.2,0.0,6,10926.0,бТел
334,11:07:15,18.2,0.0,2,3640.0,бТел
335,11:08:42,18.22,0.019999999999999574,1,1822.0,бРел
336,11:09:09,18.22,0.0,2,3644.0,бРел
337,11:09:45,18.22,0.0,2,3644.0,бРел
338,11:10:06,18.22,0.0,5,9110.0,бРел
339,11:10:09,18.23,0.010000000000001563,2,3646.0,бРел
340,11:10:15,18.25,0.019999999999999574,2,3650.0,бРел
341,11:10:21,18.26,0.010000000000001563,6,10956.0,бРел
342,11:11:42,18.23,-0.030000000000001137,10,18236.0,бТел
343,11:12:15,18.26,0.030000000000001137,1,1826.0,бРел
344,11:13:21,18.26,0.0,10,18260.0,бРел
345,11:13:24,18.26,0.0,1,1826.0,бРел
346,11:14:15,18.26,0.0,5,9130.0,бРел
347,11:15:21,18.23,-0.030000000000001137,18,32814.0,бТел
348,11:15:45,18.26,0.030000000000001137,1,1826.0,бРел
349,11:17:09,18.26,0.0,15,27390.0,бРел
350,11:18:48,18.26,0.0,1,1826.0,бРел
351,11:18:57,18.25,-0.010000000000001563,2,3650.0,бТел
352,11:19:06,18.25,0.0,1,1825.0,бТел
353,11:19:15,18.23,-0.019999999999999574,22,40106.0,бТел
354,11:19:45,18.22,-0.010000000000001563,3,5466.0,бТел
355,11:19:48,18.22,0.0,8,14576.0,бТел
356,11:20:51,18.22,0.0,6,10932.0,бРел
357,11:20:54,18.21,-0.00999999999999801,7,12747.0,бТел
358,11:22:15,18.22,0.00999999999999801,1,1822.0,бРел
359,11:22:51,18.22,0.0,5,9110.0,бРел
360,11:25:06,18.22,0.0,7,12754.0,бТел
361,11:25:12,18.22,0.0,2,3644.0,бТел
362,11:27:39,18.22,0.0,0,1384.7199999997392,бТел
363,11:28:42,18.22,0.0,1,1822.0,бТел
364,11:29:36,18.22,0.0,2,3644.0,бТел
365,11:30:00,18.22,0.0,24,44165.28000000026,бТел
366,13:00:03,18.22,0.0,19,34607.0,бРел
367,13:00:06,18.22,0.0,2,5028.719999999739,бРел
368,13:00:21,18.25,0.030000000000001137,1,1825.0,бРел
369,13:00:24,18.25,0.0,5,9125.0,бРел
370,13:00:36,18.3,0.05000000000000071,2,3660.0,бРел
371,13:00:54,18.29,-0.010000000000001563,1,1829.0,бРел
372,13:01:03,18.28,-0.00999999999999801,4,7313.0,жпптел
373,13:01:06,18.29,0.00999999999999801,1,1829.0,бРел
374,13:01:24,18.28,-0.00999999999999801,2,3656.0,бРел
375,13:01:30,18.28,0.0,11,20108.0,бТел
376,13:01:33,18.25,-0.030000000000001137,1,1825.0,бТел
377,13:01:39,18.28,0.030000000000001137,1,1828.0,бРел
378,13:01:42,18.28,0.0,2,3656.0,бРел
379,13:01:45,18.27,-0.010000000000001563,2,3655.0,жпптел
380,13:01:48,18.22,-0.05000000000000071,3,5466.0,бТел
381,13:01:51,18.27,0.05000000000000071,1,1827.0,бРел
382,13:02:06,18.27,0.0,1,1827.0,бРел
383,13:02:12,18.27,0.0,1,1827.0,бРел
384,13:02:18,18.27,0.0,1,1827.0,бРел
385,13:02:36,18.27,0.0,1,1827.0,бРел
386,13:03:03,18.27,0.0,1,1827.0,бРел
387,13:03:21,18.26,-0.00999999999999801,1,1826.0,бРел
388,13:03:24,18.23,-0.030000000000001137,1,1823.0,бТел
389,13:03:48,18.22,-0.010000000000001563,2,3645.0,бТел
390,13:03:51,18.23,0.010000000000001563,1,1823.0,бРел
391,13:03:54,18.25,0.019999999999999574,3,5471.0,бРел
392,13:05:03,18.25,0.0,1,1825.0,бРел
393,13:06:03,18.25,0.0,1,1825.0,бРел
394,13:06:06,18.23,-0.019999999999999574,1,1823.0,бТел
395,13:06:09,18.25,0.019999999999999574,1,1825.0,бРел
396,13:06:57,18.22,-0.030000000000001137,2,3644.0,бТел
397,13:08:33,18.24,0.019999999999999574,3,5470.0,бРел
398,13:10:15,18.23,-0.00999999999999801,2,3645.0,бРел
399,13:10:48,18.22,-0.010000000000001563,3,5466.0,бТел
400,13:10:51,18.22,0.0,13,23686.0,бТел
401,13:10:54,18.22,0.0,2,3644.0,бТел
402,13:11:00,18.22,0.0,1,1822.0,бТел
403,13:11:03,18.22,0.0,41,75139.28000000026,бТел
404,13:11:06,18.21,-0.00999999999999801,3,5463.0,бТел
405,13:11:09,18.2,-0.010000000000001563,2,3640.0,бТел
406,13:11:12,18.2,0.0,5,9100.0,бТел
407,13:11:21,18.2,0.0,21,38220.0,бТел
408,13:11:33,18.2,0.0,46,83723.0,бТел
409,13:11:36,18.18,-0.019999999999999574,37,67266.0,бТел
410,13:12:03,18.17,-0.00999999999999801,2,3634.0,бТел
411,13:12:09,18.17,0.0,18,32706.0,бТел
412,13:12:36,18.17,0.0,3,5451.0,бТел
413,13:12:48,18.17,0.0,2,3634.0,бТел
414,13:13:15,18.17,0.0,3,5451.0,бТел
415,13:13:18,18.17,0.0,1,1817.0,бРел
416,13:13:21,18.16,-0.010000000000001563,9,16344.0,бТел
417,13:13:27,18.17,0.010000000000001563,3,5451.0,бРел
418,13:13:33,18.16,-0.010000000000001563,7,12712.0,бТел
419,13:13:48,18.16,0.0,2,3632.0,бТел
420,13:14:00,18.16,0.0,3,5448.0,бТел
421,13:14:06,18.17,0.010000000000001563,7,12719.0,бРел
422,13:15:21,18.17,0.0,1,1817.0,бТел
423,13:15:39,18.18,0.00999999999999801,5,9090.0,бРел
424,13:15:48,18.17,-0.00999999999999801,2,3634.0,бТел
425,13:16:27,18.17,0.0,2,3634.0,бРел
426,13:17:42,18.16,-0.010000000000001563,4,7264.0,бТел
427,13:18:51,18.16,0.0,2,3632.0,бТел
428,13:19:21,18.16,0.0,1,1816.0,бТел
429,13:19:45,18.21,0.05000000000000071,7,12747.0,бРел
430,13:19:48,18.21,0.0,1,1821.0,бТел
431,13:19:51,18.21,0.0,8,14568.0,бТел
432,13:19:54,18.21,0.0,4,7284.0,бТел
433,13:20:09,18.21,0.0,4,7284.0,бРел
434,13:20:12,18.21,0.0,1,1821.0,бТел
435,13:20:24,18.22,0.00999999999999801,8,14576.0,бРел
436,13:20:51,18.24,0.019999999999999574,3,5472.0,бРел
437,13:20:54,18.24,0.0,3,5472.0,бТел
438,13:20:57,18.24,0.0,8,14592.0,бРел
439,13:21:39,18.24,0.0,6,10944.0,бРел
440,13:21:54,18.24,0.0,1,1824.0,бТел
441,13:22:06,18.24,0.0,2,3649.0,бТел
442,13:22:09,18.24,0.0,2,3648.0,бТел
443,13:22:27,18.23,-0.00999999999999801,10,18230.0,бТел
444,13:22:30,18.23,0.0,12,21873.0,бРел
445,13:24:00,18.21,-0.019999999999999574,2,3642.0,бТел
446,13:24:36,18.21,0.0,2,3642.0,бТел
447,13:25:42,18.21,0.0,2,3642.0,бТел
448,13:27:03,18.21,0.0,19,34599.0,бТел
449,13:27:21,18.2,-0.010000000000001563,2,3640.0,бТел
450,13:27:57,18.21,0.010000000000001563,4,7281.0,бРел
451,13:29:03,18.2,-0.010000000000001563,2,3640.0,бТел
452,13:29:27,18.2,0.0,23,41860.0,бТел
453,13:30:00,18.18,-0.019999999999999574,27,49086.0,бТел
454,13:30:09,18.17,-0.00999999999999801,4,7270.0,бТел
455,13:30:12,18.18,0.00999999999999801,3,5454.0,бРел
456,13:30:15,18.18,0.0,4,7272.0,бРел
457,13:30:18,18.18,0.0,5,9090.0,бРел
458,13:30:27,18.17,-0.00999999999999801,14,25439.0,бТел
459,13:31:51,18.17,0.0,4,7268.0,бТел
460,13:31:54,18.17,0.0,2,3634.0,бТел
461,13:31:57,18.17,0.0,3,5451.0,бТел
462,13:32:00,18.17,0.0,5,9085.0,бРел
463,13:32:03,18.16,-0.010000000000001563,10,18165.0,бТел
464,13:32:51,18.17,0.010000000000001563,12,21804.0,бРел
465,13:33:12,18.17,0.0,15,27255.0,бТел
466,13:33:42,18.19,0.019999999999999574,2,3638.0,бРел
467,13:34:18,18.19,0.0,2,3638.0,бТел
468,13:34:27,18.2,0.00999999999999801,18,32760.0,бРел
469,13:34:57,18.19,-0.00999999999999801,24,43656.0,бТел
470,13:35:00,18.19,0.0,2,3638.0,бТел
471,13:35:48,18.16,-0.030000000000001137,38,69008.0,бТел
472,13:36:06,18.16,0.0,20,36320.0,бРел
473,13:36:15,18.16,0.0,6,10896.0,бРел
474,13:36:57,18.17,0.010000000000001563,1,1817.0,бТел
475,13:37:24,18.17,0.0,10,18170.0,бРел
476,13:37:51,18.18,0.00999999999999801,6,10903.0,бРел
477,13:38:21,18.19,0.010000000000001563,4,7276.0,бРел
478,13:38:51,18.11,-0.08000000000000185,190,344901.0,бТел
479,13:39:45,18.14,0.030000000000001137,3,5442.0,бРел
480,13:40:06,18.15,0.00999999999999801,3,5445.0,бРел
481,13:40:09,18.14,-0.00999999999999801,2,3628.0,бТел
482,13:40:24,18.12,-0.019999999999999574,1,1812.0,бТел
483,13:40:48,18.12,0.0,1,1812.0,бТел
484,13:40:51,18.12,0.0,10,18120.0,бТел
485,13:40:54,18.12,0.0,1,1812.0,бТел
486,13:40:57,18.12,0.0,8,14496.0,бТел
487,13:41:00,18.12,0.0,1,1812.0,бТел
488,13:41:09,18.12,0.0,9,16308.0,бТел
489,13:41:12,18.12,0.0,1,1812.0,бРел
490,13:41:18,18.11,-0.010000000000001563,2,3622.0,бТел
491,13:41:30,18.11,0.0,40,72440.0,бТел
492,13:41:42,18.11,0.0,25,45275.0,бТел
493,13:42:06,18.11,0.0,5,9055.0,бРел
494,13:42:12,18.11,0.0,4,7244.0,бТел
495,13:42:15,18.12,0.010000000000001563,5,9060.0,бРел
496,13:42:33,18.12,0.0,1,1812.0,бРел
497,13:42:42,18.11,-0.010000000000001563,4,7245.0,бТел
498,13:43:00,18.11,0.0,11,19921.0,бТел
499,13:43:15,18.12,0.010000000000001563,15,27169.0,бРел
500,13:43:18,18.12,0.0,10,18120.0,бТел
501,13:43:27,18.13,0.00999999999999801,1,1813.0,бРел
502,13:43:39,18.14,0.010000000000001563,8,14508.0,бРел
503,13:44:27,18.14,0.0,8,14512.0,бТел
504,13:45:09,18.14,0.0,4,7256.0,бТел
505,13:46:30,18.14,0.0,4,7256.0,бТел
506,13:46:33,18.14,0.0,2,3628.0,бТел
507,13:46:45,18.14,0.0,3,5442.0,бТел
508,13:46:48,18.14,0.0,3,5442.0,бТел
509,13:46:57,18.13,-0.010000000000001563,2,3627.0,бТел
510,13:48:00,18.12,-0.00999999999999801,2,3624.0,бТел
511,13:48:03,18.12,0.0,5,9060.0,бТел
512,13:48:27,18.12,0.0,26,47112.0,бТел
513,13:48:36,18.12,0.0,3,5436.0,бТел
514,13:48:45,18.12,0.0,3,5436.0,бТел
515,13:48:51,18.12,0.0,36,65232.0,бТел
516,13:48:54,18.11,-0.010000000000001563,1,1811.0,бТел
517,13:48:57,18.11,0.0,16,28976.0,бТел
518,13:49:00,18.11,0.0,6,10866.0,бТел
519,13:49:21,18.1,-0.00999999999999801,2,3620.0,бТел
520,13:49:45,18.11,0.00999999999999801,2,3622.0,бРел
521,13:50:03,18.11,0.0,6,10866.0,бРел
522,13:50:06,18.12,0.010000000000001563,8,14496.0,бРел
523,13:50:09,18.11,-0.010000000000001563,2,3622.0,бРел
524,13:50:27,18.12,0.010000000000001563,4,7248.0,бРел
525,13:50:30,18.12,0.0,3,5436.0,бРел
526,13:50:33,18.12,0.0,1,1812.0,бРел
527,13:50:36,18.13,0.00999999999999801,3,5439.0,бРел
528,13:50:39,18.13,0.0,2,3626.0,бРел
529,13:50:54,18.13,0.0,6,10878.0,бРел
530,13:51:30,18.15,0.019999999999999574,5,9075.0,бРел
531,13:51:45,18.15,0.0,1,1815.0,бРел
532,13:51:51,18.14,-0.00999999999999801,2,3628.0,жпптел
533,13:51:57,18.15,0.00999999999999801,12,21780.0,бРел
534,13:52:00,18.15,0.0,20,36300.0,бТел
535,13:52:09,18.2,0.05000000000000071,14,25473.0,бРел
536,13:52:33,18.24,0.03999999999999915,1,1824.0,бРел
537,13:52:57,18.21,-0.029999999999997584,10,18210.0,бРел
538,13:53:18,18.24,0.029999999999997584,2,3648.0,бРел
539,13:53:21,18.24,0.0,1,1824.0,бТел
540,13:53:24,18.24,0.0,262,477888.0,бТел
541,13:53:36,18.16,-0.0799999999999983,1,1816.0,жпптел
542,13:54:24,18.16,0.0,1,1816.0,бТел
543,13:54:45,18.16,0.0,8,14528.0,бТел
544,13:55:00,18.16,0.0,5,9077.0,бРел
545,13:55:03,18.16,0.0,15,27240.0,бТел
546,13:55:27,18.16,0.0,1,1816.0,бТел
547,13:56:00,18.16,0.0,1,1816.0,бТел
548,13:56:18,18.17,0.010000000000001563,4,7268.0,бТел
549,13:56:21,18.17,0.0,1,1817.0,бТел
550,13:56:39,18.17,0.0,2,3634.0,бТел
551,13:56:48,18.17,0.0,2,3634.0,бТел
552,13:56:54,18.17,0.0,1,1817.0,бТел
553,13:57:15,18.18,0.00999999999999801,2,3636.0,бРел
554,13:57:18,18.17,-0.00999999999999801,7,12724.0,бТел
555,13:57:39,18.16,-0.010000000000001563,1,1816.0,бТел
556,13:58:18,18.17,0.010000000000001563,8,14536.0,бРел
557,13:59:36,18.16,-0.010000000000001563,5,9080.0,бТел
558,14:00:09,18.16,0.0,6,10896.0,бТел
559,14:00:12,18.16,0.0,14,25428.0,бТел
560,14:00:15,18.16,0.0,11,19985.0,бТел
561,14:00:18,18.16,0.0,9,16344.0,бТел
562,14:00:39,18.15,-0.010000000000001563,30,54478.0,бТел
563,14:00:42,18.14,-0.00999999999999801,9,16326.0,бТел
564,14:00:45,18.12,-0.019999999999999574,2,3624.0,бТел
565,14:00:48,18.12,0.0,1,1812.0,бРел
566,14:01:15,18.07,-0.05000000000000071,190,343739.0,бТел
567,14:01:39,18.07,0.0,4,7230.0,бТел
568,14:01:54,18.07,0.0,12,21684.0,бТел
569,14:02:18,18.14,0.07000000000000028,1,1814.0,бРел
570,14:02:21,18.14,0.0,1,1814.0,бРел
571,14:02:24,18.14,0.0,1,1814.0,бРел
572,14:02:33,18.07,-0.07000000000000028,4,7228.0,бТел
573,14:03:45,18.08,0.00999999999999801,15,27120.0,бТел
574,14:03:54,18.08,0.0,21,37968.0,бРел
575,14:03:57,18.08,0.0,34,61472.0,бРел
576,14:04:09,18.08,0.0,1,1808.0,бТел
577,14:04:36,18.08,0.0,1,1808.0,бТел
578,14:06:00,18.08,0.0,1,1808.0,бТел
579,14:06:12,18.09,0.010000000000001563,3,5427.0,бРел
580,14:06:30,18.1,0.010000000000001563,1,1810.0,бРел
581,14:06:48,18.1,0.0,2,3620.0,бТел
582,14:07:18,18.09,-0.010000000000001563,18,32562.0,бТел
583,14:07:21,18.09,0.0,3,5427.0,бТел
584,14:07:30,18.09,0.0,6,10854.0,бТел
585,14:07:45,18.09,0.0,5,9045.0,бТел
586,14:08:06,18.09,0.0,2,3618.0,бТел
587,14:08:12,18.08,-0.010000000000001563,5,9040.0,бТел
588,14:08:24,18.1,0.020000000000003126,46,83246.0,бРел
589,14:10:00,18.1,0.0,47,85070.0,бТел
590,14:10:12,18.1,0.0,11,19910.0,бРел
591,14:10:24,18.12,0.019999999999999574,7,12684.0,бРел
592,14:10:27,18.12,0.0,6,10872.0,бРел
593,14:10:33,18.1,-0.019999999999999574,2,3620.0,бТел
594,14:10:36,18.1,0.0,11,19910.0,бРел
595,14:10:39,18.1,0.0,1,1810.0,бРел
596,14:10:42,18.1,0.0,10,18100.0,бРел
597,14:10:54,18.1,0.0,1,1810.0,бРел
598,14:11:06,18.1,0.0,1,1810.0,бРел
599,14:11:15,18.08,-0.020000000000003126,8,14464.0,бТел
600,14:11:33,18.1,0.020000000000003126,47,85070.0,бРел
601,14:11:39,18.1,0.0,3,5430.0,бРел
602,14:12:42,18.12,0.019999999999999574,3,5436.0,бРел
603,14:13:33,18.11,-0.010000000000001563,40,72440.0,бТел
604,14:13:36,18.1,-0.00999999999999801,31,56136.0,бТел
605,14:13:39,18.11,0.00999999999999801,10,18110.0,бРел
606,14:13:54,18.11,0.0,20,36220.0,бРел
607,14:14:00,18.11,0.0,10,18110.0,бТел
608,14:14:12,18.1,-0.00999999999999801,69,124890.0,бТел
609,14:14:24,18.1,0.0,7,12670.0,бРел
610,14:14:30,18.1,0.0,31,56110.0,бРел
611,14:14:39,18.1,0.0,43,77830.0,бТел
612,14:14:57,18.1,0.0,37,66970.0,бТел
613,14:15:06,18.1,0.0,5,9050.0,бРел
614,14:15:18,18.1,0.0,65,117650.0,бТел
615,14:15:27,18.1,0.0,6,10860.0,бТел
616,14:16:27,18.1,0.0,17,30770.0,бРел
617,14:16:51,18.1,0.0,2,3620.0,бРел
618,14:17:09,18.09,-0.010000000000001563,10,18090.0,бТел
619,14:17:15,18.1,0.010000000000001563,55,99550.0,бРел
620,14:17:33,18.1,0.0,12,21720.0,бТел
621,14:17:48,18.09,-0.010000000000001563,9,16281.0,бТел
622,14:17:51,18.09,0.0,6,10854.0,бТел
623,14:18:42,18.09,0.0,6,10854.0,бТел
624,14:18:45,18.09,0.0,1,1809.0,бТел
625,14:18:48,18.09,0.0,2,3618.0,бТел
626,14:20:42,18.09,0.0,5,9045.0,бТел
627,14:20:45,18.1,0.010000000000001563,177,320354.0,бРел
628,14:21:24,18.12,0.019999999999999574,9,16308.0,бРел
629,14:21:27,18.13,0.00999999999999801,9,16317.0,бРел
630,14:21:30,18.13,0.0,1,1813.0,бРел
631,14:21:36,18.13,0.0,7,12695.0,бТел
632,14:21:39,18.13,0.0,4,7252.0,бРел
633,14:21:42,18.13,0.0,2,3626.0,бРел
634,14:21:54,18.15,0.019999999999999574,1,1815.0,бРел
635,14:22:03,18.14,-0.00999999999999801,2,3628.0,бРел
636,14:22:09,18.14,0.0,2,3628.0,бРел
637,14:22:15,18.13,-0.010000000000001563,8,14504.0,жпптел
638,14:22:48,18.13,0.0,1,1813.0,бРел
639,14:22:57,18.11,-0.019999999999999574,1,1811.0,бТел
640,14:23:33,18.11,0.0,8,14488.0,бТел
641,14:24:39,18.12,0.010000000000001563,5,9060.0,бРел
642,14:25:39,18.11,-0.010000000000001563,9,16299.0,бТел
643,14:26:00,18.12,0.010000000000001563,8,14489.0,бРел
644,14:26:54,18.12,0.0,2,3624.0,бТел
645,14:26:57,18.12,0.0,1,1812.0,бТел
646,14:27:03,18.13,0.00999999999999801,2,3625.0,бРел
647,14:27:12,18.15,0.019999999999999574,48,87118.30000000075,бРел
648,14:27:27,18.16,0.010000000000001563,1,1816.0,бТел
649,14:27:30,18.15,-0.010000000000001563,1,1815.0,бТел
650,14:27:39,18.15,0.0,1,1815.0,бТел
651,14:27:54,18.16,0.010000000000001563,5,9080.0,бРел
652,14:29:21,18.16,0.0,7,12712.0,бРел
653,14:29:24,18.16,0.0,1,1816.0,бРел
654,14:29:27,18.15,-0.010000000000001563,3,5446.0,бТел
655,14:29:30,18.16,0.010000000000001563,2,3632.0,бРел
656,14:29:33,18.25,0.08999999999999986,22,40102.0,бРел
657,14:30:03,18.24,-0.010000000000001563,10,18240.0,бРел
658,14:30:27,18.16,-0.0799999999999983,12,21792.0,бТел
659,14:30:54,18.16,0.0,2,3632.0,бРел
660,14:30:57,18.16,0.0,12,21792.0,бТел
661,14:31:54,18.16,0.0,89,161624.0,бРел
662,14:33:24,18.16,0.0,2,3632.0,бТел
663,14:33:51,18.23,0.07000000000000028,1,1823.0,бРел
664,14:34:21,18.23,0.0,5,9115.0,бРел
665,14:34:33,18.24,0.00999999999999801,4,7294.0,бРел
666,14:38:18,18.17,-0.06999999999999673,1,1817.0,бТел
667,14:38:21,18.17,0.0,3,5456.0,бТел
668,14:38:24,18.17,0.0,5,9085.0,бРел
669,14:38:33,18.22,0.04999999999999716,1,1822.0,бРел
670,14:39:06,18.22,0.0,1,1822.0,бРел
671,14:39:45,18.22,0.0,16,29152.0,бРел
672,14:39:51,18.22,0.0,5,9110.0,бРел
673,14:40:15,18.22,0.0,1,1822.0,бРел
674,14:40:45,18.22,0.0,1,1822.0,бРел
675,14:41:06,18.17,-0.04999999999999716,13,23621.0,бТел
676,14:41:09,18.17,0.0,16,29072.0,бРел
677,14:41:15,18.22,0.04999999999999716,1,1822.0,бРел
678,14:41:45,18.22,0.0,2,3644.0,бРел
679,14:42:15,18.22,0.0,10,18220.0,бРел
680,14:42:42,18.22,0.0,1,1822.0,бРел
681,14:43:12,18.22,0.0,1,1822.0,бРел
682,14:43:42,18.22,0.0,1,1822.0,бРел
683,14:43:45,18.22,0.0,1,1822.0,бРел
684,14:43:48,18.22,0.0,6,10932.0,бТел
685,14:44:06,18.2,-0.019999999999999574,18,32760.0,жпптел
686,14:44:12,18.22,0.019999999999999574,1,1822.0,бРел
687,14:44:15,18.22,0.0,10,18220.0,жпптел
688,14:44:27,18.16,-0.05999999999999872,2,3632.0,бТел
689,14:44:42,18.22,0.05999999999999872,2,3644.0,бРел
690,14:45:12,18.22,0.0,3,5466.0,бРел
691,14:45:42,18.16,-0.05999999999999872,2,3638.0,бТел
692,14:46:12,18.22,0.05999999999999872,1,1822.0,бРел
693,14:46:42,18.22,0.0,1,1822.0,бРел
694,14:46:57,18.22,0.0,217,395374.0,бРел
695,14:47:00,18.22,0.0,2,3644.0,бТел
696,14:47:03,18.22,0.0,1,1822.0,бТел
697,14:47:12,18.21,-0.00999999999999801,5,9105.0,бРел
698,14:47:24,18.17,-0.03999999999999915,10,18170.0,бТел
699,14:47:42,18.22,0.04999999999999716,1,1822.0,бРел
700,14:48:00,18.16,-0.05999999999999872,10,18185.0,бТел
701,14:48:12,18.22,0.05999999999999872,2,3638.0,бРел
702,14:48:30,18.22,0.0,27,49182.0,бРел
703,14:48:42,18.22,0.0,2,3644.0,бРел
704,14:48:45,18.15,-0.07000000000000028,5,9075.0,бТел
705,14:49:12,18.15,0.0,3,5452.0,бТел
706,14:49:15,18.15,0.0,1,1815.0,бРел
707,14:49:18,18.15,0.0,3,5445.0,бРел
708,14:49:27,18.22,0.07000000000000028,1,1822.0,бРел
709,14:49:30,18.15,-0.07000000000000028,13,23595.0,бТел
710,14:52:18,18.16,0.010000000000001563,39,70824.0,бТел
711,14:52:21,18.22,0.05999999999999872,10,18211.0,бРел
712,14:52:45,18.22,0.0,138,251313.0,бРел
713,14:53:03,18.22,0.0,16,29142.0,бРел
714,14:54:09,18.22,0.0,20,36440.0,бРел
715,14:54:12,18.23,0.010000000000001563,40,72836.0,бРел
716,14:54:45,18.21,-0.019999999999999574,10,18210.0,бРел
717,14:55:18,18.23,0.019999999999999574,13,23699.0,бРел
718,14:55:27,18.24,0.00999999999999801,4,7296.0,бРел
719,14:55:30,18.24,0.0,1,1824.0,бРел
720,14:55:48,18.24,0.0,3,5472.0,бРел
721,14:55:51,18.24,0.0,9,16416.0,бРел
722,14:55:54,18.24,0.0,2,3648.0,бРел
723,14:55:57,18.23,-0.00999999999999801,17,30991.0,бТел
724,14:56:09,18.24,0.00999999999999801,19,34656.0,бРел
725,14:56:15,18.24,0.0,32,58367.0,бРел
726,14:56:18,18.24,0.0,6,10944.0,бРел
727,14:56:21,18.24,0.0,11,20064.0,бРел
728,14:56:33,18.24,0.0,3,5472.0,бРел
729,14:56:57,18.24,0.0,8,14592.0,бТел
730,15:00:03,18.25,0.010000000000001563,124,226300.0,бРел
