,Ёи╫╩й╠╪Д,Ёи╫╩╪ш,╪ш╦Я╠Д╤╞,Ёи╫╩а©ё╗йжё╘,Ёи╫╩╤Нё╗т╙ё╘,птжй
0,09:25:03,7.66,-0.009999999999999787,58,44428.0,бРел
1,09:30:06,7.74,0.08000000000000007,91,70423.0,жпптел
2,09:30:09,7.68,-0.0600000000000005,36,27675.0,бТел
3,09:30:18,7.71,0.03000000000000025,10,7710.0,бРел
4,09:30:27,7.7,-0.009999999999999787,1,770.0,бРел
5,09:30:36,7.71,0.009999999999999787,9,6939.0,бРел
6,09:30:39,7.7,-0.009999999999999787,19,14630.0,бТел
7,09:30:51,7.7,0.0,30,23097.0,бРел
8,09:31:00,7.7,0.0,13,10010.0,бРел
9,09:31:03,7.7,0.0,42,32272.0,жпптел
10,09:31:09,7.7,0.0,2,1540.0,бТел
11,09:31:12,7.71,0.009999999999999787,12,9252.0,бРел
12,09:31:18,7.7,-0.009999999999999787,7,5396.0,бТел
13,09:31:21,7.71,0.009999999999999787,31,23900.0,бРел
14,09:31:27,7.7,-0.009999999999999787,44,33880.0,бТел
15,09:31:30,7.71,0.009999999999999787,1,771.0,бРел
16,09:31:36,7.7,-0.009999999999999787,1,770.0,бТел
17,09:31:39,7.71,0.009999999999999787,76,58596.0,бРел
18,09:31:42,7.71,0.0,16,12336.0,бТел
19,09:31:57,7.71,0.0,5,3855.0,бТел
20,09:32:03,7.71,0.0,4,3084.0,бТел
21,09:32:06,7.71,0.0,7,5403.0,бТел
22,09:32:12,7.72,0.009999999999999787,15,11580.0,бРел
23,09:32:21,7.72,0.0,10,7720.0,бРел
24,09:32:27,7.72,0.0,49,37828.0,бРел
25,09:32:33,7.72,0.0,3,2316.0,бРел
26,09:32:36,7.72,0.0,17,13124.0,бРел
27,09:32:42,7.72,0.0,25,19300.0,бТел
28,09:32:48,7.73,0.010000000000000675,199,153827.0,бРел
29,09:32:51,7.73,0.0,1,773.0,бТел
30,09:32:54,7.73,0.0,2,1545.0,бРел
31,09:32:57,7.72,-0.010000000000000675,76,58672.0,бТел
32,09:33:00,7.73,0.010000000000000675,270,208580.0,бРел
33,09:33:03,7.73,0.0,16,12368.0,бРел
34,09:33:06,7.73,0.0,83,64149.0,бРел
35,09:33:09,7.73,0.0,17,13141.0,бТел
36,09:33:18,7.71,-0.020000000000000462,36,27767.0,бТел
37,09:33:24,7.73,0.020000000000000462,12,9276.0,бРел
38,09:33:27,7.71,-0.020000000000000462,2,1542.0,бТел
39,09:33:33,7.71,0.0,7,5397.0,бТел
40,09:33:36,7.73,0.020000000000000462,11,8503.0,бРел
41,09:33:39,7.72,-0.010000000000000675,25,19300.0,бТел
42,09:33:48,7.71,-0.009999999999999787,23,17733.0,бТел
43,09:33:51,7.71,0.0,1,771.0,бТел
44,09:33:57,7.71,0.0,5,3855.0,бТел
45,09:34:00,7.71,0.0,2,1542.0,бТел
46,09:34:06,7.71,0.0,2,1542.0,бТел
47,09:34:09,7.71,0.0,10,7710.0,бТел
48,09:34:12,7.71,0.0,3,2313.0,бТел
49,09:34:15,7.7,-0.009999999999999787,172,132583.0,бТел
50,09:34:21,7.71,0.009999999999999787,47,36183.0,жпптел
51,09:34:24,7.7,-0.009999999999999787,72,55440.0,жпптел
52,09:34:33,7.69,-0.009999999999999787,1,769.0,бТел
53,09:34:36,7.68,-0.010000000000000675,95,73051.0,бТел
54,09:34:51,7.68,0.0,1,768.0,бТел
55,09:34:57,7.68,0.0,1,768.0,бТел
56,09:35:00,7.68,0.0,70,53760.0,бТел
57,09:35:03,7.67,-0.009999999999999787,15,11505.0,бТел
58,09:35:06,7.68,0.009999999999999787,3,2304.0,бРел
59,09:35:09,7.67,-0.009999999999999787,392,300664.0,бТел
60,09:35:12,7.67,0.0,50,38350.0,жпптел
61,09:35:15,7.66,-0.009999999999999787,11,8435.0,бТел
62,09:35:18,7.66,0.0,233,178478.0,бТел
63,09:35:21,7.65,-0.009999999999999787,108,82620.0,бТел
64,09:35:24,7.66,0.009999999999999787,26,19893.0,бРел
65,09:35:27,7.64,-0.020000000000000462,24,18336.0,бТел
66,09:35:30,7.64,0.0,26,19864.0,бТел
67,09:35:36,7.65,0.010000000000000675,17,12998.0,бРел
68,09:35:51,7.65,0.0,8,6120.0,бРел
69,09:35:54,7.65,0.0,13,9945.0,бРел
70,09:35:57,7.65,0.0,94,71910.0,бРел
71,09:36:00,7.65,0.0,22,16830.0,бТел
72,09:36:03,7.65,0.0,1,765.0,бРел
73,09:36:06,7.64,-0.010000000000000675,43,32876.0,бТел
74,09:36:12,7.66,0.020000000000000462,1,766.0,бРел
75,09:36:15,7.66,0.0,1,766.0,бТел
76,09:36:18,7.67,0.009999999999999787,3,2301.0,бРел
77,09:36:33,7.66,-0.009999999999999787,53,40588.0,бРел
78,09:36:42,7.67,0.009999999999999787,29,22218.0,бРел
79,09:36:45,7.65,-0.019999999999999574,20,15300.0,бТел
80,09:36:48,7.66,0.009999999999999787,43,32926.0,бРел
81,09:36:51,7.66,0.0,1,766.0,бРел
82,09:36:54,7.66,0.0,108,82728.0,бРел
83,09:36:57,7.67,0.009999999999999787,146,111966.0,бРел
84,09:37:03,7.68,0.009999999999999787,1,768.0,бРел
85,09:37:06,7.69,0.010000000000000675,279,214294.0,бРел
86,09:37:09,7.67,-0.020000000000000462,22,16874.0,бТел
87,09:37:15,7.68,0.009999999999999787,35,26891.0,бТел
88,09:37:18,7.7,0.020000000000000462,3,2310.0,бРел
89,09:37:21,7.69,-0.009999999999999787,14,10766.0,жпптел
90,09:37:24,7.7,0.009999999999999787,49,37730.0,бРел
91,09:37:33,7.7,0.0,28,21560.0,бРел
92,09:37:36,7.67,-0.03000000000000025,300,230126.0,бТел
93,09:37:42,7.7,0.03000000000000025,5,3850.0,бРел
94,09:37:51,7.7,0.0,14,10780.0,бРел
95,09:37:54,7.7,0.0,4,3080.0,бТел
96,09:37:57,7.7,0.0,1,770.0,бТел
97,09:38:00,7.7,0.0,10,7700.0,бТел
98,09:38:03,7.71,0.009999999999999787,1,771.0,бРел
99,09:38:06,7.7,-0.009999999999999787,9,6930.0,бТел
100,09:38:09,7.7,0.0,7,5390.0,бТел
101,09:38:12,7.7,0.0,1,770.0,бТел
102,09:38:15,7.71,0.009999999999999787,10,7710.0,жпптел
103,09:38:18,7.72,0.009999999999999787,15,11566.0,бРел
104,09:38:24,7.72,0.0,10,7720.0,бРел
105,09:38:27,7.71,-0.009999999999999787,35,26985.0,бТел
106,09:38:33,7.71,0.0,7,5397.0,бТел
107,09:38:48,7.7,-0.009999999999999787,62,47784.0,бТел
108,09:38:54,7.71,0.009999999999999787,52,40092.0,бРел
109,09:39:03,7.72,0.009999999999999787,100,77227.83999999985,бРел
110,09:39:06,7.71,-0.009999999999999787,13,10025.0,бТел
111,09:39:18,7.73,0.020000000000000462,1,773.0,бРел
112,09:39:21,7.71,-0.020000000000000462,17,13107.0,бТел
113,09:39:24,7.73,0.020000000000000462,3,2319.0,бРел
114,09:39:33,7.73,0.0,3,2319.0,бРел
115,09:39:39,7.73,0.0,5,3865.0,бРел
116,09:39:42,7.73,0.0,7,5411.0,бРел
117,09:39:45,7.71,-0.020000000000000462,38,29316.0,бТел
118,09:39:48,7.73,0.020000000000000462,1,773.0,бРел
119,09:40:03,7.73,0.0,3,2315.0,бРел
120,09:40:18,7.72,-0.010000000000000675,3,2316.0,бРел
121,09:40:21,7.73,0.010000000000000675,246,189832.0,бРел
122,09:40:36,7.72,-0.010000000000000675,6,4634.0,бТел
123,09:40:39,7.72,0.0,105,81133.0,бТел
124,09:40:42,7.73,0.010000000000000675,105,81160.0,бРел
125,09:40:45,7.72,-0.010000000000000675,25,19300.0,бРел
126,09:40:48,7.72,0.0,3,2317.0,бТел
127,09:40:54,7.73,0.010000000000000675,49,37849.0,бРел
128,09:40:57,7.73,0.0,7,5411.0,бРел
129,09:41:00,7.73,0.0,7,5411.0,бРел
130,09:41:03,7.72,-0.010000000000000675,36,27796.0,бТел
131,09:41:06,7.72,0.0,57,44004.0,бТел
132,09:41:09,7.72,0.0,1,772.0,бТел
133,09:41:12,7.73,0.010000000000000675,20,15460.0,бРел
134,09:41:15,7.73,0.0,59,45554.0,бРел
135,09:41:24,7.72,-0.010000000000000675,100,77200.0,бТел
136,09:41:30,7.72,0.0,10,7720.0,бТел
137,09:41:36,7.72,0.0,101,78072.0,жпптел
138,09:41:39,7.72,0.0,2,1544.0,бРел
139,09:41:48,7.71,-0.009999999999999787,145,111795.0,бТел
140,09:42:00,7.7,-0.009999999999999787,35,26950.0,бТел
141,09:42:03,7.71,0.009999999999999787,113,87123.0,бРел
142,09:42:09,7.7,-0.009999999999999787,30,23100.0,бТел
143,09:42:12,7.7,0.0,1,770.0,бТел
144,09:42:18,7.71,0.009999999999999787,45,34695.0,бРел
145,09:42:21,7.71,0.0,10,7710.0,бРел
146,09:42:27,7.71,0.0,11,8481.0,бТел
147,09:42:30,7.72,0.009999999999999787,84,64848.0,бРел
148,09:42:36,7.73,0.010000000000000675,26,20098.0,бРел
149,09:42:39,7.73,0.0,11,8502.0,бРел
150,09:42:42,7.73,0.0,26,20097.0,бРел
151,09:42:45,7.73,0.0,36,27828.0,бРел
152,09:42:48,7.74,0.009999999999999787,10,7740.0,бРел
153,09:42:51,7.73,-0.009999999999999787,45,34794.0,бТел
154,09:42:54,7.74,0.009999999999999787,104,80496.0,бРел
155,09:42:57,7.74,0.0,9,6966.0,бРел
156,09:43:00,7.74,0.0,10,7740.0,бРел
157,09:43:03,7.73,-0.009999999999999787,31,23964.0,бТел
158,09:43:06,7.74,0.009999999999999787,8,6192.0,бРел
159,09:43:09,7.73,-0.009999999999999787,11,8503.0,бТел
160,09:43:12,7.74,0.009999999999999787,17,13158.0,бРел
161,09:43:18,7.74,0.0,1,774.0,бРел
162,09:43:21,7.74,0.0,2,1548.0,бРел
163,09:43:24,7.74,0.0,1,774.0,бРел
164,09:43:27,7.74,0.0,72,55712.0,бРел
165,09:43:33,7.74,0.0,50,38700.0,бРел
166,09:43:36,7.74,0.0,11,8514.0,бРел
167,09:43:39,7.73,-0.009999999999999787,108,83584.0,бТел
168,09:43:42,7.74,0.009999999999999787,189,146186.0,бРел
169,09:43:45,7.74,0.0,1,774.0,бРел
170,09:43:48,7.74,0.0,151,116951.11000000034,бРел
171,09:43:51,7.73,-0.009999999999999787,34,26282.0,бТел
172,09:43:57,7.73,0.0,39,30185.0,бТел
173,09:44:03,7.74,0.009999999999999787,8,6192.0,бРел
174,09:44:06,7.75,0.009999999999999787,122,94431.0,бРел
175,09:44:09,7.75,0.0,9,6975.0,бРел
176,09:44:12,7.75,0.0,59,45725.0,бРел
177,09:44:15,7.74,-0.009999999999999787,104,80599.0,бТел
178,09:44:18,7.75,0.009999999999999787,14,10850.0,бРел
179,09:44:21,7.75,0.0,9,6975.0,бРел
180,09:44:24,7.75,0.0,15,11625.0,бРел
181,09:44:27,7.75,0.0,11,8525.0,бРел
182,09:44:33,7.75,0.0,55,42625.0,бРел
183,09:44:36,7.75,0.0,112,86794.0,бРел
184,09:44:39,7.75,0.0,248,192889.75,бРел
185,09:44:42,7.76,0.009999999999999787,142,110192.0,бРел
186,09:44:45,7.75,-0.009999999999999787,63,48885.0,бТел
187,09:44:48,7.76,0.009999999999999787,3,2330.0,жпптел
188,09:44:51,7.77,0.009999999999999787,13,10096.0,бРел
189,09:44:54,7.76,-0.009999999999999787,52,40352.0,бТел
190,09:45:00,7.77,0.009999999999999787,118,91683.0,бРел
191,09:45:03,7.77,0.0,70,54388.0,бРел
192,09:45:06,7.78,0.010000000000000675,147,114319.0,бРел
193,09:45:09,7.77,-0.010000000000000675,110,85470.0,бРел
194,09:45:12,7.77,0.0,16,12432.0,бТел
195,09:45:15,7.77,0.0,45,34965.0,бТел
196,09:45:18,7.78,0.010000000000000675,46,35788.0,бРел
197,09:45:21,7.78,0.0,49,38122.0,бРел
198,09:45:24,7.78,0.0,29,22562.0,бРел
199,09:45:30,7.78,0.0,78,60684.0,бРел
200,09:45:33,7.78,0.0,25,19450.0,бТел
201,09:45:36,7.79,0.009999999999999787,6,4674.0,бРел
202,09:45:39,7.77,-0.020000000000000462,79,61417.0,бТел
203,09:45:42,7.78,0.010000000000000675,93,72274.0,бРел
204,09:45:45,7.77,-0.010000000000000675,32,24842.0,жпптел
205,09:45:48,7.77,0.0,58,45045.0,бРел
206,09:45:51,7.77,0.0,11,8546.0,бРел
207,09:45:54,7.77,0.0,144,111844.0,бРел
208,09:46:00,7.77,0.0,15,11655.0,бРел
209,09:46:03,7.76,-0.009999999999999787,65,50498.0,бТел
210,09:46:06,7.77,0.009999999999999787,10,7770.0,бРел
211,09:46:12,7.77,0.0,31,24086.0,бРел
212,09:46:18,7.77,0.0,2,1554.0,бРел
213,09:46:21,7.76,-0.009999999999999787,20,15520.0,бТел
214,09:46:30,7.76,0.0,54,41904.0,бТел
215,09:46:33,7.76,0.0,26,20176.0,бТел
216,09:46:36,7.76,0.0,6,4657.0,бТел
217,09:46:39,7.76,0.0,79,61304.0,бТел
218,09:46:42,7.76,0.0,6,4656.0,бТел
219,09:46:45,7.75,-0.009999999999999787,398,308778.0,бТел
220,09:46:48,7.76,0.009999999999999787,5,3876.0,бРел
221,09:46:51,7.75,-0.009999999999999787,2,1550.0,бТел
222,09:46:54,7.75,0.0,25,19483.25,бТел
223,09:47:03,7.75,0.0,99,76723.0,бРел
224,09:47:12,7.75,0.0,37,28675.0,бРел
225,09:47:15,7.74,-0.009999999999999787,15,11610.0,бТел
226,09:47:21,7.75,0.009999999999999787,116,89900.0,бРел
227,09:47:24,7.75,0.0,41,32464.75,бРел
228,09:47:30,7.75,0.0,2,1550.0,бТел
229,09:47:33,7.75,0.0,6,4650.0,бТел
230,09:47:36,7.75,0.0,49,37984.0,бТел
231,09:47:39,7.75,0.0,27,20935.0,бТел
232,09:47:42,7.76,0.009999999999999787,20,15520.0,бРел
233,09:47:45,7.76,0.0,506,392646.0,бРел
234,09:47:48,7.77,0.009999999999999787,27,20979.0,бРел
235,09:47:51,7.79,0.020000000000000462,600,466513.99999999907,бРел
236,09:47:54,7.78,-0.009999999999999787,426,331945.0,жпптел
237,09:47:57,7.8,0.019999999999999574,25,19500.0,бРел
238,09:48:00,7.79,-0.009999999999999787,35,27280.0,жпптел
239,09:48:03,7.8,0.009999999999999787,126,98188.0,бРел
240,09:48:06,7.8,0.0,50,39000.0,бРел
241,09:48:09,7.81,0.009999999999999787,118,92110.0,бРел
242,09:48:12,7.81,0.0,10,7810.0,бТел
243,09:48:15,7.82,0.010000000000000675,21,16407.0,бРел
244,09:48:18,7.82,0.0,108,84457.0,бРел
245,09:48:21,7.82,0.0,40,31280.0,бТел
246,09:48:24,7.83,0.009999999999999787,23,17996.0,бРел
247,09:48:30,7.82,-0.009999999999999787,110,86020.0,бТел
248,09:48:33,7.82,0.0,104,81292.0,бРел
249,09:48:36,7.82,0.0,105,82161.0,бРел
250,09:48:39,7.82,0.0,12,9384.0,бРел
251,09:48:42,7.81,-0.010000000000000675,19,14847.0,бТел
252,09:48:45,7.82,0.010000000000000675,58,45334.0,бРел
253,09:48:48,7.82,0.0,49,38313.0,бРел
254,09:48:54,7.81,-0.010000000000000675,2,1562.0,бРел
255,09:48:57,7.82,0.010000000000000675,328,256483.0,бРел
256,09:49:00,7.81,-0.010000000000000675,89,69599.0,бТел
257,09:49:09,7.82,0.010000000000000675,21,16421.0,бРел
258,09:49:12,7.81,-0.010000000000000675,70,54710.0,бТел
259,09:49:15,7.82,0.010000000000000675,68,53148.0,бРел
260,09:49:18,7.81,-0.010000000000000675,47,36708.0,бТел
261,09:49:21,7.8,-0.009999999999999787,17,13276.0,бТел
262,09:49:27,7.76,-0.040000000000000036,317,246943.0,бТел
263,09:49:30,7.76,0.0,53,41222.0,бТел
264,09:49:36,7.76,0.0,19,14772.0,бТел
265,09:49:45,7.78,0.020000000000000462,6,4668.0,бТел
266,09:49:54,7.8,0.019999999999999574,6,4680.0,бРел
267,09:50:00,7.79,-0.009999999999999787,10,7790.0,бРел
268,09:50:15,7.8,0.009999999999999787,23,17940.0,бРел
269,09:50:18,7.8,0.0,1,780.0,бРел
270,09:50:21,7.79,-0.009999999999999787,2,1558.0,бТел
271,09:50:27,7.78,-0.009999999999999787,45,35019.0,бТел
272,09:50:36,7.78,0.0,11,8576.0,бТел
273,09:50:39,7.78,0.0,10,7780.0,бТел
274,09:50:42,7.78,0.0,15,11670.0,бТел
275,09:50:45,7.78,0.0,25,19450.0,бТел
276,09:50:48,7.78,0.0,11,8558.0,бРел
277,09:50:51,7.78,0.0,2,1556.0,бТел
278,09:51:03,7.8,0.019999999999999574,99,77120.0,бРел
279,09:51:06,7.78,-0.019999999999999574,2,1556.0,бТел
280,09:51:09,7.78,0.0,6,4668.0,бТел
281,09:51:15,7.78,0.0,39,30342.0,бРел
282,09:51:27,7.78,0.0,20,15560.0,бТел
283,09:51:33,7.79,0.009999999999999787,6,4672.0,бРел
284,09:51:36,7.79,0.0,2,1558.0,бРел
285,09:51:39,7.78,-0.009999999999999787,9,7002.0,бТел
286,09:51:42,7.79,0.009999999999999787,1,779.0,бРел
287,09:51:45,7.78,-0.009999999999999787,11,8559.0,бТел
288,09:51:48,7.79,0.009999999999999787,26,20254.0,бРел
289,09:51:54,7.78,-0.009999999999999787,148,115232.0,бТел
290,09:52:00,7.79,0.009999999999999787,14,10906.0,бРел
291,09:52:03,7.79,0.0,1,779.0,бРел
292,09:52:06,7.79,0.0,32,24897.0,бРел
293,09:52:12,7.79,0.0,1,779.0,бРел
294,09:52:15,7.79,0.0,2,1558.0,бРел
295,09:52:18,7.79,0.0,1,779.0,бРел
296,09:52:27,7.79,0.0,25,19475.0,бРел
297,09:52:30,7.79,0.0,64,49856.0,бТел
298,09:52:33,7.8,0.009999999999999787,5,3899.0,бРел
299,09:52:36,7.78,-0.019999999999999574,51,39709.0,бТел
300,09:52:39,7.79,0.009999999999999787,30,23370.0,бРел
301,09:52:42,7.79,0.0,5,3895.0,бРел
302,09:52:48,7.79,0.0,215,167285.0,бРел
303,09:52:54,7.79,0.0,1,779.0,бРел
304,09:53:00,7.79,0.0,42,32715.0,бРел
305,09:53:12,7.78,-0.009999999999999787,14,10901.0,бТел
306,09:53:15,7.79,0.009999999999999787,16,12464.0,бРел
307,09:53:18,7.79,0.0,1,779.0,бРел
308,09:53:21,7.78,-0.009999999999999787,135,105127.0,бТел
309,09:53:27,7.78,0.0,12,9336.0,бРел
310,09:53:45,7.77,-0.010000000000000675,5,3885.0,бТел
311,09:53:48,7.78,0.010000000000000675,1,778.0,бРел
312,09:53:54,7.78,0.0,20,15560.0,бРел
313,09:54:06,7.77,-0.010000000000000675,3,2331.0,бТел
314,09:54:09,7.77,0.0,10,7770.0,бТел
315,09:54:12,7.77,0.0,23,17871.0,бТел
316,09:54:15,7.77,0.0,3,2331.0,бТел
317,09:54:18,7.77,0.0,51,39628.0,бТел
318,09:54:24,7.77,0.0,25,19425.0,бТел
319,09:54:30,7.78,0.010000000000000675,6,4668.0,бРел
320,09:54:33,7.78,0.0,1,778.0,бРел
321,09:54:36,7.78,0.0,58,45067.0,бРел
322,09:54:45,7.77,-0.010000000000000675,20,15540.0,бРел
323,09:54:48,7.78,0.010000000000000675,13,10102.0,бРел
324,09:54:51,7.78,0.0,2,1556.0,бРел
325,09:55:00,7.78,0.0,2,1556.0,бРел
326,09:55:15,7.78,0.0,45,35010.0,бРел
327,09:55:18,7.78,0.0,1,778.0,бРел
328,09:55:30,7.77,-0.010000000000000675,17,13209.0,бТел
329,09:55:33,7.78,0.010000000000000675,1,778.0,бРел
330,09:55:48,7.77,-0.010000000000000675,70,54390.0,бТел
331,09:55:54,7.77,0.0,20,15540.0,бРел
332,09:55:57,7.76,-0.009999999999999787,62,48114.0,бТел
333,09:56:00,7.77,0.009999999999999787,46,35742.0,бРел
334,09:56:03,7.77,0.0,21,16318.0,бТел
335,09:56:06,7.77,0.0,5,3885.0,бТел
336,09:56:15,7.77,0.0,10,7770.0,бТел
337,09:56:21,7.78,0.010000000000000675,2,1556.0,бРел
338,09:56:24,7.78,0.0,24,18672.0,бРел
339,09:56:30,7.77,-0.010000000000000675,4,3111.0,бТел
340,09:56:33,7.78,0.010000000000000675,2,1556.0,бРел
341,09:56:48,7.78,0.0,13,10106.0,бРел
342,09:56:51,7.78,0.0,39,30342.0,бРел
343,09:56:57,7.78,0.0,10,7780.0,бРел
344,09:57:00,7.78,0.0,1,778.0,бРел
345,09:57:03,7.78,0.0,22,17115.0,бРел
346,09:57:12,7.78,0.0,126,98028.0,бРел
347,09:57:21,7.78,0.0,1,778.0,бРел
348,09:57:27,7.78,0.0,23,17894.0,бРел
349,09:57:39,7.8,0.019999999999999574,1000,779787.0,бРел
350,09:57:42,7.8,0.0,1,780.0,бРел
351,09:57:45,7.78,-0.019999999999999574,18,14055.0,бТел
352,09:57:48,7.81,0.02999999999999936,1,781.0,бРел
353,09:57:54,7.8,-0.009999999999999787,2,1560.0,бТел
354,09:57:57,7.81,0.009999999999999787,21,16401.0,бРел
355,09:58:03,7.81,0.0,11,8581.0,бРел
356,09:58:06,7.81,0.0,300,234270.0,бРел
357,09:58:09,7.8,-0.009999999999999787,45,35100.0,бРел
358,09:58:12,7.8,0.0,5,3900.0,бРел
359,09:58:15,7.8,0.0,20,15600.0,бРел
360,09:58:21,7.79,-0.009999999999999787,16,12465.0,бТел
361,09:58:24,7.8,0.009999999999999787,28,21840.0,бРел
362,09:58:30,7.8,0.0,4,3120.0,бРел
363,09:58:36,7.8,0.0,12,9360.0,бТел
364,09:58:39,7.8,0.0,25,19500.0,бТел
365,09:58:42,7.8,0.0,50,39000.0,бТел
366,09:58:45,7.8,0.0,20,15600.0,бТел
367,09:58:48,7.8,0.0,1,780.0,бТел
368,09:58:51,7.8,0.0,54,42160.0,бТел
369,09:58:54,7.8,0.0,52,40560.0,бТел
370,09:58:57,7.8,0.0,21,16380.0,бТел
371,09:59:12,7.8,0.0,10,7800.0,бРел
372,09:59:21,7.8,0.0,2,1560.0,бРел
373,09:59:27,7.8,0.0,80,62381.0,бРел
374,09:59:33,7.8,0.0,7,5460.0,бРел
375,09:59:39,7.8,0.0,54,42120.0,бРел
376,09:59:42,7.79,-0.009999999999999787,10,7790.0,бТел
377,09:59:48,7.8,0.009999999999999787,1,780.0,бРел
378,10:00:03,7.8,0.0,102,79560.0,бРел
379,10:00:21,7.8,0.0,13,10140.0,бРел
380,10:00:24,7.8,0.0,23,17940.0,бРел
381,10:00:30,7.8,0.0,17,13260.0,бТел
382,10:00:36,7.8,0.0,3,2340.0,бРел
383,10:00:45,7.8,0.0,10,7800.0,бТел
384,10:00:51,7.8,0.0,5,3900.0,бТел
385,10:01:00,7.81,0.009999999999999787,12,9363.0,бРел
386,10:01:03,7.8,-0.009999999999999787,20,15600.0,жпптел
387,10:01:06,7.79,-0.009999999999999787,3,2337.0,бТел
388,10:01:09,7.79,0.0,1,779.0,бТел
389,10:01:12,7.79,0.0,8,6232.0,бТел
390,10:01:18,7.79,0.0,6,4674.0,бТел
391,10:01:21,7.8,0.009999999999999787,6,4677.0,бРел
392,10:01:24,7.79,-0.009999999999999787,74,57646.0,бТел
393,10:01:39,7.79,0.0,28,21804.0,бРел
394,10:01:51,7.78,-0.009999999999999787,164,127592.0,бТел
395,10:02:00,7.78,0.0,34,26452.0,бРел
396,10:02:03,7.78,0.0,10,7780.0,бРел
397,10:02:06,7.77,-0.010000000000000675,7,5439.0,бТел
398,10:02:27,7.77,0.0,20,15540.0,бТел
399,10:02:39,7.78,0.010000000000000675,10,7780.0,бРел
400,10:02:51,7.78,0.0,5,3890.0,бРел
401,10:02:54,7.78,0.0,3,2334.0,бРел
402,10:02:57,7.79,0.009999999999999787,1,779.0,бРел
403,10:03:09,7.79,0.0,10,7790.0,бРел
404,10:03:33,7.78,-0.009999999999999787,60,46680.0,бТел
405,10:03:54,7.78,0.0,10,7780.0,бРел
406,10:04:00,7.77,-0.010000000000000675,133,103341.0,бТел
407,10:04:06,7.77,0.0,40,31080.0,бТел
408,10:04:12,7.77,0.0,38,29526.0,бТел
409,10:04:24,7.77,0.0,5,3885.0,бТел
410,10:05:03,7.78,0.010000000000000675,7,5446.0,бРел
411,10:05:12,7.77,-0.010000000000000675,5,3885.0,бТел
412,10:05:18,7.78,0.010000000000000675,4,3112.0,бРел
413,10:05:27,7.77,-0.010000000000000675,2,1554.0,бТел
414,10:05:42,7.78,0.010000000000000675,12,9331.0,бРел
415,10:05:51,7.78,0.0,3,2334.0,бРел
416,10:05:54,7.78,0.0,16,12448.0,бРел
417,10:06:00,7.77,-0.010000000000000675,5,3885.0,бТел
418,10:06:03,7.78,0.010000000000000675,26,20228.0,бРел
419,10:06:15,7.77,-0.010000000000000675,30,23310.0,бТел
420,10:06:30,7.77,0.0,22,17094.0,бТел
421,10:06:36,7.78,0.010000000000000675,5,3890.0,бРел
422,10:06:42,7.77,-0.010000000000000675,1,777.0,бТел
423,10:07:03,7.77,0.0,5,3885.0,бТел
424,10:07:15,7.77,0.0,5,3885.0,бТел
425,10:07:21,7.77,0.0,1,777.0,бТел
426,10:07:48,7.77,0.0,7,5439.0,бТел
427,10:07:51,7.77,0.0,29,22533.0,бТел
428,10:07:54,7.77,0.0,102,79225.0,бТел
429,10:07:57,7.77,0.0,7,5439.0,бТел
430,10:08:03,7.76,-0.009999999999999787,66,51216.0,бТел
431,10:08:09,7.76,0.0,47,36472.0,бТел
432,10:08:12,7.76,0.0,101,78376.0,бТел
433,10:08:27,7.77,0.009999999999999787,10,7770.0,бРел
434,10:08:39,7.77,0.0,7,5439.0,бРел
435,10:08:48,7.75,-0.019999999999999574,42,32550.0,бТел
436,10:08:57,7.77,0.019999999999999574,12,9324.0,бРел
437,10:09:06,7.77,0.0,1,777.0,бТел
438,10:09:09,7.77,0.0,77,59829.0,бТел
439,10:09:15,7.75,-0.019999999999999574,1,775.0,бТел
440,10:09:21,7.77,0.019999999999999574,19,14763.0,бРел
441,10:09:36,7.76,-0.009999999999999787,10,7760.0,бТел
442,10:09:45,7.76,0.0,21,16296.0,бТел
443,10:09:51,7.76,0.0,5,3880.0,бТел
444,10:10:06,7.76,0.0,74,57424.0,бТел
445,10:10:15,7.76,0.0,137,106201.0,бРел
446,10:10:27,7.76,0.0,84,65184.0,бТел
447,10:10:33,7.76,0.0,11,8536.0,бРел
448,10:10:39,7.76,0.0,54,41904.0,бТел
449,10:10:42,7.76,0.0,30,23280.0,бРел
450,10:10:45,7.76,0.0,14,10864.0,бРел
451,10:11:06,7.75,-0.009999999999999787,142,110050.0,бТел
452,10:11:09,7.75,0.0,39,30225.0,бРел
453,10:11:18,7.74,-0.009999999999999787,30,23220.0,бТел
454,10:11:42,7.74,0.0,23,17802.0,бТел
455,10:11:51,7.74,0.0,9,6966.0,бТел
456,10:11:54,7.74,0.0,1,774.0,бРел
457,10:11:57,7.74,0.0,22,17028.0,бТел
458,10:12:15,7.75,0.009999999999999787,10,7750.0,бРел
459,10:12:30,7.77,0.019999999999999574,33,25641.0,бРел
460,10:12:33,7.75,-0.019999999999999574,40,31018.0,бТел
461,10:12:57,7.75,0.0,162,125550.0,бТел
462,10:13:00,7.79,0.040000000000000036,75,58353.0,бРел
463,10:13:27,7.78,-0.009999999999999787,24,18672.0,бРел
464,10:13:30,7.78,0.0,3,2334.0,бРел
465,10:13:36,7.78,0.0,23,17894.0,бРел
466,10:13:45,7.79,0.009999999999999787,2,1558.0,бРел
467,10:13:57,7.79,0.0,6,4674.0,бРел
468,10:14:00,7.78,-0.009999999999999787,21,16338.0,бТел
469,10:14:09,7.78,0.0,3,2334.0,бТел
470,10:14:12,7.79,0.009999999999999787,10,7790.0,бРел
471,10:14:15,7.78,-0.009999999999999787,10,7780.0,бТел
472,10:14:33,7.78,0.0,4,3112.0,бТел
473,10:14:39,7.79,0.009999999999999787,2,1558.0,бРел
474,10:14:42,7.79,0.0,6,4674.0,бРел
475,10:14:45,7.78,-0.009999999999999787,10,7780.0,бТел
476,10:14:48,7.79,0.009999999999999787,10,7790.0,бРел
477,10:14:51,7.78,-0.009999999999999787,11,8558.0,бТел
478,10:14:54,7.79,0.009999999999999787,3,2337.0,бРел
479,10:14:57,7.78,-0.009999999999999787,10,7780.0,бТел
480,10:15:12,7.79,0.009999999999999787,52,40508.0,бРел
481,10:15:30,7.79,0.0,6,4674.0,бРел
482,10:15:42,7.79,0.0,1,779.0,бРел
483,10:15:51,7.79,0.0,19,14801.0,бРел
484,10:15:57,7.79,0.0,10,7790.0,бРел
485,10:16:09,7.79,0.0,20,15580.0,бРел
486,10:16:12,7.79,0.0,12,9348.0,бРел
487,10:16:21,7.8,0.009999999999999787,200,155853.0,бРел
488,10:16:33,7.8,0.0,28,21840.0,бРел
489,10:16:39,7.8,0.0,2,1560.0,бРел
490,10:16:42,7.79,-0.009999999999999787,3,2337.0,бТел
491,10:16:48,7.8,0.009999999999999787,2,1560.0,бРел
492,10:17:09,7.8,0.0,169,131820.0,бРел
493,10:17:12,7.79,-0.009999999999999787,10,7790.0,бТел
494,10:17:30,7.79,0.0,5,3895.0,бТел
495,10:17:36,7.8,0.009999999999999787,12,9360.0,бРел
496,10:17:45,7.79,-0.009999999999999787,12,9348.0,бТел
497,10:17:57,7.8,0.009999999999999787,9,7020.0,бРел
498,10:18:06,7.8,0.0,9,7020.0,бРел
499,10:18:12,7.79,-0.009999999999999787,32,24928.0,бТел
500,10:18:15,7.8,0.009999999999999787,8,6240.0,бРел
501,10:18:27,7.8,0.0,75,58475.0,бРел
502,10:18:30,7.8,0.0,9,7020.0,бРел
503,10:18:33,7.79,-0.009999999999999787,15,11685.0,бТел
504,10:18:36,7.8,0.009999999999999787,15,11700.0,бРел
505,10:18:42,7.8,0.0,9,7020.0,бРел
506,10:18:48,7.8,0.0,20,15600.0,бРел
507,10:18:51,7.8,0.0,1,780.0,бРел
508,10:18:54,7.8,0.0,5,3900.0,бРел
509,10:18:57,7.8,0.0,58,45240.0,бРел
510,10:19:03,7.8,0.0,14,10920.0,бРел
511,10:19:06,7.79,-0.009999999999999787,9,7019.0,бТел
512,10:19:15,7.8,0.009999999999999787,11,8580.0,бРел
513,10:19:18,7.79,-0.009999999999999787,1,779.0,бТел
514,10:19:21,7.8,0.009999999999999787,2,1560.0,бРел
515,10:19:24,7.8,0.0,20,15600.0,бРел
516,10:19:27,7.79,-0.009999999999999787,128,99712.0,бТел
517,10:19:39,7.78,-0.009999999999999787,13,10114.0,бТел
518,10:19:42,7.79,0.009999999999999787,5,3895.0,бРел
519,10:19:45,7.78,-0.009999999999999787,13,10114.0,бТел
520,10:20:03,7.78,0.0,25,19450.0,бТел
521,10:20:06,7.78,0.0,2,1556.0,бРел
522,10:20:12,7.78,0.0,12,9336.0,бРел
523,10:20:21,7.77,-0.010000000000000675,1,777.0,бТел
524,10:20:30,7.78,0.010000000000000675,1,778.0,бРел
525,10:20:36,7.78,0.0,6,4668.0,бРел
526,10:20:39,7.78,0.0,3,2334.0,бРел
527,10:20:51,7.78,0.0,1,778.0,бРел
528,10:21:00,7.77,-0.010000000000000675,14,10887.0,бТел
529,10:21:09,7.77,0.0,1,777.0,бТел
530,10:21:36,7.78,0.010000000000000675,136,105808.0,бРел
531,10:21:48,7.78,0.0,10,7780.0,бТел
532,10:21:51,7.79,0.009999999999999787,41,31939.0,бРел
533,10:21:57,7.79,0.0,9,7011.0,бТел
534,10:22:00,7.79,0.0,28,21812.0,бТел
535,10:22:03,7.79,0.0,2,1558.0,бРел
536,10:22:09,7.79,0.0,9,7011.0,бРел
537,10:22:24,7.8,0.009999999999999787,20,15597.0,бРел
538,10:22:42,7.78,-0.019999999999999574,11,8567.0,бТел
539,10:23:06,7.8,0.019999999999999574,415,323665.0,бРел
540,10:23:09,7.8,0.0,3,2340.0,бРел
541,10:23:12,7.8,0.0,24,18720.0,бРел
542,10:23:18,7.8,0.0,21,16380.0,бРел
543,10:23:24,7.78,-0.019999999999999574,235,182830.0,бТел
544,10:23:42,7.78,0.0,50,38900.0,бТел
545,10:23:57,7.79,0.009999999999999787,6,4674.0,бТел
546,10:24:06,7.79,0.0,26,20254.0,бРел
547,10:24:15,7.79,0.0,10,7790.0,бРел
548,10:24:21,7.79,0.0,9,7011.0,бРел
549,10:24:39,7.78,-0.009999999999999787,26,20230.0,бТел
550,10:24:45,7.77,-0.010000000000000675,3,2331.0,бТел
551,10:25:06,7.77,0.0,4,3108.0,бТел
552,10:25:12,7.78,0.010000000000000675,10,7780.0,бРел
553,10:25:15,7.78,0.0,26,20228.0,бРел
554,10:25:24,7.78,0.0,5,3890.0,бТел
555,10:25:30,7.78,0.0,5,3890.0,жпптел
556,10:25:36,7.77,-0.010000000000000675,15,11660.0,бТел
557,10:25:48,7.79,0.020000000000000462,4,3116.0,бРел
558,10:26:09,7.79,0.0,2,1558.0,бРел
559,10:26:15,7.79,0.0,10,7790.0,бРел
560,10:26:24,7.78,-0.009999999999999787,23,17894.0,бТел
561,10:26:30,7.79,0.009999999999999787,25,19475.0,бРел
562,10:26:33,7.78,-0.009999999999999787,5,3890.0,бТел
563,10:26:36,7.78,0.0,9,7008.0,бТел
564,10:26:42,7.78,0.0,43,33454.0,бТел
565,10:26:51,7.77,-0.010000000000000675,22,17094.0,бТел
566,10:27:00,7.78,0.010000000000000675,5,3890.0,бРел
567,10:27:36,7.78,0.0,0,427.9000000022352,бРел
568,10:27:51,7.79,0.009999999999999787,122,94853.44999999925,бРел
569,10:28:06,7.78,-0.009999999999999787,1,778.0,бРел
570,10:28:12,7.78,0.0,29,22562.0,бРел
571,10:29:00,7.78,0.0,21,16345.0,бТел
572,10:29:15,7.78,0.0,1,778.0,бТел
573,10:29:18,7.78,0.0,8,6224.0,бТел
574,10:29:39,7.79,0.009999999999999787,10,7790.0,бРел
575,10:29:48,7.79,0.0,54,42066.0,бРел
576,10:30:03,7.78,-0.009999999999999787,1,778.0,бТел
577,10:30:18,7.78,0.0,28,21784.0,бТел
578,10:30:27,7.78,0.0,8,6224.0,бТел
579,10:30:36,7.79,0.009999999999999787,342,266418.0,бРел
580,10:30:42,7.79,0.0,5,3895.0,бТел
581,10:30:48,7.79,0.0,3,2337.0,бТел
582,10:30:51,7.8,0.009999999999999787,13,10140.0,бРел
583,10:31:03,7.8,0.0,3,2340.0,бРел
584,10:31:15,7.79,-0.009999999999999787,1,779.0,бТел
585,10:31:18,7.8,0.009999999999999787,1,780.0,бРел
586,10:31:24,7.8,0.0,1,780.0,бРел
587,10:31:30,7.79,-0.009999999999999787,17,13243.0,бТел
588,10:31:36,7.79,0.0,158,123082.0,бТел
589,10:31:39,7.79,0.0,38,29602.0,бТел
590,10:31:42,7.79,0.0,175,136325.0,бТел
591,10:32:03,7.79,0.0,1,779.0,бРел
592,10:32:06,7.79,0.0,2,1558.0,бРел
593,10:32:12,7.79,0.0,30,23370.0,бРел
594,10:32:15,7.78,-0.009999999999999787,1,778.0,бТел
595,10:32:18,7.79,0.009999999999999787,1,779.0,бРел
596,10:32:24,7.78,-0.009999999999999787,20,15560.0,бТел
597,10:32:30,7.79,0.009999999999999787,5,3895.0,бРел
598,10:32:33,7.79,0.0,1,779.0,бРел
599,10:32:48,7.79,0.0,1,779.0,бРел
600,10:32:51,7.79,0.0,8,6232.0,бРел
601,10:33:03,7.79,0.0,1,779.0,бРел
602,10:33:33,7.79,0.0,1,779.0,бРел
603,10:33:45,7.79,0.0,16,12464.0,бРел
604,10:33:51,7.79,0.0,9,7011.0,бРел
605,10:33:57,7.79,0.0,5,3895.0,бРел
606,10:34:03,7.79,0.0,11,8569.0,бРел
607,10:34:18,7.79,0.0,1,779.0,бРел
608,10:34:21,7.78,-0.009999999999999787,4,3112.0,бТел
609,10:34:33,7.79,0.009999999999999787,1,779.0,бРел
610,10:34:51,7.78,-0.009999999999999787,151,117479.0,бТел
611,10:35:03,7.79,0.009999999999999787,1,779.0,бРел
612,10:35:18,7.79,0.0,1,779.0,бРел
613,10:35:33,7.79,0.0,1,779.0,бРел
614,10:35:42,7.78,-0.009999999999999787,5,3890.0,бТел
615,10:35:48,7.79,0.009999999999999787,1,779.0,бРел
616,10:35:54,7.78,-0.009999999999999787,14,10892.0,бТел
617,10:36:09,7.78,0.0,26,20228.0,бТел
618,10:36:12,7.78,0.0,5,3890.0,бТел
619,10:36:18,7.79,0.009999999999999787,1,779.0,бРел
620,10:36:36,7.79,0.0,1,779.0,бРел
621,10:36:42,7.79,0.0,1,779.0,бРел
622,10:36:48,7.79,0.0,1,779.0,бРел
623,10:37:03,7.79,0.0,1,779.0,бРел
624,10:37:15,7.78,-0.009999999999999787,1,778.0,бТел
625,10:37:18,7.79,0.009999999999999787,6,4674.0,бРел
626,10:37:36,7.79,0.0,1,779.0,бРел
627,10:37:45,7.79,0.0,100,77900.0,бРел
628,10:37:48,7.79,0.0,2,1558.0,бРел
629,10:38:00,7.79,0.0,5,3895.0,бРел
630,10:38:03,7.79,0.0,1,779.0,бРел
631,10:38:06,7.79,0.0,10,7790.0,бРел
632,10:38:18,7.79,0.0,1,779.0,бРел
633,10:38:30,7.78,-0.009999999999999787,29,22562.0,бТел
634,10:38:36,7.78,0.0,163,126814.0,бТел
635,10:38:39,7.78,0.0,1,778.0,бРел
636,10:38:45,7.78,0.0,6,4668.0,бРел
637,10:38:48,7.78,0.0,1,778.0,бРел
638,10:39:03,7.78,0.0,12,9336.0,бРел
639,10:39:18,7.78,0.0,2,1555.0,бРел
640,10:39:21,7.77,-0.010000000000000675,4,3108.0,бТел
641,10:39:45,7.77,0.0,6,4662.0,бТел
642,10:39:48,7.77,0.0,204,158508.0,бТел
643,10:40:03,7.77,0.0,1,777.0,бРел
644,10:40:09,7.76,-0.009999999999999787,70,54320.0,бТел
645,10:40:15,7.76,0.0,12,9312.0,бТел
646,10:40:18,7.77,0.009999999999999787,1,777.0,бРел
647,10:40:24,7.77,0.0,25,19425.0,бРел
648,10:40:36,7.77,0.0,3,2331.0,бРел
649,10:40:42,7.76,-0.009999999999999787,1,776.0,бТел
650,10:40:48,7.77,0.009999999999999787,11,8537.0,бРел
651,10:41:00,7.76,-0.009999999999999787,4,3104.0,бТел
652,10:41:03,7.77,0.009999999999999787,1,777.0,бРел
653,10:41:18,7.77,0.0,1,777.0,бРел
654,10:41:27,7.76,-0.009999999999999787,46,35696.0,бТел
655,10:41:33,7.77,0.009999999999999787,6,4662.0,бРел
656,10:41:36,7.77,0.0,1,777.0,бРел
657,10:41:48,7.77,0.0,1,777.0,бРел
658,10:41:54,7.76,-0.009999999999999787,10,7760.0,бТел
659,10:42:03,7.77,0.009999999999999787,11,8537.0,бРел
660,10:42:06,7.76,-0.009999999999999787,17,13192.0,бТел
661,10:42:18,7.77,0.009999999999999787,1,777.0,бРел
662,10:42:27,7.77,0.0,30,23310.0,бРел
663,10:42:33,7.76,-0.009999999999999787,28,21728.0,бТел
664,10:42:36,7.77,0.009999999999999787,1,777.0,бРел
665,10:42:39,7.77,0.0,12,9320.0,бРел
666,10:42:48,7.77,0.0,1,777.0,бРел
667,10:42:57,7.77,0.0,2,1554.0,бРел
668,10:43:00,7.76,-0.009999999999999787,31,24056.0,бТел
669,10:43:03,7.77,0.009999999999999787,18,13969.0,бРел
670,10:43:06,7.76,-0.009999999999999787,51,39576.0,бТел
671,10:43:12,7.76,0.0,15,11640.0,бРел
672,10:43:18,7.76,0.0,1,776.0,бРел
673,10:43:21,7.76,0.0,10,7760.0,бРел
674,10:43:24,7.75,-0.009999999999999787,5,3875.0,бТел
675,10:43:36,7.76,0.009999999999999787,2,1552.0,бРел
676,10:43:45,7.75,-0.009999999999999787,1,775.0,бТел
677,10:43:48,7.76,0.009999999999999787,1,776.0,бРел
678,10:43:54,7.76,0.0,1,776.0,бРел
679,10:43:57,7.75,-0.009999999999999787,4,3100.0,бТел
680,10:44:00,7.75,0.0,30,23250.0,бТел
681,10:44:03,7.76,0.009999999999999787,1,776.0,бРел
682,10:44:06,7.75,-0.009999999999999787,10,7750.0,бТел
683,10:44:12,7.76,0.009999999999999787,22,17072.0,бРел
684,10:44:18,7.75,-0.009999999999999787,82,63550.0,бТел
685,10:44:24,7.75,0.0,3,2325.0,бТел
686,10:44:36,7.76,0.009999999999999787,1,776.0,бРел
687,10:44:48,7.76,0.0,1,776.0,бРел
688,10:45:03,7.76,0.0,2,1552.0,бРел
689,10:45:06,7.75,-0.009999999999999787,11,8525.0,бТел
690,10:45:30,7.76,0.009999999999999787,7,5432.0,бРел
691,10:45:36,7.76,0.0,66,51196.0,бРел
692,10:45:39,7.75,-0.009999999999999787,34,26350.0,бТел
693,10:45:48,7.76,0.009999999999999787,1,776.0,бРел
694,10:46:03,7.76,0.0,1,776.0,бРел
695,10:46:09,7.76,0.0,10,7760.0,бРел
696,10:46:12,7.75,-0.009999999999999787,100,77500.0,бТел
697,10:46:18,7.76,0.009999999999999787,1,776.0,бРел
698,10:46:24,7.75,-0.009999999999999787,9,6975.0,бТел
699,10:46:36,7.76,0.009999999999999787,1,776.0,бРел
700,10:46:48,7.76,0.0,1,776.0,бРел
701,10:47:00,7.76,0.0,2,1552.0,бРел
702,10:47:03,7.76,0.0,1,776.0,бРел
703,10:47:18,7.76,0.0,1,776.0,бРел
704,10:47:27,7.76,0.0,124,96224.0,бРел
705,10:47:36,7.76,0.0,3,2329.0,бТел
706,10:47:42,7.76,0.0,2,1552.0,бТел
707,10:47:48,7.77,0.009999999999999787,1,777.0,бРел
708,10:47:54,7.77,0.0,8,6216.0,бРел
709,10:48:06,7.77,0.0,15,11655.0,бРел
710,10:48:18,7.77,0.0,1,777.0,бРел
711,10:48:48,7.77,0.0,781,606837.0,бРел
712,10:48:51,7.78,0.010000000000000675,7,5446.0,бРел
713,10:48:54,7.78,0.0,1,778.0,бРел
714,10:49:03,7.78,0.0,1,778.0,бРел
715,10:49:18,7.78,0.0,1,778.0,бРел
716,10:49:36,7.78,0.0,1,778.0,бРел
717,10:49:39,7.78,0.0,10,7780.0,бРел
718,10:49:48,7.78,0.0,1,778.0,бРел
719,10:50:03,7.78,0.0,1,778.0,бРел
720,10:50:18,7.78,0.0,13,10114.0,бРел
721,10:50:33,7.78,0.0,1,778.0,бРел
722,10:50:39,7.77,-0.010000000000000675,13,10101.0,бТел
723,10:50:42,7.77,0.0,3,2331.0,бТел
724,10:50:45,7.77,0.0,2,1554.0,бТел
725,10:50:48,7.77,0.0,2,1554.0,бТел
726,10:51:03,7.77,0.0,1,777.0,бРел
727,10:51:12,7.76,-0.009999999999999787,5,3880.0,бТел
728,10:51:18,7.77,0.009999999999999787,1,777.0,бРел
729,10:51:30,7.77,0.0,2,1554.0,бРел
730,10:51:33,7.77,0.0,1,777.0,бРел
731,10:51:36,7.76,-0.009999999999999787,29,22504.0,бТел
732,10:51:48,7.76,0.0,1,776.0,бРел
733,10:51:57,7.76,0.0,30,23280.0,бРел
734,10:52:03,7.77,0.009999999999999787,1,777.0,бРел
735,10:52:18,7.77,0.0,1,777.0,бРел
736,10:52:27,7.76,-0.009999999999999787,6,4656.0,бТел
737,10:52:30,7.78,0.020000000000000462,181,140782.0,бРел
738,10:52:33,7.79,0.009999999999999787,1,779.0,бРел
739,10:52:48,7.79,0.0,1,779.0,бРел
740,10:53:03,7.8,0.009999999999999787,401,312499.0,бРел
741,10:53:12,7.8,0.0,29,22620.0,бРел
742,10:53:18,7.76,-0.040000000000000036,2,1556.0,бТел
743,10:53:33,7.8,0.040000000000000036,1,780.0,бРел
744,10:53:48,7.79,-0.009999999999999787,1,779.0,жпптел
745,10:54:03,7.79,0.0,1,779.0,бРел
746,10:54:12,7.76,-0.03000000000000025,1,776.0,бТел
747,10:54:15,7.76,0.0,53,41242.0,бТел
748,10:54:18,7.76,0.0,1,776.0,бТел
749,10:54:30,7.77,0.009999999999999787,28,21784.0,бТел
750,10:54:33,7.79,0.020000000000000462,1,779.0,жпптел
751,10:54:39,7.77,-0.020000000000000462,8,6216.0,бТел
752,10:54:42,7.77,0.0,10,7770.0,бРел
753,10:54:48,7.77,0.0,1,777.0,бРел
754,10:54:51,7.77,0.0,11,8547.0,бРел
755,10:54:54,7.77,0.0,1,777.0,бРел
756,10:54:57,7.77,0.0,22,17093.0,бРел
757,10:55:03,7.77,0.0,1,777.0,бРел
758,10:55:06,7.76,-0.009999999999999787,100,77600.0,бТел
759,10:55:18,7.77,0.009999999999999787,1,777.0,бРел
760,10:55:33,7.77,0.0,3,2331.0,бРел
761,10:55:48,7.76,-0.009999999999999787,25,19400.0,бТел
762,10:55:51,7.76,0.0,25,19420.0,бТел
763,10:56:03,7.77,0.009999999999999787,1,777.0,бРел
764,10:56:21,7.77,0.0,1,777.0,бРел
765,10:56:33,7.77,0.0,1,777.0,бРел
766,10:56:45,7.77,0.0,32,24864.0,бРел
767,10:56:48,7.78,0.010000000000000675,12,9326.0,бРел
768,10:57:00,7.77,-0.010000000000000675,5,3885.0,бТел
769,10:57:15,7.77,0.0,1,777.0,бТел
770,10:57:21,7.78,0.010000000000000675,5,3887.0,бРел
771,10:57:48,7.78,0.0,1,778.0,бРел
772,10:58:03,7.78,0.0,1,778.0,бРел
773,10:58:06,7.78,0.0,16,12448.0,бРел
774,10:58:21,7.78,0.0,2,1556.0,бРел
775,10:58:27,7.78,0.0,33,25674.0,бРел
776,10:58:33,7.78,0.0,1,778.0,бРел
777,10:58:48,7.77,-0.010000000000000675,7,5440.0,бТел
778,10:58:54,7.77,0.0,6,4662.0,бТел
779,10:59:03,7.77,0.0,1,777.0,бРел
780,10:59:21,7.77,0.0,13,10089.0,бРел
781,10:59:33,7.77,0.0,1,777.0,бРел
782,10:59:48,7.77,0.0,2,1554.0,бРел
783,11:00:03,7.77,0.0,2,1554.0,бРел
784,11:00:06,7.76,-0.009999999999999787,46,35696.0,бТел
785,11:00:18,7.77,0.009999999999999787,12,9324.0,бРел
786,11:00:30,7.76,-0.009999999999999787,159,123384.0,бТел
787,11:00:51,7.76,0.0,2,1552.0,бТел
788,11:00:54,7.77,0.009999999999999787,4,3108.0,бРел
789,11:00:57,7.77,0.0,37,28749.0,бРел
790,11:01:03,7.77,0.0,43,33411.0,бТел
791,11:01:42,7.77,0.0,12,9324.0,бРел
792,11:01:48,7.76,-0.009999999999999787,7,5432.0,бТел
793,11:01:51,7.77,0.009999999999999787,2,1554.0,бРел
794,11:02:03,7.77,0.0,1,777.0,бРел
795,11:02:06,7.77,0.0,43,33411.0,бТел
796,11:02:33,7.77,0.0,5,3885.0,бТел
797,11:02:39,7.76,-0.009999999999999787,12,9312.0,бТел
798,11:03:18,7.76,0.0,2,1552.0,бТел
799,11:03:39,7.76,0.0,20,15520.0,бТел
800,11:04:00,7.76,0.0,5,3880.0,бТел
801,11:04:48,7.76,0.0,1,776.0,бТел
802,11:05:12,7.76,0.0,47,36472.0,бТел
803,11:05:27,7.75,-0.009999999999999787,1,775.0,бТел
804,11:05:30,7.76,0.009999999999999787,269,209496.7199999988,бРел
805,11:05:33,7.77,0.009999999999999787,35,27195.0,бРел
806,11:05:48,7.77,0.0,7,5439.0,бРел
807,11:05:54,7.77,0.0,5,3885.0,бРел
808,11:06:12,7.76,-0.009999999999999787,11,8536.0,бТел
809,11:06:24,7.76,0.0,3,2328.0,бТел
810,11:06:36,7.76,0.0,10,7760.0,бТел
811,11:08:15,7.78,0.020000000000000462,37,28781.0,бРел
812,11:08:27,7.78,0.0,14,10892.0,бРел
813,11:08:30,7.78,0.0,16,12448.0,бРел
814,11:08:48,7.78,0.0,4,3112.0,бРел
815,11:09:27,7.77,-0.010000000000000675,95,73815.0,бТел
816,11:09:30,7.77,0.0,32,24864.0,бРел
817,11:09:39,7.77,0.0,95,73815.0,бРел
818,11:09:42,7.77,0.0,61,47397.0,бРел
819,11:09:45,7.77,0.0,11,8547.0,бРел
820,11:09:48,7.76,-0.009999999999999787,25,19400.0,бТел
821,11:11:06,7.76,0.0,124,96224.0,бТел
822,11:11:30,7.75,-0.009999999999999787,1,775.0,бТел
823,11:11:48,7.75,0.0,10,7754.0,бТел
824,11:12:18,7.75,0.0,5,3875.0,бТел
825,11:13:09,7.75,0.0,5,3875.0,бТел
826,11:13:45,7.76,0.009999999999999787,1,776.0,бРел
827,11:14:36,7.75,-0.009999999999999787,10,7758.0,бТел
828,11:14:42,7.76,0.009999999999999787,2,1552.0,бРел
829,11:15:00,7.76,0.0,8,6208.0,бРел
830,11:15:06,7.76,0.0,5,3880.0,бТел
831,11:15:12,7.75,-0.009999999999999787,16,12408.0,бТел
832,11:15:33,7.76,0.009999999999999787,1,776.0,бРел
833,11:16:30,7.76,0.0,1,776.0,бРел
834,11:16:33,7.75,-0.009999999999999787,1,775.0,бТел
835,11:16:36,7.75,0.0,106,82153.0,бТел
836,11:16:39,7.75,0.0,85,65875.0,бТел
837,11:16:42,7.74,-0.009999999999999787,33,25574.0,бТел
838,11:16:48,7.74,0.0,28,21672.0,бТел
839,11:17:12,7.74,0.0,1,774.0,бТел
840,11:17:15,7.74,0.0,1,774.0,бТел
841,11:18:06,7.74,0.0,13,10062.0,бТел
842,11:18:15,7.74,0.0,17,13158.0,бРел
843,11:18:21,7.74,0.0,4,3096.0,бТел
844,11:19:03,7.74,0.0,1,774.0,бТел
845,11:19:06,7.74,0.0,6,4648.0,бТел
846,11:19:09,7.75,0.009999999999999787,42,32550.0,бРел
847,11:19:12,7.74,-0.009999999999999787,4,3096.0,бТел
848,11:19:18,7.74,0.0,1,774.0,бРел
849,11:19:24,7.74,0.0,1,774.0,бРел
850,11:19:39,7.74,0.0,18,13932.0,бРел
851,11:19:42,7.74,0.0,10,7740.0,бРел
852,11:19:48,7.74,0.0,3,2322.0,бРел
853,11:20:09,7.74,0.0,101,78174.0,бТел
854,11:20:45,7.73,-0.009999999999999787,52,40196.0,бТел
855,11:21:06,7.73,0.0,130,100490.0,бТел
856,11:21:09,7.73,0.0,24,18552.0,бТел
857,11:21:42,7.73,0.0,9,6957.0,бРел
858,11:21:57,7.72,-0.010000000000000675,1,772.0,бТел
859,11:22:00,7.73,0.010000000000000675,36,27828.0,бРел
860,11:22:06,7.73,0.0,10,7730.0,бРел
861,11:22:12,7.72,-0.010000000000000675,202,155944.0,бТел
862,11:22:15,7.73,0.010000000000000675,10,7730.0,бРел
863,11:22:27,7.73,0.0,1,773.0,бРел
864,11:22:42,7.72,-0.010000000000000675,6,4632.0,бТел
865,11:22:54,7.72,0.0,66,50952.0,бТел
866,11:22:57,7.72,0.0,33,25476.0,бРел
867,11:23:00,7.72,0.0,5,3860.0,бРел
868,11:23:03,7.72,0.0,5,3860.0,бРел
869,11:23:42,7.72,0.0,10,7720.0,бТел
870,11:23:45,7.71,-0.009999999999999787,48,37008.0,бТел
871,11:24:09,7.71,0.0,32,24672.0,бТел
872,11:24:12,7.71,0.0,6,4626.0,бТел
873,11:24:21,7.71,0.0,8,6168.0,бТел
874,11:24:24,7.71,0.0,5,3855.0,бТел
875,11:24:27,7.71,0.0,20,15420.0,бТел
876,11:24:30,7.71,0.0,19,14649.0,бТел
877,11:24:33,7.71,0.0,15,11565.0,бТел
878,11:24:36,7.71,0.0,8,6168.0,бТел
879,11:24:39,7.71,0.0,6,4626.0,бТел
880,11:24:45,7.71,0.0,8,6168.0,бТел
881,11:25:00,7.71,0.0,5,3855.0,бТел
882,11:25:12,7.72,0.009999999999999787,21,16212.0,бРел
883,11:25:27,7.71,-0.009999999999999787,7,5397.0,бТел
884,11:25:30,7.71,0.0,4,3084.0,бТел
885,11:25:33,7.71,0.0,28,21588.0,бТел
886,11:25:42,7.71,0.0,6,4626.0,бТел
887,11:25:57,7.72,0.009999999999999787,2,1544.0,бРел
888,11:26:33,7.73,0.010000000000000675,48,37104.0,бРел
889,11:27:12,7.73,0.0,4,3093.0,бТел
890,11:27:18,7.73,0.0,5,3865.0,бТел
891,11:27:21,7.74,0.009999999999999787,3,2322.0,бРел
892,11:27:27,7.73,-0.009999999999999787,1,773.0,бТел
893,11:27:57,7.74,0.009999999999999787,9,6966.0,бРел
894,11:28:12,7.74,0.0,7,5418.0,бРел
895,13:00:03,7.74,0.0,65,50326.0,бРел
896,13:00:51,7.74,0.0,5,3870.0,бТел
897,13:00:54,7.74,0.0,141,109134.0,бТел
898,13:01:39,7.74,0.0,59,45666.0,бТел
899,13:02:18,7.73,-0.009999999999999787,1,773.0,бТел
900,13:02:21,7.75,0.019999999999999574,5,3875.0,бРел
901,13:02:42,7.75,0.0,5,3875.0,бРел
902,13:04:12,7.75,0.0,1,775.0,бРел
903,13:04:36,7.75,0.0,20,15500.0,бРел
904,13:05:03,7.74,-0.009999999999999787,3,2322.0,бТел
905,13:05:15,7.75,0.009999999999999787,10,7750.0,бРел
906,13:05:27,7.74,-0.009999999999999787,12,9288.0,бТел
907,13:06:09,7.75,0.009999999999999787,26,20150.0,бРел
908,13:06:12,7.74,-0.009999999999999787,5,3870.0,бТел
909,13:06:42,7.75,0.009999999999999787,5,3875.0,бРел
910,13:06:51,7.75,0.0,7,5425.0,бРел
911,13:07:54,7.75,0.0,37,28675.0,бРел
912,13:08:06,7.75,0.0,6,4650.0,бРел
913,13:08:09,7.75,0.0,1,775.0,бРел
914,13:08:54,7.75,0.0,1,775.0,бРел
915,13:09:12,7.76,0.009999999999999787,20,15520.0,бРел
916,13:09:45,7.76,0.0,5,3880.0,бРел
917,13:09:54,7.76,0.0,8,6208.0,бРел
918,13:10:09,7.76,0.0,6,4656.0,бРел
919,13:10:30,7.76,0.0,8,6208.0,бРел
920,13:10:48,7.75,-0.009999999999999787,1,775.0,бТел
921,13:11:21,7.75,0.0,5,3875.0,бТел
922,13:11:33,7.75,0.0,12,9300.0,бТел
923,13:11:39,7.75,0.0,10,7750.0,бТел
924,13:11:48,7.76,0.009999999999999787,1,776.0,бРел
925,13:12:06,7.76,0.0,24,18624.0,бРел
926,13:12:09,7.76,0.0,51,39576.0,жпптел
927,13:12:33,7.76,0.0,6,4656.0,бТел
928,13:13:21,7.75,-0.009999999999999787,3,2327.0,бТел
929,13:13:51,7.75,0.0,11,8525.0,бТел
930,13:14:00,7.75,0.0,63,48825.0,бТел
931,13:14:18,7.75,0.0,21,16275.0,бРел
932,13:15:09,7.74,-0.009999999999999787,95,73530.0,бТел
933,13:15:12,7.75,0.009999999999999787,11,8517.0,бРел
934,13:15:18,7.75,0.0,3,2325.0,бРел
935,13:17:12,7.75,0.0,10,7750.0,бРел
936,13:17:36,7.74,-0.009999999999999787,27,20898.0,бТел
937,13:18:51,7.73,-0.009999999999999787,50,38650.0,бТел
938,13:19:06,7.73,0.0,14,10822.0,бТел
939,13:20:06,7.73,0.0,11,8503.0,бТел
940,13:20:12,7.73,0.0,1,773.0,бТел
941,13:20:18,7.73,0.0,1,773.0,бТел
942,13:21:09,7.73,0.0,3,2319.0,бТел
943,13:21:39,7.74,0.009999999999999787,34,26316.0,бРел
944,13:21:42,7.73,-0.009999999999999787,3,2319.0,бТел
945,13:21:48,7.73,0.0,5,3865.0,бТел
946,13:22:12,7.73,0.0,12,9276.0,бТел
947,13:22:33,7.73,0.0,102,78846.0,бТел
948,13:22:36,7.73,0.0,1,773.0,бТел
949,13:22:39,7.73,0.0,1,773.0,бТел
950,13:22:45,7.73,0.0,44,34012.0,бТел
951,13:22:48,7.73,0.0,3,2319.0,бТел
952,13:22:57,7.73,0.0,429,331617.0,бТел
953,13:23:00,7.72,-0.010000000000000675,3,2316.0,бТел
954,13:23:03,7.71,-0.009999999999999787,38,29333.0,бТел
955,13:23:36,7.72,0.009999999999999787,14,10808.0,бРел
956,13:23:54,7.72,0.0,4,3088.0,жпптел
957,13:23:57,7.72,0.0,7,5404.0,бРел
958,13:24:00,7.72,0.0,2,1544.0,бРел
959,13:24:15,7.72,0.0,1,772.0,бТел
960,13:24:21,7.72,0.0,1,772.0,бРел
961,13:24:30,7.71,-0.009999999999999787,55,42405.0,бТел
962,13:24:36,7.72,0.009999999999999787,72,55584.0,бРел
963,13:25:00,7.73,0.010000000000000675,4,3092.0,бРел
964,13:25:03,7.73,0.0,4,3092.0,бРел
965,13:25:24,7.73,0.0,32,24736.0,бТел
966,13:25:27,7.73,0.0,4,3092.0,бРел
967,13:25:30,7.74,0.009999999999999787,50,38678.0,бРел
968,13:25:54,7.74,0.0,10,7740.0,бРел
969,13:25:57,7.74,0.0,50,38700.0,бРел
970,13:26:03,7.73,-0.009999999999999787,1,773.0,бТел
971,13:26:09,7.74,0.009999999999999787,6,4644.0,бРел
972,13:26:30,7.74,0.0,10,7740.0,бРел
973,13:26:39,7.74,0.0,4,3096.0,бРел
974,13:26:45,7.74,0.0,3,2322.0,бРел
975,13:26:48,7.74,0.0,2,1548.0,бРел
976,13:26:51,7.74,0.0,2,1548.0,бРел
977,13:26:54,7.74,0.0,1,774.0,бРел
978,13:26:57,7.74,0.0,1,774.0,бРел
979,13:27:00,7.74,0.0,1,774.0,бРел
980,13:27:03,7.74,0.0,1,774.0,бРел
981,13:27:09,7.74,0.0,6,4642.0,бРел
982,13:27:42,7.74,0.0,5,3870.0,бРел
983,13:28:15,7.73,-0.009999999999999787,31,23965.0,бТел
984,13:28:18,7.73,0.0,2,1546.0,бТел
985,13:28:48,7.73,0.0,5,3865.0,бТел
986,13:29:15,7.73,0.0,20,15460.0,бТел
987,13:29:48,7.73,0.0,1,773.0,бТел
988,13:30:06,7.74,0.009999999999999787,2,1547.0,бРел
989,13:30:33,7.74,0.0,2,1548.0,бРел
990,13:30:42,7.73,-0.009999999999999787,70,54110.0,бТел
991,13:30:51,7.73,0.0,8,6184.0,бТел
992,13:31:06,7.72,-0.010000000000000675,116,89552.0,бТел
993,13:31:27,7.72,0.0,34,26248.0,бТел
994,13:31:42,7.71,-0.009999999999999787,1,771.0,бТел
995,13:31:45,7.72,0.009999999999999787,3,2316.0,бРел
996,13:31:57,7.72,0.0,2,1544.0,бТел
997,13:32:33,7.72,0.0,3,2316.0,бРел
998,13:32:48,7.72,0.0,4,3088.0,бРел
999,13:33:03,7.72,0.0,2,1544.0,бТел
1000,13:34:27,7.72,0.0,10,7723.0,бТел
1001,13:35:03,7.72,0.0,1,772.0,бТел
1002,13:35:06,7.72,0.0,2,1544.0,бТел
1003,13:35:12,7.73,0.010000000000000675,17,13141.0,бРел
1004,13:35:30,7.73,0.0,1,773.0,бРел
1005,13:35:51,7.73,0.0,7,5411.0,бТел
1006,13:37:06,7.74,0.009999999999999787,39,30186.0,бРел
1007,13:37:09,7.74,0.0,100,77400.0,бТел
1008,13:37:27,7.74,0.0,35,27095.0,бТел
1009,13:37:54,7.75,0.009999999999999787,5,3872.0,бРел
1010,13:38:21,7.75,0.0,2,1550.0,бРел
1011,13:38:45,7.74,-0.009999999999999787,2,1548.0,бРел
1012,13:38:48,7.74,0.0,1,774.0,бТел
1013,13:38:51,7.74,0.0,24,18576.0,бТел
1014,13:39:18,7.73,-0.009999999999999787,63,48699.0,бТел
1015,13:39:33,7.73,0.0,1,773.0,бРел
1016,13:39:36,7.73,0.0,6,4638.0,бРел
1017,13:39:48,7.72,-0.010000000000000675,1,772.0,бТел
1018,13:40:09,7.73,0.010000000000000675,16,12368.0,бРел
1019,13:40:12,7.73,0.0,18,13914.0,бРел
1020,13:40:18,7.73,0.0,3,2319.0,бРел
1021,13:40:21,7.72,-0.010000000000000675,80,61760.0,бТел
1022,13:40:42,7.72,0.0,6,4632.0,бТел
1023,13:41:15,7.72,0.0,1,772.0,бТел
1024,13:41:21,7.72,0.0,13,10036.0,бТел
1025,13:41:33,7.73,0.010000000000000675,1,773.0,бРел
1026,13:42:06,7.73,0.0,4,3092.0,бРел
1027,13:42:18,7.73,0.0,73,56429.0,бТел
1028,13:42:48,7.73,0.0,4,3092.0,бРел
1029,13:43:12,7.73,0.0,2,1546.0,бРел
1030,13:43:15,7.73,0.0,17,13141.0,бРел
1031,13:43:30,7.72,-0.010000000000000675,2,1544.0,бТел
1032,13:43:48,7.72,0.0,1,772.0,бТел
1033,13:44:00,7.73,0.010000000000000675,3,2319.0,бРел
1034,13:44:03,7.72,-0.010000000000000675,14,10808.0,бТел
1035,13:44:18,7.74,0.020000000000000462,8,6178.0,бРел
1036,13:44:36,7.72,-0.020000000000000462,2,1544.0,бТел
1037,13:45:54,7.74,0.020000000000000462,5,3870.0,бРел
1038,13:46:57,7.74,0.0,10,7740.0,бРел
1039,13:47:18,7.72,-0.020000000000000462,1,772.0,бТел
1040,13:47:24,7.72,0.0,2,1544.0,бТел
1041,13:48:00,7.72,0.0,96,74116.0,бТел
1042,13:48:51,7.74,0.020000000000000462,3,2322.0,бРел
1043,13:49:03,7.72,-0.020000000000000462,1,772.0,бТел
1044,13:49:09,7.74,0.020000000000000462,9,6966.0,бРел
1045,13:49:21,7.73,-0.009999999999999787,15,11595.0,бРел
1046,13:49:45,7.73,0.0,15,11595.0,бТел
1047,13:49:54,7.74,0.009999999999999787,12,9288.0,бРел
1048,13:50:09,7.73,-0.009999999999999787,20,15460.0,бТел
1049,13:50:27,7.73,0.0,48,37104.0,бТел
1050,13:50:45,7.73,0.0,5,3865.0,бТел
1051,13:51:21,7.73,0.0,4,3092.0,бТел
1052,13:51:36,7.73,0.0,7,5411.0,бТел
1053,13:52:33,7.73,0.0,1,773.0,бТел
1054,13:52:48,7.73,0.0,1,773.0,бТел
1055,13:52:57,7.74,0.009999999999999787,9,6966.0,бРел
1056,13:53:06,7.74,0.0,26,20124.0,бРел
1057,13:53:18,7.74,0.0,5,3870.0,бТел
1058,13:53:21,7.74,0.0,3,2322.0,бТел
1059,13:53:24,7.74,0.0,4,3096.0,бТел
1060,13:53:27,7.73,-0.009999999999999787,17,13141.0,бТел
1061,13:54:45,7.73,0.0,69,53337.0,бТел
1062,13:54:48,7.73,0.0,5,3865.0,бТел
1063,13:55:48,7.73,0.0,70,54110.0,бТел
1064,13:55:51,7.73,0.0,13,10049.0,бТел
1065,13:56:09,7.73,0.0,33,25509.0,бРел
1066,13:56:12,7.73,0.0,7,5411.0,бРел
1067,13:56:18,7.73,0.0,2,1546.0,бТел
1068,13:56:24,7.73,0.0,2,1546.0,бРел
1069,13:56:27,7.73,0.0,8,6184.0,бТел
1070,13:56:30,7.73,0.0,15,11595.0,бТел
1071,13:56:54,7.72,-0.010000000000000675,1,772.0,бТел
1072,13:57:00,7.72,0.0,1,772.0,бТел
1073,13:57:18,7.73,0.010000000000000675,4,3091.0,бРел
1074,13:57:24,7.73,0.0,1,773.0,бТел
1075,13:57:39,7.74,0.009999999999999787,51,39474.0,бРел
1076,13:57:42,7.74,0.0,35,27090.0,бТел
1077,13:57:45,7.74,0.0,30,23220.0,бТел
1078,13:57:48,7.74,0.0,9,6966.0,бТел
1079,13:57:54,7.74,0.0,4,3096.0,бРел
1080,13:58:15,7.74,0.0,7,5418.0,бРел
1081,13:58:18,7.73,-0.009999999999999787,1,773.0,бТел
1082,13:58:57,7.73,0.0,1,773.0,бТел
1083,13:59:12,7.74,0.009999999999999787,5,3870.0,бРел
1084,13:59:51,7.73,-0.009999999999999787,1,773.0,бТел
1085,14:00:03,7.73,0.0,1,773.0,бТел
1086,14:00:45,7.73,0.0,5,3865.0,бТел
1087,14:00:51,7.73,0.0,6,4638.0,бТел
1088,14:00:54,7.74,0.009999999999999787,5,3870.0,бРел
1089,14:01:27,7.73,-0.009999999999999787,1,773.0,бТел
1090,14:01:30,7.74,0.009999999999999787,11,8513.0,бРел
1091,14:02:09,7.74,0.0,2,1548.0,бРел
1092,14:02:12,7.74,0.0,79,61146.0,бРел
1093,14:02:36,7.74,0.0,1,774.0,бТел
1094,14:03:03,7.74,0.0,251,194274.0,бТел
1095,14:03:06,7.74,0.0,5,3870.0,бРел
1096,14:03:30,7.74,0.0,1,774.0,бРел
1097,14:03:57,7.73,-0.009999999999999787,44,34012.0,бТел
1098,14:04:03,7.72,-0.010000000000000675,1,772.0,бТел
1099,14:04:15,7.73,0.010000000000000675,16,12368.0,бРел
1100,14:05:03,7.72,-0.010000000000000675,1,772.0,бТел
1101,14:05:45,7.73,0.010000000000000675,22,17006.0,бРел
1102,14:05:48,7.72,-0.010000000000000675,5,3860.0,бТел
1103,14:06:42,7.73,0.010000000000000675,1,773.0,бРел
1104,14:07:15,7.73,0.0,20,15460.0,бРел
1105,14:07:18,7.73,0.0,5,3865.0,бРел
1106,14:07:24,7.73,0.0,4,3092.0,бРел
1107,14:07:36,7.72,-0.010000000000000675,11,8492.0,бТел
1108,14:07:48,7.73,0.010000000000000675,2,1545.0,бРел
1109,14:07:51,7.73,0.0,10,7730.0,бРел
1110,14:08:09,7.72,-0.010000000000000675,3,2316.0,бТел
1111,14:08:15,7.73,0.010000000000000675,2,1546.0,бРел
1112,14:08:18,7.72,-0.010000000000000675,5,3860.0,бТел
1113,14:08:21,7.73,0.010000000000000675,11,8503.0,бРел
1114,14:08:42,7.73,0.0,21,16233.0,бРел
1115,14:08:54,7.73,0.0,25,19325.0,бРел
1116,14:08:57,7.73,0.0,93,71889.0,бРел
1117,14:09:06,7.72,-0.010000000000000675,1,772.0,бТел
1118,14:09:15,7.73,0.010000000000000675,3,2319.0,бТел
1119,14:09:48,7.73,0.0,1,773.0,бТел
1120,14:10:00,7.73,0.0,20,15460.0,бТел
1121,14:10:03,7.74,0.009999999999999787,4,3096.0,бРел
1122,14:10:21,7.73,-0.009999999999999787,2,1546.0,бТел
1123,14:10:30,7.73,0.0,10,7730.0,бТел
1124,14:10:33,7.73,0.0,8,6184.0,бТел
1125,14:10:45,7.73,0.0,35,27085.0,бТел
1126,14:11:03,7.73,0.0,5,3865.0,бТел
1127,14:11:21,7.73,0.0,2,1546.0,бТел
1128,14:11:33,7.72,-0.010000000000000675,8,6183.0,бТел
1129,14:11:42,7.73,0.010000000000000675,15,11595.0,бТел
1130,14:11:51,7.73,0.0,20,15460.0,бТел
1131,14:11:54,7.72,-0.010000000000000675,8,6177.0,бТел
1132,14:12:00,7.73,0.010000000000000675,16,12368.0,бТел
1133,14:12:18,7.72,-0.010000000000000675,5,3860.0,бТел
1134,14:12:27,7.72,0.0,2,1544.0,бТел
1135,14:12:30,7.73,0.010000000000000675,11,8503.0,бРел
1136,14:12:33,7.73,0.0,1,773.0,бТел
1137,14:12:42,7.73,0.0,10,7730.0,бТел
1138,14:12:54,7.73,0.0,56,43288.0,бТел
1139,14:13:00,7.73,0.0,25,19325.0,бТел
1140,14:13:03,7.73,0.0,9,6957.0,бТел
1141,14:13:12,7.73,0.0,5,3865.0,бТел
1142,14:13:15,7.74,0.009999999999999787,5,3870.0,бРел
1143,14:13:18,7.72,-0.020000000000000462,1,772.0,бТел
1144,14:13:30,7.73,0.010000000000000675,5,3865.0,бРел
1145,14:13:48,7.73,0.0,10,7730.0,бТел
1146,14:13:54,7.73,0.0,16,12368.0,бРел
1147,14:14:09,7.73,0.0,12,9276.0,бРел
1148,14:14:12,7.73,0.0,10,7730.0,бРел
1149,14:14:18,7.72,-0.010000000000000675,1,772.0,бТел
1150,14:14:27,7.72,0.0,12,9264.0,бТел
1151,14:14:42,7.72,0.0,3,2316.0,бТел
1152,14:14:51,7.73,0.010000000000000675,11,8503.0,бРел
1153,14:15:03,7.73,0.0,1,773.0,бТел
1154,14:15:18,7.73,0.0,2,1546.0,бТел
1155,14:15:45,7.73,0.0,40,30920.0,бТел
1156,14:15:48,7.73,0.0,5,3865.0,бТел
1157,14:15:51,7.73,0.0,5,3865.0,бТел
1158,14:15:54,7.72,-0.010000000000000675,39,30130.0,бТел
1159,14:16:48,7.72,0.0,1,772.0,бТел
1160,14:17:21,7.73,0.010000000000000675,4,3092.0,бРел
1161,14:17:33,7.73,0.0,13,10049.0,бРел
1162,14:17:42,7.73,0.0,24,18552.0,бРел
1163,14:18:21,7.73,0.0,5,3865.0,бТел
1164,14:18:45,7.73,0.0,19,14688.0,бТел
1165,14:19:03,7.72,-0.010000000000000675,1,772.0,бТел
1166,14:19:12,7.73,0.010000000000000675,5,3865.0,бРел
1167,14:19:33,7.73,0.0,1,773.0,бТел
1168,14:19:39,7.72,-0.010000000000000675,14,10819.0,бТел
1169,14:19:54,7.73,0.010000000000000675,10,7730.0,бТел
1170,14:20:09,7.74,0.009999999999999787,1,774.0,бРел
1171,14:20:15,7.74,0.0,10,7740.0,бРел
1172,14:20:48,7.73,-0.009999999999999787,1,773.0,бТел
1173,14:21:15,7.73,0.0,82,63386.0,бТел
1174,14:21:27,7.73,0.0,1,773.0,бТел
1175,14:22:09,7.73,0.0,1,773.0,бТел
1176,14:22:21,7.73,0.0,40,30920.0,бТел
1177,14:22:24,7.74,0.009999999999999787,3,2321.0,бРел
1178,14:22:42,7.74,0.0,14,10836.0,бРел
1179,14:23:06,7.73,-0.009999999999999787,3,2319.0,бТел
1180,14:23:18,7.73,0.0,1,773.0,бТел
1181,14:23:24,7.74,0.009999999999999787,186,143964.0,бРел
1182,14:23:36,7.74,0.0,11,8514.0,бТел
1183,14:24:03,7.74,0.0,1,774.0,бТел
1184,14:24:33,7.74,0.0,3,2322.0,бТел
1185,14:24:36,7.74,0.0,2,1548.0,бТел
1186,14:24:51,7.74,0.0,1,774.0,бТел
1187,14:24:57,7.74,0.0,1,774.0,бТел
1188,14:25:36,7.75,0.009999999999999787,5,3875.0,бРел
1189,14:25:48,7.74,-0.009999999999999787,4,3096.0,бТел
1190,14:25:54,7.74,0.0,23,17802.0,бТел
1191,14:25:57,7.74,0.0,21,16254.0,бТел
1192,14:26:06,7.73,-0.009999999999999787,72,55727.0,бТел
1193,14:26:15,7.74,0.009999999999999787,2,1548.0,бРел
1194,14:26:18,7.74,0.0,18,13932.0,бРел
1195,14:26:33,7.73,-0.009999999999999787,6,4638.0,бТел
1196,14:27:09,7.73,0.0,25,19325.0,бТел
1197,14:27:33,7.73,0.0,1,773.0,бТел
1198,14:28:12,7.73,0.0,10,7730.0,бТел
1199,14:28:21,7.73,0.0,1,773.0,бТел
1200,14:28:27,7.73,0.0,60,46380.0,бТел
1201,14:28:33,7.73,0.0,1,773.0,бТел
1202,14:28:45,7.74,0.009999999999999787,46,35604.0,бРел
1203,14:28:48,7.73,-0.009999999999999787,20,15460.0,бТел
1204,14:29:30,7.73,0.0,1,773.0,бТел
1205,14:29:36,7.73,0.0,27,20871.0,бТел
1206,14:29:42,7.73,0.0,5,3865.0,бТел
1207,14:29:48,7.73,0.0,1,773.0,бТел
1208,14:30:06,7.73,0.0,1,773.0,бТел
1209,14:30:09,7.74,0.009999999999999787,8,6192.0,бРел
1210,14:30:24,7.74,0.0,8,6192.0,бТел
1211,14:30:30,7.73,-0.009999999999999787,14,10826.0,бТел
1212,14:30:33,7.73,0.0,4,3092.0,бТел
1213,14:30:39,7.75,0.019999999999999574,20,15485.0,бРел
1214,14:30:54,7.73,-0.019999999999999574,9,6957.0,бТел
1215,14:31:12,7.74,0.009999999999999787,10,7740.0,бРел
1216,14:31:18,7.73,-0.009999999999999787,7,5411.0,бТел
1217,14:31:24,7.73,0.0,86,66478.0,бТел
1218,14:31:27,7.73,0.0,12,9276.0,бРел
1219,14:31:33,7.73,0.0,24,18552.0,бТел
1220,14:31:48,7.73,0.0,5,3865.0,бРел
1221,14:32:00,7.73,0.0,68,52564.0,бРел
1222,14:32:24,7.74,0.009999999999999787,3,2322.0,бРел
1223,14:32:51,7.74,0.0,30,23220.0,бРел
1224,14:32:54,7.73,-0.009999999999999787,48,37104.0,бТел
1225,14:32:57,7.73,0.0,64,49485.0,бТел
1226,14:33:12,7.73,0.0,40,30920.0,бТел
1227,14:33:33,7.73,0.0,15,11595.0,бТел
1228,14:33:36,7.74,0.009999999999999787,2,1548.0,бРел
1229,14:33:42,7.73,-0.009999999999999787,5,3865.0,бТел
1230,14:34:00,7.73,0.0,29,22417.0,бТел
1231,14:35:09,7.73,0.0,7,5411.0,бТел
1232,14:35:48,7.73,0.0,146,112858.0,бТел
1233,14:36:00,7.74,0.009999999999999787,10,7740.0,бРел
1234,14:36:15,7.74,0.0,6,4644.0,бРел
1235,14:36:45,7.74,0.0,43,33282.0,бРел
1236,14:36:48,7.74,0.0,15,11610.0,бРел
1237,14:36:57,7.74,0.0,20,15480.0,бРел
1238,14:37:06,7.74,0.0,1,774.0,бРел
1239,14:37:30,7.74,0.0,10,7740.0,бРел
1240,14:38:21,7.74,0.0,1,774.0,бРел
1241,14:38:24,7.73,-0.009999999999999787,263,203299.0,бТел
1242,14:38:39,7.73,0.0,9,6957.0,бРел
1243,14:38:42,7.73,0.0,1,773.0,бРел
1244,14:38:48,7.73,0.0,13,10049.0,бТел
1245,14:38:51,7.73,0.0,5,3865.0,бРел
1246,14:39:06,7.73,0.0,11,8503.0,бТел
1247,14:39:18,7.73,0.0,4,3092.0,бТел
1248,14:39:42,7.73,0.0,2,1546.0,бТел
1249,14:39:48,7.73,0.0,3,2319.0,бТел
1250,14:40:03,7.73,0.0,1,773.0,бТел
1251,14:40:06,7.74,0.009999999999999787,1,774.0,бРел
1252,14:40:21,7.73,-0.009999999999999787,113,87349.0,бТел
1253,14:40:30,7.73,0.0,11,8503.0,бРел
1254,14:40:39,7.72,-0.010000000000000675,22,17005.0,бТел
1255,14:40:48,7.73,0.010000000000000675,38,29374.0,бРел
1256,14:40:57,7.73,0.0,62,47926.0,бТел
1257,14:41:03,7.73,0.0,2,1546.0,бРел
1258,14:41:09,7.73,0.0,46,35558.0,бРел
1259,14:41:12,7.73,0.0,29,22417.0,бРел
1260,14:41:15,7.72,-0.010000000000000675,24,18534.0,бТел
1261,14:41:24,7.73,0.010000000000000675,120,92760.0,бРел
1262,14:41:27,7.73,0.0,30,23190.0,бРел
1263,14:41:33,7.73,0.0,7,5411.0,бТел
1264,14:41:36,7.74,0.009999999999999787,1,774.0,бРел
1265,14:41:39,7.74,0.0,202,156340.0,бРел
1266,14:41:48,7.74,0.0,1,774.0,бТел
1267,14:42:18,7.73,-0.009999999999999787,31,23963.0,бТел
1268,14:42:21,7.73,0.0,4,3093.0,бТел
1269,14:42:27,7.73,0.0,3,2319.0,бТел
1270,14:42:48,7.73,0.0,1,773.0,бТел
1271,14:43:09,7.74,0.009999999999999787,1,774.0,бРел
1272,14:43:12,7.73,-0.009999999999999787,36,27828.0,бТел
1273,14:43:18,7.73,0.0,1,773.0,бТел
1274,14:43:21,7.73,0.0,60,46380.0,жпптел
1275,14:43:39,7.73,0.0,5,3865.0,бРел
1276,14:43:51,7.73,0.0,20,15460.0,бРел
1277,14:43:54,7.72,-0.010000000000000675,144,111168.0,бТел
1278,14:44:00,7.72,0.0,146,112712.0,бТел
1279,14:44:12,7.72,0.0,23,17774.0,бТел
1280,14:44:18,7.73,0.010000000000000675,1,773.0,бРел
1281,14:44:30,7.73,0.0,30,23190.0,бРел
1282,14:44:36,7.73,0.0,1,773.0,бРел
1283,14:44:39,7.73,0.0,52,40196.0,бРел
1284,14:44:51,7.73,0.0,13,10049.0,бРел
1285,14:45:03,7.73,0.0,2,1546.0,бРел
1286,14:45:09,7.73,0.0,53,40969.0,бРел
1287,14:45:15,7.73,0.0,9,6957.0,бРел
1288,14:45:18,7.73,0.0,20,15460.0,бТел
1289,14:45:21,7.73,0.0,12,9276.0,бТел
1290,14:45:27,7.73,0.0,2,1546.0,жпптел
1291,14:45:36,7.72,-0.010000000000000675,1,772.0,бТел
1292,14:45:48,7.73,0.010000000000000675,10,7730.0,бРел
1293,14:45:57,7.72,-0.010000000000000675,1,772.0,бТел
1294,14:46:06,7.73,0.010000000000000675,49,37877.0,бРел
1295,14:46:09,7.73,0.0,2,1546.0,бРел
1296,14:46:12,7.72,-0.010000000000000675,2,1544.0,бТел
1297,14:46:15,7.73,0.010000000000000675,5,3865.0,бРел
1298,14:46:48,7.72,-0.010000000000000675,64,49408.0,бТел
1299,14:47:03,7.72,0.0,37,28564.0,бТел
1300,14:47:21,7.73,0.010000000000000675,1,773.0,бРел
1301,14:47:24,7.72,-0.010000000000000675,203,156719.0,бТел
1302,14:47:27,7.72,0.0,156,120432.0,бТел
1303,14:47:30,7.72,0.0,77,59444.0,бТел
1304,14:47:39,7.72,0.0,1,772.0,бРел
1305,14:47:42,7.72,0.0,1,772.0,бРел
1306,14:47:48,7.72,0.0,58,44776.0,бРел
1307,14:47:54,7.72,0.0,2,1544.0,бРел
1308,14:48:03,7.72,0.0,3,2316.0,бТел
1309,14:48:06,7.72,0.0,1,772.0,бРел
1310,14:48:18,7.72,0.0,1,772.0,бТел
1311,14:48:21,7.73,0.010000000000000675,1,773.0,бРел
1312,14:48:48,7.72,-0.010000000000000675,30,23161.0,бТел
1313,14:48:51,7.72,0.0,7,5404.0,бТел
1314,14:49:09,7.73,0.010000000000000675,1,773.0,бРел
1315,14:49:18,7.73,0.0,3,2319.0,бРел
1316,14:49:30,7.72,-0.010000000000000675,4,3088.0,бТел
1317,14:49:33,7.73,0.010000000000000675,2,1546.0,бРел
1318,14:49:36,7.73,0.0,53,40969.0,бРел
1319,14:49:48,7.72,-0.010000000000000675,21,16212.0,бТел
1320,14:50:03,7.72,0.0,10,7720.0,бТел
1321,14:50:06,7.72,0.0,95,73341.0,бТел
1322,14:50:12,7.72,0.0,18,13896.0,бТел
1323,14:50:15,7.73,0.010000000000000675,16,12368.0,бРел
1324,14:50:21,7.73,0.0,3,2319.0,бРел
1325,14:50:24,7.73,0.0,1,773.0,бРел
1326,14:50:30,7.73,0.0,10,7730.0,бРел
1327,14:50:39,7.73,0.0,50,38650.0,бРел
1328,14:50:57,7.73,0.0,5,3865.0,бТел
1329,14:51:00,7.73,0.0,23,17759.0,бРел
1330,14:51:03,7.73,0.0,2,1546.0,бРел
1331,14:51:09,7.72,-0.010000000000000675,4,3088.0,бТел
1332,14:51:12,7.73,0.010000000000000675,20,15460.0,бРел
1333,14:51:21,7.74,0.009999999999999787,1,774.0,бРел
1334,14:51:24,7.73,-0.009999999999999787,2,1546.0,бТел
1335,14:51:30,7.73,0.0,33,25516.0,бТел
1336,14:51:33,7.74,0.009999999999999787,61,47214.0,бРел
1337,14:51:39,7.74,0.0,9,6966.0,бТел
1338,14:52:12,7.75,0.009999999999999787,9,6967.0,бРел
1339,14:52:15,7.74,-0.009999999999999787,117,90558.0,бТел
1340,14:52:21,7.74,0.0,40,30960.0,бРел
1341,14:52:30,7.74,0.0,68,52632.0,бТел
1342,14:52:33,7.75,0.009999999999999787,14,10843.0,бРел
1343,14:52:36,7.74,-0.009999999999999787,10,7745.0,бТел
1344,14:52:45,7.74,0.0,3,2322.0,бТел
1345,14:52:48,7.75,0.009999999999999787,1,775.0,бРел
1346,14:52:51,7.75,0.0,4,3100.0,бРел
1347,14:52:57,7.75,0.0,194,150320.0,бРел
1348,14:53:03,7.75,0.0,23,17825.0,жпптел
1349,14:53:24,7.74,-0.009999999999999787,2,1548.0,бТел
1350,14:53:27,7.75,0.009999999999999787,29,22471.0,бРел
1351,14:53:33,7.75,0.0,8,6200.0,бТел
1352,14:53:36,7.75,0.0,43,33325.0,бРел
1353,14:53:39,7.75,0.0,96,74400.0,бРел
1354,14:53:45,7.75,0.0,18,13950.0,жпптел
1355,14:53:57,7.75,0.0,24,18600.0,бТел
1356,14:54:03,7.75,0.0,21,16275.0,бТел
1357,14:54:09,7.75,0.0,38,29450.0,бРел
1358,14:54:12,7.75,0.0,10,7750.0,бТел
1359,14:54:15,7.76,0.009999999999999787,46,35696.0,бРел
1360,14:54:18,7.76,0.0,10,7760.0,бРел
1361,14:54:27,7.76,0.0,10,7760.0,бРел
1362,14:54:33,7.76,0.0,78,60455.0,бРел
1363,14:54:36,7.75,-0.009999999999999787,25,19375.0,бТел
1364,14:54:39,7.76,0.009999999999999787,5,3880.0,бРел
1365,14:54:48,7.75,-0.009999999999999787,8,6200.0,бТел
1366,14:54:51,7.76,0.009999999999999787,19,14744.0,бРел
1367,14:55:06,7.8,0.040000000000000036,946,735815.0,бРел
1368,14:55:09,7.79,-0.009999999999999787,27,21033.0,жпптел
1369,14:55:15,7.8,0.009999999999999787,2,1560.0,бРел
1370,14:55:18,7.79,-0.009999999999999787,41,31973.0,бРел
1371,14:55:27,7.8,0.009999999999999787,51,39764.0,бРел
1372,14:55:30,7.78,-0.019999999999999574,20,15564.0,бТел
1373,14:55:36,7.78,0.0,3,2334.0,бРел
1374,14:55:42,7.78,0.0,9,7002.0,бРел
1375,14:55:45,7.79,0.009999999999999787,328,255191.0,бРел
1376,14:55:54,7.78,-0.009999999999999787,4,3112.0,жпптел
1377,14:56:06,7.78,0.0,18,14004.0,бРел
1378,14:56:12,7.78,0.0,46,35795.0,бТел
1379,14:56:18,7.78,0.0,6,4668.0,бТел
1380,14:56:21,7.78,0.0,53,41234.0,бТел
1381,14:56:24,7.78,0.0,12,9336.0,бРел
1382,14:56:27,7.78,0.0,100,77786.0,бРел
1383,14:56:30,7.78,0.0,13,10114.0,бТел
1384,14:56:36,7.79,0.009999999999999787,1,779.0,бРел
1385,14:56:39,7.78,-0.009999999999999787,13,10125.0,бТел
1386,14:56:42,7.78,0.0,175,136150.0,бТел
1387,14:56:45,7.79,0.009999999999999787,49,38159.0,бРел
1388,14:56:48,7.79,0.0,10,7790.0,бРел
1389,14:56:54,7.76,-0.03000000000000025,206,160027.0,бТел
1390,15:00:06,7.76,0.0,423,328248.0,бРел
