,Ёи╫╩й╠╪Д,Ёи╫╩╪ш,╪ш╦Я╠Д╤╞,Ёи╫╩а©ё╗йжё╘,Ёи╫╩╤Нё╗т╙ё╘,птжй
0,09:25:03,43.71,-0.39000000000000057,741,3242101.83,бРел
1,09:30:03,43.65,-0.060000000000002274,414,1809332.9500000002,бТел
2,09:30:06,43.65,0.0,116,506188.0,бТел
3,09:30:09,43.6,-0.04999999999999716,7,30536.0,бТел
4,09:30:12,43.64,0.03999999999999915,4,17444.0,жпптел
5,09:30:15,43.64,0.0,62,270480.0,бРел
6,09:30:18,43.63,-0.00999999999999801,135,588620.0,жпптел
7,09:30:21,43.56,-0.07000000000000028,21,91495.0,бТел
8,09:30:24,43.59,0.030000000000001137,43,187413.0,бРел
9,09:30:27,43.53,-0.060000000000002274,118,514019.0,бТел
10,09:30:30,43.56,0.030000000000001137,44,191670.0,бРел
11,09:30:33,43.56,0.0,154,670318.0,бРел
12,09:30:36,43.55,-0.010000000000005116,21,91471.0,жпптел
13,09:30:39,43.53,-0.01999999999999602,4,17414.0,бТел
14,09:30:42,43.55,0.01999999999999602,37,161109.99999999907,бРел
15,09:30:45,43.6,0.05000000000000426,130,566237.0,бРел
16,09:30:51,43.55,-0.05000000000000426,12,52262.0,бТел
17,09:30:54,43.59,0.04000000000000625,10,43584.0,жпптел
18,09:30:57,43.6,0.00999999999999801,71,309368.0,бРел
19,09:31:03,43.61,0.00999999999999801,34,148243.0,бРел
20,09:31:06,43.61,0.0,1,4361.0,бТел
21,09:31:09,43.6,-0.00999999999999801,23,100285.0,бТел
22,09:31:12,43.65,0.04999999999999716,38,165754.0,бРел
23,09:31:15,43.62,-0.030000000000001137,28,122136.0,бТел
24,09:31:18,43.62,0.0,38,165883.0,бТел
25,09:31:21,43.65,0.030000000000001137,29,126601.0,бРел
26,09:31:24,43.65,0.0,25,109226.0,бТел
27,09:31:27,43.72,0.07000000000000028,177,776965.8300000001,бРел
28,09:31:30,43.7,-0.01999999999999602,83,363053.54000000097,бТел
29,09:31:33,43.71,0.00999999999999801,50,218585.0,бТел
30,09:31:36,43.79,0.0799999999999983,38,166332.0,бРел
31,09:31:39,43.79,0.0,5,21863.0,бРел
32,09:31:42,43.72,-0.07000000000000028,5,21878.0,жпптел
33,09:31:48,43.79,0.07000000000000028,52,227664.0,бРел
34,09:31:51,43.79,0.0,14,61258.0,бРел
35,09:31:54,43.72,-0.07000000000000028,13,56836.0,бТел
36,09:31:57,43.81,0.09000000000000341,87,380982.0,бРел
37,09:32:00,43.78,-0.030000000000001137,131,573528.0,бТел
38,09:32:06,43.69,-0.09000000000000341,291,1272970.9000000004,бТел
39,09:32:09,43.64,-0.04999999999999716,35,152756.0,бТел
40,09:32:12,43.62,-0.020000000000003126,53,231186.0,бТел
41,09:32:15,43.64,0.020000000000003126,29,126503.0,бРел
42,09:32:18,43.63,-0.00999999999999801,56,244537.0,жпптел
43,09:32:21,43.63,0.0,28,122124.0,бРел
44,09:32:24,43.63,0.0,30,130845.0,бРел
45,09:32:27,43.63,0.0,43,187611.0,бРел
46,09:32:30,43.63,0.0,31,135340.0,бТел
47,09:32:33,43.7,0.07000000000000028,67,292786.0,бРел
48,09:32:36,43.78,0.0799999999999983,29,126853.0,бРел
49,09:32:42,43.74,-0.03999999999999915,7,30602.0,бРел
50,09:32:48,43.75,0.00999999999999801,32,139929.0,бРел
51,09:32:54,43.75,0.0,55,240604.0,бРел
52,09:32:57,43.77,0.020000000000003126,27,118155.0,бРел
53,09:33:00,43.75,-0.020000000000003126,24,105023.0,бТел
54,09:33:03,43.77,0.020000000000003126,13,56885.0,бРел
55,09:33:06,43.77,0.0,43,188195.0,бРел
56,09:33:09,43.77,0.0,9,39386.0,бРел
57,09:33:12,43.77,0.0,21,91937.0,жпптел
58,09:33:15,43.77,0.0,17,74436.0,бТел
59,09:33:18,43.82,0.04999999999999716,22,96360.0,бРел
60,09:33:21,43.75,-0.07000000000000028,72,315060.0,бТел
61,09:33:24,43.74,-0.00999999999999801,4,17497.0,бТел
62,09:33:27,43.75,0.00999999999999801,25,109374.0,бРел
63,09:33:30,43.75,0.0,25,109374.0,бРел
64,09:33:33,43.75,0.0,37,161867.0,бРел
65,09:33:36,43.75,0.0,16,69998.0,бРел
66,09:33:39,43.75,0.0,5,21875.0,бТел
67,09:33:45,43.75,0.0,7,30625.0,бТел
68,09:33:48,43.75,0.0,6,26250.0,бТел
69,09:33:51,43.75,0.0,76,332643.0,бТел
70,09:33:54,43.76,0.00999999999999801,23,100629.0,бРел
71,09:33:57,43.74,-0.01999999999999602,8,34997.0,бТел
72,09:34:00,43.76,0.01999999999999602,24,104997.0,бРел
73,09:34:03,43.71,-0.04999999999999716,30,131206.0,бТел
74,09:34:06,43.74,0.030000000000001137,76,332320.0,жпптел
75,09:34:09,43.74,0.0,40,174947.0,бРел
76,09:34:12,43.74,0.0,18,78700.0,бРел
77,09:34:15,43.71,-0.030000000000001137,4,17490.0,жпптел
78,09:34:18,43.7,-0.00999999999999801,31,135474.0,бТел
79,09:34:21,43.71,0.00999999999999801,8,34969.0,жпптел
80,09:34:24,43.71,0.0,21,91791.0,бТел
81,09:34:27,43.7,-0.00999999999999801,20,87419.0,бТел
82,09:34:30,43.7,0.0,42,183540.0,бТел
83,09:34:33,43.7,0.0,20,87400.0,бТел
84,09:34:36,43.7,0.0,23,100507.0,бРел
85,09:34:39,43.7,0.0,18,78643.0,бРел
86,09:34:45,43.69,-0.010000000000005116,8,34952.0,бТел
87,09:34:48,43.69,0.0,22,96118.0,бТел
88,09:34:51,43.69,0.0,59,257788.0,бРел
89,09:34:54,43.69,0.0,7,30586.0,бТел
90,09:34:57,43.7,0.010000000000005116,32,139783.0,бРел
91,09:35:00,43.69,-0.010000000000005116,6,26214.0,бРел
92,09:35:03,43.69,0.0,21,91738.0,бРел
93,09:35:06,43.66,-0.030000000000001137,24,104829.0,бТел
94,09:35:09,43.66,0.0,31,135298.0,бТел
95,09:35:12,43.66,0.0,12,52387.0,бРел
96,09:35:15,43.66,0.0,24,104797.0,бРел
97,09:35:18,43.64,-0.01999999999999602,22,96043.0,бТел
98,09:35:21,43.66,0.01999999999999602,18,78588.0,жпптел
99,09:35:24,43.71,0.05000000000000426,32,139826.0,бРел
100,09:35:27,43.67,-0.03999999999999915,16,69900.0,бТел
101,09:35:30,43.72,0.04999999999999716,3,13116.0,бРел
102,09:35:33,43.72,0.0,24,104916.0,бРел
103,09:35:36,43.73,0.00999999999999801,17,74333.0,бРел
104,09:35:42,43.73,0.0,43,188075.0,бРел
105,09:35:45,43.8,0.07000000000000028,262,1146536.0,бРел
106,09:35:48,43.83,0.030000000000001137,82,359276.0,бРел
107,09:35:51,43.91,0.0799999999999983,46,201819.0,бРел
108,09:35:54,43.88,-0.02999999999999403,27,118490.0,бТел
109,09:35:57,43.91,0.02999999999999403,15,65871.0,жпптел
110,09:36:00,43.91,0.0,15,65847.0,бРел
111,09:36:03,43.81,-0.09999999999999432,21,92095.0,бТел
112,09:36:06,43.88,0.07000000000000028,41,179814.0,бРел
113,09:36:09,43.87,-0.010000000000005116,8,35095.0,бРел
114,09:36:12,43.85,-0.01999999999999602,5,21924.0,бРел
115,09:36:15,43.87,0.01999999999999602,80,350724.0,бРел
116,09:36:18,43.86,-0.00999999999999801,49,214908.0,бТел
117,09:36:21,43.84,-0.01999999999999602,13,56996.0,бТел
118,09:36:24,43.83,-0.010000000000005116,27,118320.0,бТел
119,09:36:27,43.83,0.0,25,109545.0,бРел
120,09:36:30,43.82,-0.00999999999999801,17,74462.0,жпптел
121,09:36:33,43.79,-0.030000000000001137,27,118253.0,бТел
122,09:36:36,43.82,0.030000000000001137,37,162072.0,бРел
123,09:36:42,43.83,0.00999999999999801,6,26298.0,бРел
124,09:36:45,43.78,-0.04999999999999716,50,218963.0,бТел
125,09:36:51,43.71,-0.07000000000000028,24,104949.0,бТел
126,09:36:54,43.75,0.03999999999999915,15,65644.0,жпптел
127,09:36:57,43.75,0.0,2,8750.0,бРел
128,09:37:00,43.73,-0.020000000000003126,12,52474.0,жпптел
129,09:37:06,43.75,0.020000000000003126,16,69996.0,бРел
130,09:37:09,43.75,0.0,72,314990.0,бТел
131,09:37:12,43.75,0.0,9,39375.0,бТел
132,09:37:15,43.79,0.03999999999999915,52,227714.0,бРел
133,09:37:18,43.75,-0.03999999999999915,36,157556.0,бТел
134,09:37:21,43.75,0.0,5,21879.0,бТел
135,09:37:24,43.82,0.07000000000000028,6,26292.0,бРел
136,09:37:27,43.82,0.0,26,113920.0,бРел
137,09:37:30,43.79,-0.030000000000001137,2,8755.0,жпптел
138,09:37:33,43.8,0.00999999999999801,6,26281.0,бТел
139,09:37:39,43.85,0.05000000000000426,34,149043.0,бРел
140,09:37:42,43.87,0.01999999999999602,94,412258.0,бРел
141,09:37:45,43.88,0.010000000000005116,8,35099.0,бРел
142,09:37:54,43.89,0.00999999999999801,73,320355.0,бРел
143,09:37:57,43.89,0.0,46,201920.0,бТел
144,09:38:00,43.89,0.0,4,17556.0,бТел
145,09:38:03,43.88,-0.00999999999999801,5,21944.0,бТел
146,09:38:06,43.89,0.00999999999999801,44,193157.0,бТел
147,09:38:09,43.88,-0.00999999999999801,19,83372.0,бТел
148,09:38:12,43.89,0.00999999999999801,14,61438.0,бРел
149,09:38:15,43.89,0.0,7,30718.0,бРел
150,09:38:18,43.89,0.0,19,83365.0,бРел
151,09:38:21,43.88,-0.00999999999999801,5,21937.0,жпптел
152,09:38:24,43.88,0.0,30,131635.0,бРел
153,09:38:27,43.89,0.00999999999999801,14,61433.0,бРел
154,09:38:30,43.87,-0.020000000000003126,1,4387.0,бРел
155,09:38:33,43.82,-0.04999999999999716,3,13148.0,бТел
156,09:38:39,43.87,0.04999999999999716,6,26315.0,бРел
157,09:38:42,43.88,0.010000000000005116,44,192941.0,бРел
158,09:38:45,43.83,-0.05000000000000426,14,61406.0,бТел
159,09:38:48,43.83,0.0,57,250057.0,бТел
160,09:38:51,43.82,-0.00999999999999801,48,210343.0,бТел
161,09:38:54,43.81,-0.00999999999999801,6,26286.0,бТел
162,09:38:57,43.82,0.00999999999999801,16,70098.0,бРел
163,09:39:00,43.8,-0.020000000000003126,3,13142.0,бТел
164,09:39:03,43.81,0.010000000000005116,3,13141.0,бРел
165,09:39:06,43.79,-0.020000000000003126,34,148940.0,бТел
166,09:39:09,43.8,0.00999999999999801,4,17520.0,жпптел
167,09:39:12,43.8,0.0,2,8759.0,бРел
168,09:39:15,43.79,-0.00999999999999801,10,43790.0,бТел
169,09:39:18,43.78,-0.00999999999999801,5,21891.0,бТел
170,09:39:21,43.79,0.00999999999999801,3,13135.0,бРел
171,09:39:24,43.79,0.0,24,105090.0,бРел
172,09:39:27,43.79,0.0,1,4379.0,бРел
173,09:39:30,43.76,-0.030000000000001137,16,70033.0,бТел
174,09:39:36,43.76,0.0,8,35022.0,бТел
175,09:39:42,43.79,0.030000000000001137,46,201401.0,бРел
176,09:39:45,43.79,0.0,26,113868.0,бРел
177,09:39:48,43.78,-0.00999999999999801,23,100702.0,бТел
178,09:39:51,43.77,-0.00999999999999801,20,87558.0,бТел
179,09:39:54,43.79,0.01999999999999602,9,39402.0,бРел
180,09:39:57,43.79,0.0,3,13133.0,бРел
181,09:40:00,43.78,-0.00999999999999801,2,8757.0,бТел
182,09:40:03,43.76,-0.020000000000003126,10,43771.0,бТел
183,09:40:06,43.78,0.020000000000003126,29,126950.0,бРел
184,09:40:09,43.78,0.0,17,74432.0,бТел
185,09:40:12,43.78,0.0,52,227687.0,бТел
186,09:40:15,43.79,0.00999999999999801,6,26274.0,жпптел
187,09:40:18,43.78,-0.00999999999999801,12,52547.0,бТел
188,09:40:21,43.8,0.01999999999999602,11,48178.0,бРел
189,09:40:24,43.8,0.0,2,8762.0,бТел
190,09:40:27,43.82,0.020000000000003126,5,21905.0,жпптел
191,09:40:30,43.83,0.00999999999999801,10,43828.0,бРел
192,09:40:36,43.82,-0.00999999999999801,4,17530.0,бТел
193,09:40:39,43.85,0.030000000000001137,60,263089.0,бРел
194,09:40:42,43.88,0.030000000000001137,31,136007.0,бРел
195,09:40:45,43.94,0.05999999999999517,130,570805.0,бРел
196,09:40:48,43.95,0.010000000000005116,50,219712.0,бРел
197,09:40:51,43.98,0.02999999999999403,32,140710.0,бРел
198,09:40:54,44.0,0.020000000000003126,41,180328.0,бРел
199,09:40:57,44.01,0.00999999999999801,78,343202.0,бРел
200,09:41:00,44.01,0.0,11,48411.0,бРел
201,09:41:03,44.01,0.0,2,8803.0,бТел
202,09:41:06,44.01,0.0,33,145231.99999999627,бТел
203,09:41:09,44.01,0.0,81,356465.0,жпптел
204,09:41:12,43.99,-0.01999999999999602,47,206753.0,бТел
205,09:41:15,43.96,-0.030000000000001137,68,298916.0,бТел
206,09:41:18,43.96,0.0,15,65930.0,бРел
207,09:41:21,43.96,0.0,31,136261.0,бРел
208,09:41:24,43.96,0.0,8,35159.0,бРел
209,09:41:27,43.96,0.0,28,123108.0,бТел
210,09:41:30,43.9,-0.060000000000002274,6,26352.0,бТел
211,09:41:36,43.94,0.03999999999999915,7,30760.0,жпптел
212,09:41:39,43.96,0.020000000000003126,21,92280.0,бРел
213,09:41:42,43.94,-0.020000000000003126,13,57122.0,бТел
214,09:41:51,43.93,-0.00999999999999801,14,61489.0,бТел
215,09:41:57,43.9,-0.030000000000001137,1,4390.0,бТел
216,09:42:00,43.92,0.020000000000003126,1,4392.0,бРел
217,09:42:03,43.91,-0.010000000000005116,16,70250.0,бРел
218,09:42:06,43.91,0.0,12,52692.0,бРел
219,09:42:09,43.92,0.010000000000005116,19,83442.0,бРел
220,09:42:12,43.92,0.0,110,483223.0,жпптел
221,09:42:15,43.92,0.0,66,289854.0,бРел
222,09:42:18,43.92,0.0,19,83455.0,бТел
223,09:42:21,43.92,0.0,25,109800.0,бТел
224,09:42:24,43.92,0.0,25,109794.0,бРел
225,09:42:27,43.91,-0.010000000000005116,48,210836.0,бТел
226,09:42:30,43.92,0.010000000000005116,8,35134.0,жпптел
227,09:42:36,43.93,0.00999999999999801,80,351517.0,жпптел
228,09:42:42,43.92,-0.00999999999999801,163,716032.0,бТел
229,09:42:45,43.94,0.01999999999999602,48,210903.0,бРел
230,09:42:48,43.94,0.0,3,13182.0,бТел
231,09:42:51,43.94,0.0,5,21970.0,бРел
232,09:42:54,43.94,0.0,7,30757.0,бРел
233,09:42:57,43.94,0.0,53,232880.0,бРел
234,09:43:00,43.99,0.05000000000000426,515,2265350.0,бРел
235,09:43:03,43.96,-0.030000000000001137,42,184739.0,жпптел
236,09:43:06,43.99,0.030000000000001137,24,105564.0,бРел
237,09:43:09,43.98,-0.010000000000005116,61,268344.0,бТел
238,09:43:12,43.98,0.0,27,118744.0,бРел
239,09:43:15,43.99,0.010000000000005116,11,48385.0,бРел
240,09:43:18,43.99,0.0,7,30788.0,бРел
241,09:43:21,44.0,0.00999999999999801,80,352265.0,бРел
242,09:43:24,44.01,0.00999999999999801,68,299267.0,бРел
243,09:43:27,44.01,0.0,5,22005.0,бТел
244,09:43:33,44.02,0.010000000000005116,7,30809.0,бРел
245,09:43:36,44.02,0.0,24,105643.0,бРел
246,09:43:39,44.05,0.02999999999999403,54,237761.0,бРел
247,09:43:42,44.04,-0.00999999999999801,15,66039.0,жпптел
248,09:43:45,44.03,-0.00999999999999801,26,114465.0,бТел
249,09:43:51,43.97,-0.060000000000002274,272,1200748.0,бТел
250,09:43:54,43.94,-0.030000000000001137,92,404353.0,бТел
251,09:43:57,43.97,0.030000000000001137,13,57127.0,бРел
252,09:44:00,43.95,-0.01999999999999602,52,228487.0,бРел
253,09:44:03,43.94,-0.010000000000005116,3,13188.0,жпптел
254,09:44:06,43.95,0.010000000000005116,7,30762.0,бТел
255,09:44:09,43.98,0.02999999999999403,12,52766.0,бРел
256,09:44:12,43.98,0.0,5,21990.0,бТел
257,09:44:15,43.99,0.010000000000005116,21,92373.0,бРел
258,09:44:18,43.98,-0.010000000000005116,5,21989.0,жпптел
259,09:44:21,43.97,-0.00999999999999801,102,448639.0,бТел
260,09:44:24,43.97,0.0,16,70383.0,бТел
261,09:44:30,43.99,0.020000000000003126,4,17592.0,жпптел
262,09:44:33,44.03,0.03999999999999915,82,360987.0,бРел
263,09:44:36,44.0,-0.030000000000001137,74,325384.0,бТел
264,09:44:39,44.05,0.04999999999999716,137,603013.0,бРел
265,09:44:42,44.05,0.0,8,35240.0,бТел
266,09:44:45,44.06,0.010000000000005116,22,96918.0,бРел
267,09:44:48,44.05,-0.010000000000005116,65,286336.0,бТел
268,09:44:51,44.04,-0.00999999999999801,16,70459.0,бТел
269,09:44:54,44.04,0.0,85,374276.0,бРел
270,09:44:57,44.04,0.0,5,22020.0,бРел
271,09:45:03,44.02,-0.01999999999999602,45,198111.0,бТел
272,09:45:06,44.03,0.00999999999999801,83,365426.0,бРел
273,09:45:09,44.03,0.0,38,167237.0,бРел
274,09:45:12,44.0,-0.030000000000001137,49,215782.0,бТел
275,09:45:15,44.04,0.03999999999999915,55,242207.0,бРел
276,09:45:18,44.04,0.0,3,13212.0,бТел
277,09:45:21,44.04,0.0,33,145348.0,бТел
278,09:45:24,44.04,0.0,76,334729.0,бТел
279,09:45:30,44.06,0.020000000000003126,86,378909.0,бРел
280,09:45:33,44.05,-0.010000000000005116,44,193857.0,бТел
281,09:45:36,44.05,0.0,32,141271.3500000015,бРел
282,09:45:39,44.07,0.020000000000003126,175,771168.0,бРел
283,09:45:45,44.1,0.030000000000001137,97,427626.0,бРел
284,09:45:51,44.1,0.0,126,555645.0,бРел
285,09:45:54,44.1,0.0,108,476280.0,бРел
286,09:45:57,44.1,0.0,5,22050.0,бТел
287,09:46:00,44.09,-0.00999999999999801,7,30869.0,бТел
288,09:46:03,44.12,0.02999999999999403,60,264659.0,бРел
289,09:46:06,44.11,-0.00999999999999801,33,145545.0,бТел
290,09:46:09,44.16,0.04999999999999716,142,626752.0,бРел
291,09:46:12,44.11,-0.04999999999999716,10,44115.0,бТел
292,09:46:15,44.09,-0.01999999999999602,80,352838.0,бТел
293,09:46:18,44.1,0.00999999999999801,67,295503.0,жпптел
294,09:46:24,44.09,-0.00999999999999801,36,158723.0,бТел
295,09:46:27,44.08,-0.010000000000005116,75,330579.0,бТел
296,09:46:30,44.05,-0.030000000000001137,113,497581.0,бТел
297,09:46:33,44.05,0.0,10,44030.0,бРел
298,09:46:36,44.0,-0.04999999999999716,35,153974.0,бТел
299,09:46:42,44.01,0.00999999999999801,43,189302.0,жпптел
300,09:46:45,43.99,-0.01999999999999602,62,272644.0,бТел
301,09:46:48,44.0,0.00999999999999801,25,110001.0,жпптел
302,09:46:51,44.05,0.04999999999999716,207,910410.0,бРел
303,09:46:54,43.98,-0.07000000000000028,3,13201.0,бТел
304,09:46:57,43.96,-0.01999999999999602,36,158195.0,бРел
305,09:47:00,44.0,0.03999999999999915,20,87954.0,бРел
306,09:47:03,43.97,-0.030000000000001137,12,52747.0,бТел
307,09:47:06,43.97,0.0,3,13191.0,бРел
308,09:47:09,44.0,0.030000000000001137,19,83599.0,бРел
309,09:47:12,44.0,0.0,4,17600.0,жпптел
310,09:47:15,44.0,0.0,11,48391.0,бТел
311,09:47:21,44.0,0.0,13,57200.0,бТел
312,09:47:24,44.0,0.0,27,118800.0,бТел
313,09:47:30,44.01,0.00999999999999801,137,602814.0,бРел
314,09:47:33,43.99,-0.01999999999999602,12,52798.0,бТел
315,09:47:36,43.98,-0.010000000000005116,77,338652.0,бТел
316,09:47:39,43.98,0.0,7,30786.0,бРел
317,09:47:42,43.98,0.0,19,83556.0,жпптел
318,09:47:45,43.98,0.0,3,13195.0,бРел
319,09:47:48,43.97,-0.00999999999999801,13,57165.0,бТел
320,09:47:51,43.97,0.0,19,83547.0,бТел
321,09:47:54,43.97,0.0,13,57165.0,бРел
322,09:47:57,43.99,0.020000000000003126,11,48381.0,бРел
323,09:48:00,43.99,0.0,40,175941.0,бРел
324,09:48:03,43.97,-0.020000000000003126,14,61569.0,бТел
325,09:48:06,43.99,0.020000000000003126,23,101157.0,бРел
326,09:48:09,43.99,0.0,16,70381.0,бРел
327,09:48:12,43.98,-0.010000000000005116,27,118764.0,бТел
328,09:48:15,44.02,0.04000000000000625,34,149604.0,бРел
329,09:48:21,44.01,-0.010000000000005116,8,35212.0,жпптел
330,09:48:24,44.01,0.0,12,52831.0,бТел
331,09:48:27,44.01,0.0,23,101223.0,бТел
332,09:48:30,44.04,0.030000000000001137,367,1617990.0,бРел
333,09:48:33,44.04,0.0,17,74868.0,бРел
334,09:48:36,44.04,0.0,4,17610.0,жпптел
335,09:48:39,44.09,0.05000000000000426,13,57313.0,бРел
336,09:48:42,44.08,-0.010000000000005116,90,396867.0,бТел
337,09:48:45,44.04,-0.03999999999999915,46,202766.0,бТел
338,09:48:48,44.05,0.00999999999999801,2,8809.0,жпптел
339,09:48:51,44.07,0.020000000000003126,11,48469.0,жпптел
340,09:48:54,44.07,0.0,3,13217.0,бРел
341,09:48:57,44.06,-0.00999999999999801,18,79312.0,бТел
342,09:49:00,44.06,0.0,45,198266.0,бРел
343,09:49:03,44.06,0.0,23,101335.0,бРел
344,09:49:06,44.08,0.01999999999999602,71,312849.0,бРел
345,09:49:09,44.08,0.0,38,167462.0,бРел
346,09:49:12,44.09,0.010000000000005116,21,92586.0,бРел
347,09:49:15,44.08,-0.010000000000005116,58,255598.0,бТел
348,09:49:21,44.09,0.010000000000005116,78,343826.0,бРел
349,09:49:24,44.09,0.0,14,61725.0,бРел
350,09:49:27,44.09,0.0,31,136673.0,бРел
351,09:49:30,44.1,0.00999999999999801,303,1336178.0,бРел
352,09:49:33,44.1,0.0,30,132289.0,бРел
353,09:49:36,44.1,0.0,48,211676.0,бРел
354,09:49:42,44.09,-0.00999999999999801,86,379257.0,бТел
355,09:49:45,44.11,0.01999999999999602,34,149937.0,бРел
356,09:49:48,44.12,0.00999999999999801,9,39698.0,бРел
357,09:49:51,44.12,0.0,28,123536.0,бРел
358,09:49:57,44.14,0.020000000000003126,30,132381.0,бРел
359,09:50:00,44.14,0.0,18,79438.0,бРел
360,09:50:03,44.14,0.0,8,35308.0,бРел
361,09:50:06,44.14,0.0,16,70626.0,бРел
362,09:50:09,44.16,0.01999999999999602,86,379710.0,бРел
363,09:50:12,44.18,0.020000000000003126,182,803962.0000000075,бРел
364,09:50:18,44.18,0.0,97,428584.0,бРел
365,09:50:21,44.19,0.00999999999999801,72,318195.0,бРел
366,09:50:24,44.19,0.0,143,632075.0,бТел
367,09:50:30,44.22,0.030000000000001137,93,411259.0,бРел
368,09:50:33,44.24,0.020000000000003126,154,681186.0,бРел
369,09:50:36,44.24,0.0,20,88469.0,бРел
370,09:50:39,44.26,0.01999999999999602,199,880558.0,бРел
371,09:50:42,44.28,0.020000000000003126,50,221313.0,бРел
372,09:50:45,44.28,0.0,233,1031317.0,бТел
373,09:50:48,44.28,0.0,252,1115854.0,бТел
374,09:50:51,44.28,0.0,65,287806.0,бРел
375,09:50:54,44.29,0.00999999999999801,301,1332721.0,бРел
376,09:50:57,44.28,-0.00999999999999801,99,438368.0,бТел
377,09:51:00,44.28,0.0,126,557916.0,бТел
378,09:51:03,44.29,0.00999999999999801,430,1903865.0,бРел
379,09:51:06,44.29,0.0,117,518198.0,бТел
380,09:51:09,44.3,0.00999999999999801,210,930103.0,бРел
381,09:51:15,44.28,-0.01999999999999602,126,558141.0,бТел
382,09:51:18,44.3,0.01999999999999602,53,234745.0,бРел
383,09:51:21,44.3,0.0,59,261400.0,бТел
384,09:51:24,44.31,0.010000000000005116,118,522721.0,бРел
385,09:51:27,44.28,-0.030000000000001137,50,221501.0,бТел
386,09:51:30,44.31,0.030000000000001137,194,859301.0,жпптел
387,09:51:33,44.28,-0.030000000000001137,40,177168.0,бТел
388,09:51:36,44.28,0.0,107,473680.0,бРел
389,09:51:39,44.25,-0.030000000000001137,45,199262.0,бТел
390,09:51:42,44.29,0.03999999999999915,71,314337.0,жпптел
391,09:51:45,44.25,-0.03999999999999915,5,22129.0,бТел
392,09:51:48,44.27,0.020000000000003126,101,446972.0,бРел
393,09:51:51,44.25,-0.020000000000003126,35,154881.0,бТел
394,09:51:54,44.25,0.0,85,376123.0,бРел
395,09:51:57,44.3,0.04999999999999716,506,2240966.0,бРел
396,09:52:00,44.25,-0.04999999999999716,35,154965.0,бТел
397,09:52:03,44.27,0.020000000000003126,35,154841.0,бРел
398,09:52:06,44.27,0.0,334,1479622.0,бТел
399,09:52:09,44.33,0.05999999999999517,124,549481.0,бРел
400,09:52:15,44.28,-0.04999999999999716,29,128488.0,бТел
401,09:52:18,44.28,0.0,13,57543.0,жпптел
402,09:52:21,44.27,-0.00999999999999801,47,208032.0,жпптел
403,09:52:24,44.28,0.00999999999999801,23,101844.0,бРел
404,09:52:27,44.25,-0.030000000000001137,113,500282.0,бТел
405,09:52:30,44.25,0.0,18,79681.0,бТел
406,09:52:33,44.25,0.0,20,88510.0,бТел
407,09:52:36,44.25,0.0,73,323217.0,бТел
408,09:52:39,44.26,0.00999999999999801,36,159306.0,жпптел
409,09:52:42,44.28,0.020000000000003126,127,562190.0,бРел
410,09:52:45,44.26,-0.020000000000003126,28,123934.0,бТел
411,09:52:48,44.28,0.020000000000003126,16,70815.0,бРел
412,09:52:51,44.26,-0.020000000000003126,56,247905.0,бТел
413,09:52:54,44.25,-0.00999999999999801,14,61970.0,бТел
414,09:52:57,44.27,0.020000000000003126,128,566430.0,бРел
415,09:53:00,44.25,-0.020000000000003126,78,345300.0,бТел
416,09:53:03,44.25,0.0,65,287666.0,бТел
417,09:53:06,44.26,0.00999999999999801,57,252241.0,бРел
418,09:53:12,44.25,-0.00999999999999801,145,641628.0,бТел
419,09:53:15,44.24,-0.00999999999999801,23,101777.0,бТел
420,09:53:18,44.23,-0.010000000000005116,16,70784.0,бТел
421,09:53:21,44.23,0.0,44,194621.0,бТел
422,09:53:24,44.24,0.010000000000005116,9,39816.0,бТел
423,09:53:30,44.23,-0.010000000000005116,95,420179.0,бТел
424,09:53:33,44.21,-0.01999999999999602,10,44223.0,бТел
425,09:53:36,44.24,0.030000000000001137,3,13270.0,бРел
426,09:53:39,44.22,-0.020000000000003126,1,4422.0,жпптел
427,09:53:42,44.23,0.00999999999999801,19,84036.0,бРел
428,09:53:45,44.21,-0.01999999999999602,25,110536.0,бТел
429,09:53:48,44.2,-0.00999999999999801,27,119355.0,бТел
430,09:53:51,44.2,0.0,25,110504.0,бТел
431,09:53:54,44.21,0.00999999999999801,39,172390.0,бРел
432,09:53:57,44.21,0.0,51,225478.0,бРел
433,09:54:00,44.21,0.0,6,26526.0,бТел
434,09:54:03,44.2,-0.00999999999999801,35,154726.0,бТел
435,09:54:06,44.2,0.0,1,4420.0,бТел
436,09:54:12,44.2,0.0,72,318295.0,бТел
437,09:54:15,44.19,-0.010000000000005116,63,278481.0,бТел
438,09:54:18,44.19,0.0,10,44195.0,бТел
439,09:54:21,44.22,0.030000000000001137,121,534859.0,бРел
440,09:54:24,44.22,0.0,24,106128.0,бТел
441,09:54:27,44.23,0.00999999999999801,23,101729.0,бРел
442,09:54:30,44.23,0.0,10,44229.0,бТел
443,09:54:33,44.23,0.0,31,137085.0,бРел
444,09:54:36,44.23,0.0,81,358243.0,бРел
445,09:54:39,44.23,0.0,36,159233.0,бТел
446,09:54:42,44.23,0.0,76,336153.0,бТел
447,09:54:45,44.24,0.010000000000005116,101,446726.0,бРел
448,09:54:48,44.24,0.0,32,141545.0,бРел
449,09:54:51,44.22,-0.020000000000003126,40,176880.0,бТел
450,09:54:54,44.22,0.0,5,22104.0,бРел
451,09:54:57,44.2,-0.01999999999999602,94,415554.0,бТел
452,09:55:00,44.19,-0.010000000000005116,232,1025214.0,бТел
453,09:55:03,44.18,-0.00999999999999801,31,136963.0,бТел
454,09:55:06,44.16,-0.020000000000003126,272,1201668.0,бТел
455,09:55:12,44.11,-0.04999999999999716,48,211840.0,бТел
456,09:55:15,44.18,0.07000000000000028,55,242795.0,бРел
457,09:55:21,44.1,-0.0799999999999983,34,149950.0,бТел
458,09:55:24,44.08,-0.020000000000003126,108,476109.0,бТел
459,09:55:27,44.04,-0.03999999999999915,137,603685.0,бТел
460,09:55:30,44.03,-0.00999999999999801,3,13209.0,бТел
461,09:55:36,44.04,0.00999999999999801,4,17614.0,бРел
462,09:55:39,44.04,0.0,8,35228.0,бРел
463,09:55:42,44.04,0.0,9,39636.0,бТел
464,09:55:45,44.05,0.00999999999999801,11,48445.0,жпптел
465,09:55:48,44.06,0.010000000000005116,21,92527.0,бРел
466,09:55:51,44.06,0.0,6,26439.0,бТел
467,09:55:54,44.04,-0.020000000000003126,121,533153.0,бТел
468,09:55:57,44.08,0.03999999999999915,16,70528.0,бРел
469,09:56:00,44.09,0.010000000000005116,9,39681.0,бРел
470,09:56:03,44.09,0.0,277,1221558.0,бТел
471,09:56:09,44.11,0.01999999999999602,152,670378.0,бРел
472,09:56:12,44.1,-0.00999999999999801,58,255837.0,бТел
473,09:56:15,44.11,0.00999999999999801,19,83809.0,бРел
474,09:56:18,44.12,0.00999999999999801,12,52944.0,бРел
475,09:56:21,44.16,0.03999999999999915,89,393093.0,бРел
476,09:56:24,44.15,-0.00999999999999801,276,1218989.0,бТел
477,09:56:30,44.2,0.05000000000000426,96,424132.0,бРел
478,09:56:33,44.2,0.0,5,22097.0,бРел
479,09:56:36,44.2,0.0,11,48620.0,бРел
480,09:56:39,44.2,0.0,47,207735.0,бРел
481,09:56:42,44.2,0.0,35,154694.0,бРел
482,09:56:45,44.19,-0.010000000000005116,70,309369.0,бТел
483,09:56:48,44.2,0.010000000000005116,3,13262.0,бТел
484,09:56:51,44.22,0.01999999999999602,12,53052.0,бРел
485,09:56:54,44.2,-0.01999999999999602,22,97240.0,бТел
486,09:56:57,44.2,0.0,12,53023.0,бРел
487,09:57:00,44.19,-0.010000000000005116,13,57425.0,бТел
488,09:57:03,44.19,0.0,19,83952.0,бРел
489,09:57:09,44.2,0.010000000000005116,54,238653.0,бРел
490,09:57:12,44.2,0.0,31,137009.0,бРел
491,09:57:15,44.19,-0.010000000000005116,55,243075.0,бТел
492,09:57:21,44.2,0.010000000000005116,39,172342.0,бРел
493,09:57:24,44.19,-0.010000000000005116,8,35352.0,бРел
494,09:57:27,44.18,-0.00999999999999801,13,57444.0,бТел
495,09:57:30,44.18,0.0,6,26508.0,бТел
496,09:57:33,44.19,0.00999999999999801,24,106063.0,бРел
497,09:57:36,44.19,0.0,13,57447.0,бТел
498,09:57:39,44.19,0.0,8,35350.0,бТел
499,09:57:42,44.19,0.0,24,106057.0,бРел
500,09:57:45,44.17,-0.01999999999999602,64,282699.0,бТел
501,09:57:48,44.17,0.0,51,225268.0,бТел
502,09:57:51,44.17,0.0,78,344528.0,бТел
503,09:57:54,44.17,0.0,34,150178.0,бТел
504,09:57:57,44.17,0.0,158,697863.0,бТел
505,09:58:00,44.16,-0.010000000000005116,2,8828.0,жпптел
506,09:58:03,44.12,-0.03999999999999915,61,269373.0,бТел
507,09:58:12,44.12,0.0,13,57355.0,бТел
508,09:58:15,44.12,0.0,40,176526.0,бРел
509,09:58:21,44.1,-0.01999999999999602,37,163185.0,бТел
510,09:58:27,44.1,0.0,15,66151.0,бТел
511,09:58:30,44.1,0.0,28,123476.0,бРел
512,09:58:33,44.1,0.0,16,70559.0,бРел
513,09:58:36,44.1,0.0,6,26460.0,бТел
514,09:58:39,44.09,-0.00999999999999801,26,114640.0,бТел
515,09:58:42,44.1,0.00999999999999801,37,163172.0,бРел
516,09:58:48,44.09,-0.00999999999999801,9,39683.0,бТел
517,09:58:51,44.12,0.02999999999999403,8,35281.0,бРел
518,09:58:57,44.13,0.010000000000005116,21,92657.0,бРел
519,09:59:00,44.12,-0.010000000000005116,1,4412.0,бТел
520,09:59:03,44.12,0.0,14,61779.0,бТел
521,09:59:06,44.13,0.010000000000005116,48,211797.0,бРел
522,09:59:09,44.14,0.00999999999999801,22,97087.0,бРел
523,09:59:12,44.12,-0.020000000000003126,44,194208.0,бТел
524,09:59:15,44.13,0.010000000000005116,18,79459.0,бТел
525,09:59:18,44.14,0.00999999999999801,2,8827.0,жпптел
526,09:59:21,44.14,0.0,9,39721.0,бРел
527,09:59:24,44.12,-0.020000000000003126,30,132376.0,бТел
528,09:59:27,44.14,0.020000000000003126,24,105892.0,бРел
529,09:59:30,44.15,0.00999999999999801,10,44150.0,бРел
530,09:59:33,44.1,-0.04999999999999716,57,251594.0,бТел
531,09:59:36,44.14,0.03999999999999915,1,4414.0,бРел
532,09:59:39,44.12,-0.020000000000003126,1,4412.0,бТел
533,09:59:42,44.12,0.0,21,92652.0,бТел
534,09:59:45,44.12,0.0,16,70590.0,бРел
535,09:59:48,44.14,0.020000000000003126,60,264807.0,бРел
536,09:59:51,44.12,-0.020000000000003126,3,13238.0,бТел
537,09:59:57,44.13,0.010000000000005116,2,8826.0,бРел
538,10:00:00,44.12,-0.010000000000005116,26,114740.0,бТел
539,10:00:03,44.13,0.010000000000005116,6,26473.0,бРел
540,10:00:06,44.14,0.00999999999999801,19,83848.0,бРел
541,10:00:09,44.12,-0.020000000000003126,92,405984.0,бТел
542,10:00:12,44.12,0.0,9,39709.0,бТел
543,10:00:15,44.1,-0.01999999999999602,117,516372.0,бТел
544,10:00:18,44.12,0.01999999999999602,10,44116.0,жпптел
545,10:00:21,44.11,-0.00999999999999801,25,110297.0,бТел
546,10:00:27,44.1,-0.00999999999999801,33,145540.0,бТел
547,10:00:30,44.09,-0.00999999999999801,32,141088.0,бТел
548,10:00:33,44.09,0.0,91,401127.0,бРел
549,10:00:39,44.06,-0.030000000000001137,17,74902.0,бТел
550,10:00:42,44.06,0.0,61,268796.0,бРел
551,10:00:45,44.06,0.0,31,136586.0,бРел
552,10:00:48,44.06,0.0,31,136606.0,бТел
553,10:00:54,44.09,0.030000000000001137,9,39671.0,бРел
554,10:00:57,44.06,-0.030000000000001137,2,8812.0,бТел
555,10:01:00,44.06,0.0,6,26436.0,бТел
556,10:01:03,44.08,0.01999999999999602,7,30854.0,бРел
557,10:01:09,44.06,-0.01999999999999602,26,114561.0,бТел
558,10:01:12,44.08,0.01999999999999602,7,30854.0,бРел
559,10:01:15,44.06,-0.01999999999999602,40,176245.0,бТел
560,10:01:18,44.07,0.00999999999999801,18,79309.0,жпптел
561,10:01:21,44.06,-0.00999999999999801,36,158616.0,бТел
562,10:01:24,44.06,0.0,2,8812.0,бРел
563,10:01:27,44.06,0.0,32,140992.0,бРел
564,10:01:30,44.05,-0.010000000000005116,3,13215.0,бТел
565,10:01:33,44.06,0.010000000000005116,6,26433.0,бРел
566,10:01:36,44.05,-0.010000000000005116,3,13215.0,бТел
567,10:01:39,44.05,0.0,27,118941.0,бТел
568,10:01:48,44.04,-0.00999999999999801,16,70474.0,бТел
569,10:01:54,44.05,0.00999999999999801,74,325970.0,бРел
570,10:01:57,44.04,-0.00999999999999801,42,184995.0,бТел
571,10:02:00,44.05,0.00999999999999801,16,70476.0,бРел
572,10:02:06,44.04,-0.00999999999999801,20,88089.0,бТел
573,10:02:09,44.05,0.00999999999999801,2,8810.0,бРел
574,10:02:15,44.05,0.0,14,61668.0,бРел
575,10:02:18,44.05,0.0,6,26430.0,бТел
576,10:02:21,44.06,0.010000000000005116,104,458224.0,бРел
577,10:02:24,44.08,0.01999999999999602,6,26444.0,бРел
578,10:02:27,44.08,0.0,2,8814.0,бРел
579,10:02:30,44.09,0.010000000000005116,14,61716.0,бРел
580,10:02:36,44.1,0.00999999999999801,25,110225.0,бРел
581,10:02:39,44.1,0.0,7,30869.0,бРел
582,10:02:42,44.09,-0.00999999999999801,1,4409.0,бТел
583,10:02:45,44.1,0.00999999999999801,5,22050.0,бРел
584,10:02:51,44.09,-0.00999999999999801,47,207234.0,бТел
585,10:02:54,44.09,0.0,3,13227.0,бРел
586,10:02:57,44.09,0.0,40,176358.0,бРел
587,10:03:00,44.1,0.00999999999999801,110,484991.0,бРел
588,10:03:06,44.1,0.0,18,79373.0,бРел
589,10:03:09,44.11,0.00999999999999801,15,66156.0,бРел
590,10:03:12,44.11,0.0,20,88220.0,бРел
591,10:03:15,44.11,0.0,15,66163.0,бРел
592,10:03:18,44.09,-0.01999999999999602,20,88213.0,бТел
593,10:03:21,44.11,0.01999999999999602,9,39696.0,бРел
594,10:03:24,44.1,-0.00999999999999801,9,39695.0,бТел
595,10:03:27,44.1,0.0,11,48505.0,бРел
596,10:03:30,44.09,-0.00999999999999801,15,66135.0,бТел
597,10:03:33,44.1,0.00999999999999801,37,163156.0,бРел
598,10:03:36,44.08,-0.020000000000003126,1,4408.0,бТел
599,10:03:39,44.1,0.020000000000003126,11,48501.0,бРел
600,10:03:45,44.1,0.0,17,74967.0,бРел
601,10:03:54,44.1,0.0,41,180807.0,бРел
602,10:04:00,44.1,0.0,229,1009885.0,бРел
603,10:04:06,44.1,0.0,30,132336.0,бТел
604,10:04:09,44.12,0.01999999999999602,10,44120.0,бРел
605,10:04:12,44.11,-0.00999999999999801,9,39704.0,жпптел
606,10:04:15,44.11,0.0,8,35300.0,бТел
607,10:04:18,44.11,0.0,4,17647.0,бТел
608,10:04:24,44.13,0.020000000000003126,18,79433.0,бРел
609,10:04:27,44.12,-0.010000000000005116,29,127976.0,бТел
610,10:04:30,44.12,0.0,8,35304.0,бТел
611,10:04:33,44.14,0.020000000000003126,6,26484.0,бРел
612,10:04:36,44.14,0.0,7,33325.69999998808,бРел
613,10:04:39,44.15,0.00999999999999801,26,114769.0,бРел
614,10:04:42,44.15,0.0,38,169745.75,бРел
615,10:04:45,44.15,0.0,4,17658.0,бРел
616,10:04:51,44.15,0.0,12,55410.25,бРел
617,10:04:54,44.16,0.00999999999999801,111,490168.0,бРел
618,10:05:00,44.19,0.030000000000001137,212,936499.0,бРел
619,10:05:03,44.2,0.010000000000005116,161,711754.0,бРел
620,10:05:06,44.22,0.01999999999999602,11,48642.0,бРел
621,10:05:09,44.23,0.00999999999999801,143,632528.0,бРел
622,10:05:12,44.24,0.010000000000005116,52,230096.0,бТел
623,10:05:15,44.24,0.0,11,48659.0,бРел
624,10:05:18,44.25,0.00999999999999801,70,309690.0,бРел
625,10:05:21,44.25,0.0,25,110625.0,бРел
626,10:05:24,44.26,0.00999999999999801,24,106204.0,бРел
627,10:05:27,44.26,0.0,71,314228.0,бРел
628,10:05:30,44.27,0.010000000000005116,29,128359.0,бРел
629,10:05:33,44.25,-0.020000000000003126,37,163757.0,бТел
630,10:05:36,44.26,0.00999999999999801,5,22126.0,бРел
631,10:05:39,44.25,-0.00999999999999801,144,637100.0,бТел
632,10:05:42,44.24,-0.00999999999999801,57,252109.0,жпптел
633,10:05:51,44.24,0.0,17,75178.0,бРел
634,10:05:54,44.24,0.0,15,66349.0,бРел
635,10:05:57,44.17,-0.07000000000000028,13,57491.0,бТел
636,10:06:00,44.18,0.00999999999999801,8,35374.0,жпптел
637,10:06:03,44.24,0.060000000000002274,8,35367.0,бРел
638,10:06:06,44.24,0.0,35,154839.0,бРел
639,10:06:09,44.24,0.0,22,97331.0,бРел
640,10:06:12,44.2,-0.03999999999999915,99,438035.0,бТел
641,10:06:15,44.24,0.03999999999999915,17,75216.0,бТел
642,10:06:18,44.2,-0.03999999999999915,24,106190.0,бТел
643,10:06:21,44.24,0.03999999999999915,12,53087.0,бРел
644,10:06:24,44.24,0.0,49,216776.0,бРел
645,10:06:27,44.24,0.0,79,349490.0,бРел
646,10:06:30,44.25,0.00999999999999801,36,159292.0,бРел
647,10:06:33,44.27,0.020000000000003126,166,734812.0,бРел
648,10:06:36,44.26,-0.010000000000005116,713,3157714.0,жпптел
649,10:06:39,44.29,0.030000000000001137,15,66444.0,бТел
650,10:06:45,44.32,0.030000000000001137,77,341260.0,бРел
651,10:06:48,44.32,0.0,182,806599.0,бРел
652,10:06:51,44.34,0.020000000000003126,99,438859.0,бРел
653,10:06:54,44.33,-0.010000000000005116,314,1392713.0,бТел
654,10:06:57,44.36,0.030000000000001137,5,22182.0,жпптел
655,10:07:00,44.35,-0.00999999999999801,55,244010.0,бТел
656,10:07:03,44.36,0.00999999999999801,41,181884.0,бРел
657,10:07:06,44.36,0.0,25,110900.0,бТел
658,10:07:09,44.37,0.00999999999999801,357,1584428.0,бРел
659,10:07:12,44.37,0.0,157,696511.0,бРел
660,10:07:15,44.37,0.0,19,84303.0,бРел
661,10:07:18,44.37,0.0,21,93213.0,бТел
662,10:07:21,44.37,0.0,42,186364.0,бТел
663,10:07:24,44.39,0.020000000000003126,43,190833.0,бРел
664,10:07:27,44.32,-0.07000000000000028,398,1765404.0,бТел
665,10:07:30,44.32,0.0,100,443362.0,бТел
666,10:07:33,44.32,0.0,6,26590.0,бРел
667,10:07:36,44.35,0.030000000000001137,41,181657.0,бРел
668,10:07:42,44.3,-0.05000000000000426,5,22151.0,бТел
669,10:07:45,44.3,0.0,33,146236.0,бТел
670,10:07:48,44.27,-0.02999999999999403,57,252486.0,бТел
671,10:07:51,44.28,0.00999999999999801,17,75289.0,жпптел
672,10:07:57,44.3,0.01999999999999602,118,522497.0,бРел
673,10:08:00,44.3,0.0,30,132892.0,бРел
674,10:08:03,44.29,-0.00999999999999801,90,398698.0,бТел
675,10:08:06,44.3,0.00999999999999801,37,163847.0,бРел
676,10:08:09,44.29,-0.00999999999999801,18,79732.0,жпптел
677,10:08:12,44.3,0.00999999999999801,13,57574.0,бРел
678,10:08:15,44.29,-0.00999999999999801,25,110744.0,бТел
679,10:08:18,44.3,0.00999999999999801,8,35439.0,бРел
680,10:08:21,44.3,0.0,9,39863.0,бРел
681,10:08:24,44.3,0.0,38,168322.0,бРел
682,10:08:27,44.3,0.0,17,75309.0,бРел
683,10:08:33,44.29,-0.00999999999999801,45,199334.0,бТел
684,10:08:39,44.3,0.00999999999999801,40,177200.0,бРел
685,10:08:45,44.3,0.0,28,124035.0,бРел
686,10:08:48,44.3,0.0,37,163898.0,бРел
687,10:08:54,44.3,0.0,16,70877.0,бРел
688,10:08:57,44.3,0.0,54,239183.0,бРел
689,10:09:00,44.29,-0.00999999999999801,15,66446.0,жпптел
690,10:09:03,44.29,0.0,12,53147.0,бРел
691,10:09:06,44.3,0.00999999999999801,36,159452.0,бРел
692,10:09:09,44.29,-0.00999999999999801,3,13287.0,бТел
693,10:09:12,44.3,0.00999999999999801,10,44296.0,бРел
694,10:09:15,44.3,0.0,12,53158.0,бРел
695,10:09:18,44.3,0.0,42,186057.0,бРел
696,10:09:21,44.3,0.0,35,155040.0,бРел
697,10:09:24,44.29,-0.00999999999999801,32,141745.0,бТел
698,10:09:27,44.3,0.00999999999999801,25,110720.0,бРел
699,10:09:30,44.3,0.0,9,39864.0,бРел
700,10:09:33,44.3,0.0,2,8860.0,бТел
701,10:09:39,44.29,-0.00999999999999801,2,8857.0,бРел
702,10:09:42,44.28,-0.00999999999999801,2,8857.0,бТел
703,10:09:45,44.28,0.0,14,61996.0,бТел
704,10:09:48,44.29,0.00999999999999801,4,17716.0,бТел
705,10:09:51,44.29,0.0,6,26574.0,бТел
706,10:09:54,44.29,0.0,19,84165.0,бТел
707,10:09:57,44.29,0.0,1,4429.0,бТел
708,10:10:00,44.3,0.00999999999999801,55,243601.0,бРел
709,10:10:03,44.3,0.0,42,186060.0,бРел
710,10:10:06,44.3,0.0,130,575869.0,бРел
711,10:10:09,44.31,0.010000000000005116,82,363324.0,бРел
712,10:10:12,44.33,0.01999999999999602,160,708985.0,бРел
713,10:10:15,44.35,0.020000000000003126,12,53199.0,бРел
714,10:10:18,44.35,0.0,25,110875.0,бРел
715,10:10:21,44.35,0.0,35,155259.0,бТел
716,10:10:24,44.37,0.01999999999999602,75,332765.0,бРел
717,10:10:27,44.39,0.020000000000003126,189,838624.0,бРел
718,10:10:30,44.4,0.00999999999999801,122,541584.0,бРел
719,10:10:36,44.39,-0.00999999999999801,102,452851.0,бТел
720,10:10:39,44.39,0.0,82,364075.0,бТел
721,10:10:42,44.4,0.00999999999999801,104,461749.0,бРел
722,10:10:45,44.4,0.0,52,230880.0,бРел
723,10:10:48,44.42,0.020000000000003126,35,155447.0,бРел
724,10:10:51,44.41,-0.010000000000005116,89,395302.0,бТел
725,10:10:54,44.42,0.010000000000005116,128,568757.0,бРел
726,10:10:57,44.44,0.01999999999999602,103,457675.0,бРел
727,10:11:03,44.44,0.0,185,822271.0,бТел
728,10:11:06,44.42,-0.01999999999999602,94,417744.0,бТел
729,10:11:09,44.42,0.0,122,542127.0,бТел
730,10:11:12,44.39,-0.030000000000001137,338,1500869.0,бТел
731,10:11:15,44.41,0.01999999999999602,39,173140.0,жпптел
732,10:11:18,44.41,0.0,42,186513.0,бРел
733,10:11:21,44.41,0.0,43,190960.0,бРел
734,10:11:24,44.4,-0.00999999999999801,70,310840.0,бТел
735,10:11:27,44.41,0.00999999999999801,134,595031.0,бРел
736,10:11:33,44.4,-0.00999999999999801,169,750252.0,жпптел
737,10:11:36,44.41,0.00999999999999801,73,324130.0,бРел
738,10:11:39,44.38,-0.02999999999999403,34,150912.0,жпптел
739,10:11:42,44.4,0.01999999999999602,2,8880.0,бРел
740,10:11:45,44.41,0.00999999999999801,88,390743.0,бРел
741,10:11:48,44.4,-0.00999999999999801,51,226434.0,бТел
742,10:11:51,44.38,-0.01999999999999602,39,173143.0,бТел
743,10:11:57,44.39,0.00999999999999801,18,79902.0,бТел
744,10:12:00,44.39,0.0,65,288593.0,жпптел
745,10:12:03,44.39,0.0,17,75459.0,бТел
746,10:12:06,44.39,0.0,20,88780.0,бРел
747,10:12:09,44.38,-0.00999999999999801,40,177574.0,бТел
748,10:12:12,44.39,0.00999999999999801,28,124292.0,бРел
749,10:12:15,44.38,-0.00999999999999801,24,106512.0,бТел
750,10:12:18,44.39,0.00999999999999801,50,221914.0,бРел
751,10:12:21,44.38,-0.00999999999999801,103,457131.0,бТел
752,10:12:24,44.38,0.0,46,204146.0,бРел
753,10:12:27,44.38,0.0,7,31064.0,бРел
754,10:12:33,44.38,0.0,49,217450.0,бРел
755,10:12:36,44.35,-0.030000000000001137,88,390477.0,бТел
756,10:12:39,44.38,0.030000000000001137,46,204121.0,бРел
757,10:12:45,44.37,-0.010000000000005116,13,57676.0,бРел
758,10:12:51,44.39,0.020000000000003126,78,346170.0,бРел
759,10:12:54,44.37,-0.020000000000003126,42,186388.0,бТел
760,10:13:00,44.38,0.010000000000005116,125,554749.0,бРел
761,10:13:03,44.38,0.0,32,142067.0,жпптел
762,10:13:06,44.39,0.00999999999999801,11,48826.0,бРел
763,10:13:09,44.39,0.0,46,204190.0,бТел
764,10:13:12,44.4,0.00999999999999801,32,142079.0,бРел
765,10:13:15,44.41,0.00999999999999801,23,102105.0,бРел
766,10:13:18,44.39,-0.01999999999999602,41,182038.0,бТел
767,10:13:21,44.4,0.00999999999999801,104,461718.0,бРел
768,10:13:24,44.4,0.0,6,26640.0,бТел
769,10:13:30,44.4,0.0,34,150954.0,бРел
770,10:13:33,44.4,0.0,38,168717.0,бРел
771,10:13:36,44.39,-0.00999999999999801,58,257517.0,бТел
772,10:13:39,44.4,0.00999999999999801,86,381836.0,бРел
773,10:13:42,44.39,-0.00999999999999801,57,253054.0,бТел
774,10:13:45,44.39,0.0,10,44382.0,бРел
775,10:13:48,44.33,-0.060000000000002274,65,288354.0,бТел
776,10:13:51,44.38,0.05000000000000426,7,31064.0,жпптел
777,10:13:54,44.39,0.00999999999999801,30,133166.0,бРел
778,10:13:57,44.32,-0.07000000000000028,31,137412.0,бТел
779,10:14:03,44.33,0.00999999999999801,1,4433.0,бТел
780,10:14:06,44.38,0.05000000000000426,12,53245.0,бРел
781,10:14:09,44.33,-0.05000000000000426,18,79877.0,бТел
782,10:14:12,44.37,0.03999999999999915,24,106448.0,жпптел
783,10:14:15,44.38,0.010000000000005116,23,102071.0,бРел
784,10:14:18,44.39,0.00999999999999801,65,288527.0,бРел
785,10:14:21,44.33,-0.060000000000002274,115,510523.0,бТел
786,10:14:24,44.4,0.07000000000000028,155,688198.0,бРел
787,10:14:30,44.41,0.00999999999999801,79,350853.0,бРел
788,10:14:33,44.43,0.020000000000003126,115,510846.0,бРел
789,10:14:36,44.44,0.00999999999999801,56,248857.0,бРел
790,10:14:42,44.44,0.0,22,97759.0,бРел
791,10:14:45,44.46,0.020000000000003126,275,1222345.0,бРел
792,10:14:48,44.44,-0.020000000000003126,32,142257.0,бТел
793,10:14:51,44.46,0.020000000000003126,17,75577.0,бРел
794,10:14:54,44.47,0.00999999999999801,62,275678.0,бРел
795,10:14:57,44.46,-0.00999999999999801,46,204587.0,бТел
796,10:15:00,44.46,0.0,20,88929.0,бТел
797,10:15:03,44.46,0.0,88,391257.0,бТел
798,10:15:06,44.47,0.00999999999999801,90,403878.06999999285,бРел
799,10:15:09,44.46,-0.00999999999999801,39,173475.19000002742,бТел
800,10:15:12,44.48,0.01999999999999602,39,173471.0,жпптел
801,10:15:15,44.5,0.020000000000003126,437,1944425.0,бРел
802,10:15:18,44.55,0.04999999999999716,506,2252517.0,бРел
803,10:15:24,44.55,0.0,8,35640.0,бРел
804,10:15:27,44.55,0.0,49,218294.0,бРел
805,10:15:30,44.55,0.0,248,1104798.0,бРел
806,10:15:33,44.55,0.0,102,454452.0,бТел
807,10:15:36,44.57,0.020000000000003126,170,757448.0,бРел
808,10:15:39,44.56,-0.00999999999999801,8,35653.0,бТел
809,10:15:42,44.57,0.00999999999999801,101,450261.0,бРел
810,10:15:48,44.58,0.00999999999999801,104,463628.0,жпптел
811,10:15:51,44.59,0.010000000000005116,59,263046.0,бРел
812,10:15:54,44.6,0.00999999999999801,246,1097065.0,бРел
813,10:15:57,44.61,0.00999999999999801,37,165028.0,бРел
814,10:16:00,44.62,0.00999999999999801,27,120466.0,бРел
815,10:16:03,44.63,0.010000000000005116,2,8926.0,бРел
816,10:16:06,44.63,0.0,28,124960.0,бРел
817,10:16:09,44.64,0.00999999999999801,147,656255.0,бРел
818,10:16:12,44.66,0.01999999999999602,85,379482.0,бРел
819,10:16:15,44.66,0.0,57,254513.0,бРел
820,10:16:18,44.66,0.0,152,678695.0,бРел
821,10:16:24,44.67,0.010000000000005116,344,1536909.0,бРел
822,10:16:27,44.65,-0.020000000000003126,195,870876.0,бТел
823,10:16:30,44.64,-0.00999999999999801,134,598307.0,бТел
824,10:16:33,44.63,-0.00999999999999801,319,1423542.0,бТел
825,10:16:36,44.55,-0.0800000000000054,321,1431526.0,бТел
826,10:16:39,44.62,0.07000000000000028,120,535541.0,жпптел
827,10:16:42,44.63,0.010000000000005116,45,200749.0,бРел
828,10:16:45,44.62,-0.010000000000005116,24,107060.0,бРел
829,10:16:48,44.6,-0.01999999999999602,39,173924.0,бТел
830,10:16:51,44.59,-0.00999999999999801,43,191776.0,жпптел
831,10:16:54,44.6,0.00999999999999801,162,722519.0,бРел
832,10:16:57,44.6,0.0,102,454924.0,бТел
833,10:17:00,44.58,-0.020000000000003126,47,209575.0,бТел
834,10:17:03,44.58,0.0,82,365727.0,бТел
835,10:17:06,44.58,0.0,68,303166.0,бТел
836,10:17:09,44.58,0.0,44,196090.0,бРел
837,10:17:12,44.58,0.0,31,138167.0,бРел
838,10:17:15,44.56,-0.01999999999999602,12,53472.0,бТел
839,10:17:21,44.53,-0.030000000000001137,159,708239.0,бТел
840,10:17:24,44.53,0.0,1,4453.0,бРел
841,10:17:27,44.53,0.0,20,89060.0,бРел
842,10:17:30,44.52,-0.00999999999999801,2,8904.0,бТел
843,10:17:33,44.53,0.00999999999999801,73,325017.0,бРел
844,10:17:36,44.52,-0.00999999999999801,12,53424.0,бТел
845,10:17:39,44.49,-0.030000000000001137,124,551782.0,бТел
846,10:17:42,44.49,0.0,3,13347.0,бРел
847,10:17:45,44.48,-0.010000000000005116,31,137918.0,бТел
848,10:17:48,44.49,0.010000000000005116,26,115636.0,бРел
849,10:17:51,44.52,0.030000000000001137,33,146907.0,бРел
850,10:17:54,44.52,0.0,11,48973.0,бТел
851,10:17:57,44.53,0.00999999999999801,13,57884.0,бРел
852,10:18:00,44.52,-0.00999999999999801,26,115758.0,бТел
853,10:18:03,44.51,-0.010000000000005116,1,4451.0,бТел
854,10:18:06,44.5,-0.00999999999999801,59,262633.0,бТел
855,10:18:09,44.51,0.00999999999999801,22,97937.0,жпптел
856,10:18:12,44.51,0.0,4,17804.0,бТел
857,10:18:18,44.5,-0.00999999999999801,83,369406.0,бТел
858,10:18:21,44.5,0.0,4,17799.0,бРел
859,10:18:24,44.5,0.0,17,75646.0,бРел
860,10:18:27,44.5,0.0,20,88979.0,бРел
861,10:18:30,44.5,0.0,58,257992.0,бРел
862,10:18:33,44.48,-0.020000000000003126,15,66713.0,жпптел
863,10:18:36,44.47,-0.00999999999999801,28,124517.0,бТел
864,10:18:39,44.47,0.0,16,71152.0,бТел
865,10:18:42,44.47,0.0,67,297951.0,бТел
866,10:18:45,44.46,-0.00999999999999801,20,88927.0,бТел
867,10:18:48,44.46,0.0,25,111130.0,бРел
868,10:18:51,44.47,0.00999999999999801,9,40018.0,бРел
869,10:18:54,44.47,0.0,7,31125.0,бРел
870,10:18:57,44.48,0.00999999999999801,53,235695.0,бРел
871,10:19:00,44.48,0.0,11,48933.0,бТел
872,10:19:03,44.49,0.010000000000005116,8,35592.0,жпптел
873,10:19:06,44.5,0.00999999999999801,27,120143.0,бРел
874,10:19:09,44.49,-0.00999999999999801,64,284729.0,бТел
875,10:19:15,44.5,0.00999999999999801,96,427192.0,бРел
876,10:19:18,44.5,0.0,15,66764.0,бТел
877,10:19:21,44.51,0.00999999999999801,128,569797.0,бРел
878,10:19:27,44.51,0.0,12,53412.0,бТел
879,10:19:30,44.52,0.010000000000005116,46,204785.0,бРел
880,10:19:33,44.52,0.0,39,173628.0,бТел
881,10:19:36,44.53,0.00999999999999801,3,13358.0,бРел
882,10:19:39,44.53,0.0,11,48973.0,бРел
883,10:19:42,44.53,0.0,7,31168.0,бРел
884,10:19:45,44.52,-0.00999999999999801,30,133583.0,бТел
885,10:19:48,44.52,0.0,87,387400.0,бТел
886,10:19:51,44.52,0.0,13,57877.0,бТел
887,10:19:54,44.52,0.0,15,66794.0,бТел
888,10:19:57,44.52,0.0,26,115761.0,бТел
889,10:20:00,44.53,0.00999999999999801,94,418577.0,бРел
890,10:20:03,44.53,0.0,7,31171.0,бТел
891,10:20:06,44.54,0.00999999999999801,14,62356.0,бРел
892,10:20:09,44.53,-0.00999999999999801,89,396479.0,бТел
893,10:20:15,44.54,0.00999999999999801,39,173742.0,бТел
894,10:20:18,44.55,0.00999999999999801,13,57905.0,бРел
895,10:20:21,44.56,0.010000000000005116,72,320826.0,бРел
896,10:20:24,44.57,0.00999999999999801,23,102511.0,бРел
897,10:20:27,44.58,0.00999999999999801,40,178319.0,бРел
898,10:20:30,44.59,0.010000000000005116,41,182817.0,бРел
899,10:20:33,44.6,0.00999999999999801,37,164989.0,бРел
900,10:20:36,44.6,0.0,82,365720.0,бРел
901,10:20:39,44.61,0.00999999999999801,2,8922.0,бРел
902,10:20:42,44.63,0.020000000000003126,45,200790.0,бРел
903,10:20:45,44.63,0.0,50,223180.0,бРел
904,10:20:48,44.64,0.00999999999999801,18,80361.0,бТел
905,10:20:51,44.65,0.00999999999999801,15,66975.0,бРел
906,10:20:54,44.65,0.0,62,276796.0,бРел
907,10:20:57,44.64,-0.00999999999999801,77,343734.0,бРел
908,10:21:00,44.64,0.0,259,1156196.0,бРел
909,10:21:03,44.65,0.00999999999999801,109,486651.0,бРел
910,10:21:06,44.64,-0.00999999999999801,25,111591.0,бТел
911,10:21:09,44.64,0.0,25,111599.0,бРел
912,10:21:15,44.63,-0.00999999999999801,72,321400.0,жпптел
913,10:21:18,44.63,0.0,56,249928.0,бТел
914,10:21:21,44.61,-0.020000000000003126,12,53533.0,бТел
915,10:21:24,44.61,0.0,64,285467.0,бТел
916,10:21:30,44.6,-0.00999999999999801,45,200703.0,бТел
917,10:21:33,44.58,-0.020000000000003126,28,124854.0,бТел
918,10:21:36,44.6,0.020000000000003126,27,120401.0,бРел
919,10:21:39,44.58,-0.020000000000003126,134,597395.0,бТел
920,10:21:42,44.58,0.0,9,40116.0,бРел
921,10:21:45,44.54,-0.03999999999999915,94,419000.0,бТел
922,10:21:48,44.58,0.03999999999999915,14,62402.0,жпптел
923,10:21:51,44.58,0.0,7,31206.0,бТел
924,10:21:54,44.55,-0.030000000000001137,15,66861.0,бТел
925,10:21:57,44.56,0.010000000000005116,36,160412.0,жпптел
926,10:22:00,44.56,0.0,10,44560.0,бРел
927,10:22:03,44.55,-0.010000000000005116,15,66825.0,бТел
928,10:22:06,44.55,0.0,6,26728.0,бТел
929,10:22:12,44.55,0.0,21,93553.0,бРел
930,10:22:15,44.54,-0.00999999999999801,49,218287.0,бТел
931,10:22:18,44.54,0.0,3,13362.0,бТел
932,10:22:21,44.55,0.00999999999999801,59,262798.0,бРел
933,10:22:24,44.54,-0.00999999999999801,1,4454.0,жпптел
934,10:22:30,44.54,0.0,104,463220.0,бРел
935,10:22:33,44.55,0.00999999999999801,6,26729.0,бРел
936,10:22:36,44.56,0.010000000000005116,42,187129.0,бРел
937,10:22:39,44.56,0.0,2,8912.0,бТел
938,10:22:42,44.57,0.00999999999999801,44,196108.0,бРел
939,10:22:45,44.57,0.0,17,75769.0,бТел
940,10:22:48,44.58,0.00999999999999801,28,124780.0,бРел
941,10:22:51,44.57,-0.00999999999999801,9,40107.0,бТел
942,10:22:54,44.58,0.00999999999999801,6,26745.0,бРел
943,10:22:57,44.57,-0.00999999999999801,37,164909.0,бТел
944,10:23:00,44.58,0.00999999999999801,36,160488.0,бРел
945,10:23:03,44.57,-0.00999999999999801,59,262987.0,бТел
946,10:23:09,44.58,0.00999999999999801,21,93603.0,бРел
947,10:23:12,44.57,-0.00999999999999801,10,44573.0,бТел
948,10:23:15,44.57,0.0,121,539372.0,бТел
949,10:23:18,44.57,0.0,11,49027.0,бРел
950,10:23:21,44.57,0.0,205,913817.0,бРел
951,10:23:24,44.58,0.00999999999999801,7,31202.0,жпптел
952,10:23:30,44.57,-0.00999999999999801,166,740050.0,бТел
953,10:23:33,44.57,0.0,36,160452.0,бРел
954,10:23:36,44.57,0.0,52,231764.0,бРел
955,10:23:39,44.57,0.0,51,227305.0,бРел
956,10:23:42,44.57,0.0,12,53491.0,бТел
957,10:23:45,44.57,0.0,31,138168.0,бТел
958,10:23:48,44.57,0.0,80,356602.0,бТел
959,10:23:51,44.57,0.0,17,75770.0,бТел
960,10:23:54,44.57,0.0,16,71312.0,бРел
961,10:23:57,44.56,-0.00999999999999801,173,770924.0,бТел
962,10:24:00,44.56,0.0,114,508082.0,бРел
963,10:24:03,44.56,0.0,11,49018.0,бРел
964,10:24:06,44.57,0.00999999999999801,63,280729.0,бРел
965,10:24:12,44.59,0.020000000000003126,181,806895.0,бРел
966,10:24:15,44.64,0.04999999999999716,320,1427402.0,бРел
967,10:24:18,44.68,0.03999999999999915,609,2719468.0,бРел
968,10:24:21,44.73,0.04999999999999716,833,3726720.0,бРел
969,10:24:24,44.8,0.07000000000000028,9,40320.0,бРел
970,10:24:27,44.79,-0.00999999999999801,52,232851.0,бТел
971,10:24:30,44.8,0.00999999999999801,165,739189.0,бРел
972,10:24:33,44.8,0.0,50,223995.0,бРел
973,10:24:36,44.82,0.020000000000003126,136,609328.0,бРел
974,10:24:39,44.82,0.0,70,313653.0,бРел
975,10:24:42,44.82,0.0,18,80660.0,бРел
976,10:24:45,44.8,-0.020000000000003126,38,170275.0,бТел
977,10:24:48,44.82,0.020000000000003126,45,201687.0,бРел
978,10:24:51,44.82,0.0,87,389913.0,бТел
979,10:24:54,44.82,0.0,150,672321.0,бРел
980,10:24:57,44.81,-0.00999999999999801,46,206149.0,жпптел
981,10:25:00,44.82,0.00999999999999801,212,950202.0,бРел
982,10:25:03,44.81,-0.00999999999999801,51,228577.0,бТел
983,10:25:09,44.82,0.00999999999999801,157,703723.0,бРел
984,10:25:12,44.82,0.0,35,156865.0,бТел
985,10:25:15,44.8,-0.020000000000003126,206,923105.0,бТел
986,10:25:18,44.83,0.030000000000001137,296,1326378.0,бРел
987,10:25:21,44.82,-0.00999999999999801,55,246489.0,жпптел
988,10:25:24,44.82,0.0,43,192681.0,бРел
989,10:25:27,44.72,-0.10000000000000142,66,295536.0,бТел
990,10:25:30,44.79,0.07000000000000028,32,143313.0,бРел
991,10:25:33,44.72,-0.07000000000000028,76,340479.0,бТел
992,10:25:39,44.73,0.00999999999999801,115,514402.0,бТел
993,10:25:42,44.73,0.0,142,635139.0,бРел
994,10:25:45,44.73,0.0,30,134207.0,бРел
995,10:25:48,44.82,0.09000000000000341,153,685158.0,бРел
996,10:25:51,44.76,-0.060000000000002274,38,170014.0,жпптел
997,10:25:54,44.75,-0.00999999999999801,4,17902.0,бТел
998,10:25:57,44.81,0.060000000000002274,4,17920.0,бРел
999,10:26:00,44.81,0.0,5,22409.0,жпптел
1000,10:26:06,44.8,-0.010000000000005116,17,76157.0,жпптел
1001,10:26:09,44.8,0.0,5,22400.0,бРел
1002,10:26:12,44.77,-0.02999999999999403,6,26863.0,бТел
1003,10:26:15,44.8,0.02999999999999403,41,183668.0,бРел
1004,10:26:21,44.78,-0.01999999999999602,184,824228.0,бТел
1005,10:26:24,44.79,0.00999999999999801,22,98527.0,бРел
1006,10:26:27,44.79,0.0,83,371699.0,бРел
1007,10:26:30,44.78,-0.00999999999999801,74,331443.0,бТел
1008,10:26:33,44.79,0.00999999999999801,15,67185.0,бТел
1009,10:26:36,44.79,0.0,25,111973.0,бРел
1010,10:26:39,44.79,0.0,70,313551.0,бТел
1011,10:26:42,44.8,0.00999999999999801,30,134393.0,бРел
1012,10:26:45,44.79,-0.00999999999999801,46,206064.0,бТел
1013,10:26:48,44.79,0.0,34,152314.0,бТел
1014,10:26:51,44.8,0.00999999999999801,8,35840.0,жпптел
1015,10:26:54,44.81,0.010000000000005116,41,183685.0,бРел
1016,10:26:57,44.79,-0.020000000000003126,56,250804.0,бТел
1017,10:27:03,44.79,0.0,23,103011.0,бРел
1018,10:27:06,44.79,0.0,36,161237.0,бРел
1019,10:27:09,44.79,0.0,74,331400.0,бРел
1020,10:27:12,44.79,0.0,50,223921.0,бРел
1021,10:27:15,44.78,-0.00999999999999801,128,573178.0,бТел
1022,10:27:18,44.77,-0.00999999999999801,12,53729.0,бТел
1023,10:27:21,44.78,0.00999999999999801,44,197023.0,бРел
1024,10:27:24,44.76,-0.020000000000003126,55,246298.0,бТел
1025,10:27:27,44.78,0.020000000000003126,20,89542.0,бРел
1026,10:27:30,44.76,-0.020000000000003126,28,125356.0,бТел
1027,10:27:33,44.76,0.0,8,35806.0,бРел
1028,10:27:36,44.75,-0.00999999999999801,15,67128.0,бТел
1029,10:27:39,44.76,0.00999999999999801,8,35802.0,бРел
1030,10:27:42,44.74,-0.01999999999999602,24,107410.0,бТел
1031,10:27:45,44.75,0.00999999999999801,3,13425.0,бРел
1032,10:27:48,44.76,0.00999999999999801,7,31327.0,бРел
1033,10:27:51,44.76,0.0,14,62656.0,бРел
1034,10:27:54,44.75,-0.00999999999999801,6,26852.0,бТел
1035,10:27:57,44.73,-0.020000000000003126,96,429532.0,бТел
1036,10:28:03,44.76,0.030000000000001137,5,22380.0,бРел
1037,10:28:06,44.75,-0.00999999999999801,18,80528.0,бРел
1038,10:28:09,44.76,0.00999999999999801,69,308826.0,бРел
1039,10:28:12,44.76,0.0,5,22380.0,бТел
1040,10:28:15,44.76,0.0,3,13428.0,бТел
1041,10:28:18,44.77,0.010000000000005116,12,53718.0,бРел
1042,10:28:21,44.76,-0.010000000000005116,27,120857.0,бТел
1043,10:28:24,44.77,0.010000000000005116,15,67154.0,бРел
1044,10:28:27,44.78,0.00999999999999801,39,174607.0,бРел
1045,10:28:30,44.78,0.0,10,44780.0,бРел
1046,10:28:33,44.78,0.0,12,53735.0,бТел
1047,10:28:36,44.78,0.0,5,22390.0,бТел
1048,10:28:39,44.78,0.0,244,1093012.0,бТел
1049,10:28:42,44.78,0.0,15,67170.0,бТел
1050,10:28:45,44.78,0.0,12,53758.0,бТел
1051,10:28:48,44.79,0.00999999999999801,54,241858.0,жпптел
1052,10:28:51,44.8,0.00999999999999801,14,62709.0,жпптел
1053,10:28:54,44.8,0.0,16,71681.0,бТел
1054,10:29:00,44.8,0.0,12,53758.0,бРел
1055,10:29:03,44.79,-0.00999999999999801,35,156796.0,бТел
1056,10:29:06,44.8,0.00999999999999801,231,1035004.0,бРел
1057,10:29:09,44.8,0.0,63,282205.0,бРел
1058,10:29:12,44.79,-0.00999999999999801,7,31353.0,жпптел
1059,10:29:15,44.79,0.0,11,49272.0,бРел
1060,10:29:18,44.78,-0.00999999999999801,41,183636.0,бТел
1061,10:29:21,44.78,0.0,21,94074.0,бТел
1062,10:29:24,44.78,0.0,35,156733.0,бТел
1063,10:29:27,44.78,0.0,11,49262.0,бТел
1064,10:29:30,44.78,0.0,11,49258.0,бТел
1065,10:29:33,44.78,0.0,41,183598.0,бРел
1066,10:29:36,44.78,0.0,7,31346.0,бРел
1067,10:29:39,44.78,0.0,23,102991.0,бРел
1068,10:29:42,44.77,-0.00999999999999801,30,134317.0,бТел
1069,10:29:45,44.77,0.0,10,44778.0,бТел
1070,10:29:48,44.78,0.00999999999999801,48,214942.0,бРел
1071,10:29:51,44.77,-0.00999999999999801,43,192524.0,бТел
1072,10:30:00,44.77,0.0,42,188009.0,бРел
1073,10:30:03,44.77,0.0,1,4477.0,бРел
1074,10:30:06,44.76,-0.010000000000005116,41,183521.0,бТел
1075,10:30:09,44.76,0.0,43,192501.0,бТел
1076,10:30:12,44.76,0.0,7,31332.0,бРел
1077,10:30:18,44.75,-0.00999999999999801,9,40281.0,бТел
1078,10:30:21,44.76,0.00999999999999801,4,17904.0,бРел
1079,10:30:24,44.77,0.010000000000005116,41,183521.0,бРел
1080,10:30:27,44.77,0.0,8,35816.0,бТел
1081,10:30:30,44.77,0.0,12,53725.0,бТел
1082,10:30:33,44.77,0.0,6,26857.0,бРел
1083,10:30:36,44.77,0.0,41,183533.0,бРел
1084,10:30:39,44.76,-0.010000000000005116,28,125328.0,бТел
1085,10:30:42,44.76,0.0,71,317819.0,бТел
1086,10:30:45,44.76,0.0,34,152184.0,бРел
1087,10:30:48,44.75,-0.00999999999999801,1,4475.0,бТел
1088,10:30:51,44.73,-0.020000000000003126,136,608507.0,бТел
1089,10:30:57,44.73,0.0,2,8946.0,бТел
1090,10:31:00,44.72,-0.00999999999999801,49,219175.0,бТел
1091,10:31:03,44.73,0.00999999999999801,46,205721.0,бРел
1092,10:31:06,44.7,-0.02999999999999403,81,362120.0,бТел
1093,10:31:09,44.7,0.0,49,218918.0,бТел
1094,10:31:12,44.65,-0.05000000000000426,4,17860.0,бТел
1095,10:31:18,44.6,-0.04999999999999716,100,446042.0,бТел
1096,10:31:21,44.65,0.04999999999999716,46,205343.0,бРел
1097,10:31:24,44.64,-0.00999999999999801,22,98130.0,жпптел
1098,10:31:27,44.6,-0.03999999999999915,55,245321.0,бТел
1099,10:31:30,44.61,0.00999999999999801,5,22301.0,жпптел
1100,10:31:33,44.6,-0.00999999999999801,21,93662.0,бТел
1101,10:31:36,44.62,0.01999999999999602,4,17847.0,бРел
1102,10:31:39,44.62,0.0,12,53551.0,бТел
1103,10:31:42,44.62,0.0,11,49077.0,бРел
1104,10:31:45,44.62,0.0,4,17847.0,бРел
1105,10:31:48,44.61,-0.00999999999999801,11,49071.0,бТел
1106,10:31:51,44.61,0.0,19,84762.0,бТел
1107,10:31:57,44.6,-0.00999999999999801,16,71374.0,бТел
1108,10:32:00,44.62,0.01999999999999602,145,646809.0,бРел
1109,10:32:03,44.6,-0.01999999999999602,16,71358.0,бРел
1110,10:32:06,44.6,0.0,3,13381.0,бТел
1111,10:32:09,44.6,0.0,6,26763.0,бТел
1112,10:32:12,44.6,0.0,2,8920.0,бРел
1113,10:32:15,44.6,0.0,4,17840.0,бРел
1114,10:32:18,44.58,-0.020000000000003126,5,22297.0,бТел
1115,10:32:21,44.58,0.0,52,231918.0,бТел
1116,10:32:24,44.6,0.020000000000003126,214,954322.0,бРел
1117,10:32:27,44.62,0.01999999999999602,65,290016.0,бРел
1118,10:32:30,44.65,0.030000000000001137,177,790983.0,бРел
1119,10:32:36,44.66,0.00999999999999801,52,232479.0,жпптел
1120,10:32:39,44.71,0.05000000000000426,1,4471.0,жпптел
1121,10:32:42,44.68,-0.030000000000001137,1,4468.0,жпптел
1122,10:32:45,44.7,0.020000000000003126,14,62619.0,жпптел
1123,10:32:48,44.69,-0.010000000000005116,16,71516.0,бТел
1124,10:32:57,44.68,-0.00999999999999801,24,107273.0,бТел
1125,10:33:00,44.68,0.0,27,120636.0,бРел
1126,10:33:03,44.67,-0.00999999999999801,56,250171.0,бТел
1127,10:33:06,44.66,-0.010000000000005116,5,22334.0,бТел
1128,10:33:09,44.67,0.010000000000005116,4,17868.0,бРел
1129,10:33:12,44.67,0.0,27,120582.0,бРел
1130,10:33:15,44.65,-0.020000000000003126,12,53595.0,бТел
1131,10:33:18,44.66,0.00999999999999801,11,49130.0,бРел
1132,10:33:21,44.66,0.0,103,459897.0,бРел
1133,10:33:24,44.66,0.0,17,75922.0,бРел
1134,10:33:27,44.62,-0.03999999999999915,16,71395.0,бТел
1135,10:33:30,44.65,0.030000000000001137,22,98200.0,бРел
1136,10:33:33,44.65,0.0,29,129467.0,бРел
1137,10:33:36,44.65,0.0,4,17860.0,бРел
1138,10:33:39,44.63,-0.01999999999999602,13,58046.0,бТел
1139,10:33:42,44.62,-0.010000000000005116,48,214230.0,бТел
1140,10:33:45,44.62,0.0,2,8925.0,бТел
1141,10:33:48,44.64,0.020000000000003126,2,8926.0,бРел
1142,10:33:54,44.62,-0.020000000000003126,69,308067.0,бТел
1143,10:33:57,44.66,0.03999999999999915,47,209861.0,бРел
1144,10:34:00,44.67,0.010000000000005116,118,527111.0,бРел
1145,10:34:03,44.68,0.00999999999999801,66,294887.0,бРел
1146,10:34:06,44.68,0.0,38,169795.0,бТел
1147,10:34:09,44.7,0.020000000000003126,11,49153.0,бРел
1148,10:34:12,44.7,0.0,23,102806.0,бРел
1149,10:34:15,44.7,0.0,17,75990.0,бРел
1150,10:34:18,44.68,-0.020000000000003126,52,232362.0,бТел
1151,10:34:21,44.7,0.020000000000003126,25,111746.0,бРел
1152,10:34:24,44.69,-0.010000000000005116,23,102794.0,бТел
1153,10:34:27,44.69,0.0,2,8938.0,бРел
1154,10:34:30,44.69,0.0,16,71504.0,бРел
1155,10:34:33,44.69,0.0,15,67035.0,бРел
1156,10:34:36,44.69,0.0,1,4469.0,бРел
1157,10:34:39,44.69,0.0,5,22345.0,бРел
1158,10:34:42,44.69,0.0,28,125112.0,бРел
1159,10:34:45,44.68,-0.00999999999999801,47,209996.0,бТел
1160,10:34:48,44.67,-0.00999999999999801,22,98269.0,бТел
1161,10:34:54,44.68,0.00999999999999801,98,437848.0,бРел
1162,10:34:57,44.69,0.00999999999999801,34,151921.0,бРел
1163,10:35:00,44.65,-0.03999999999999915,32,142937.0,бТел
1164,10:35:03,44.65,0.0,11,49125.0,бТел
1165,10:35:09,44.65,0.0,18,80385.0,бТел
1166,10:35:12,44.65,0.0,68,303630.0,бТел
1167,10:35:15,44.65,0.0,46,205390.0,бРел
1168,10:35:18,44.64,-0.00999999999999801,9,40181.0,бТел
1169,10:35:21,44.64,0.0,9,40180.0,бРел
1170,10:35:24,44.63,-0.00999999999999801,2,8926.0,бТел
1171,10:35:27,44.63,0.0,7,31241.0,бТел
1172,10:35:30,44.64,0.00999999999999801,70,312425.0,бРел
1173,10:35:33,44.62,-0.020000000000003126,34,151708.0,бТел
1174,10:35:36,44.63,0.010000000000005116,14,62473.0,бРел
1175,10:35:42,44.62,-0.010000000000005116,14,62456.0,бРел
1176,10:35:51,44.61,-0.00999999999999801,19,84761.0,бТел
1177,10:35:54,44.6,-0.00999999999999801,80,356880.0,бТел
1178,10:36:03,44.63,0.030000000000001137,19,84795.0,бРел
1179,10:36:06,44.65,0.01999999999999602,115,513371.0,бРел
1180,10:36:09,44.62,-0.030000000000001137,8,35696.0,жпптел
1181,10:36:12,44.66,0.03999999999999915,21,93755.0,бРел
1182,10:36:15,44.61,-0.04999999999999716,85,379376.0,бТел
1183,10:36:18,44.65,0.03999999999999915,25,111636.0,бРел
1184,10:36:21,44.66,0.00999999999999801,7,31262.0,бТел
1185,10:36:24,44.66,0.0,49,218834.0,бТел
1186,10:36:27,44.68,0.020000000000003126,19,84876.0,бРел
1187,10:36:33,44.68,0.0,3,13404.0,бРел
1188,10:36:36,44.68,0.0,46,205533.0,бТел
1189,10:36:39,44.68,0.0,1,4468.0,бРел
1190,10:36:42,44.67,-0.00999999999999801,109,487139.0,бТел
1191,10:36:48,44.67,0.0,14,62549.0,бТел
1192,10:36:51,44.7,0.030000000000001137,5,22350.0,бРел
1193,10:36:54,44.7,0.0,47,210027.0,бРел
1194,10:36:57,44.69,-0.010000000000005116,6,26819.0,бТел
1195,10:37:00,44.7,0.010000000000005116,70,312834.0,бРел
1196,10:37:03,44.72,0.01999999999999602,53,236929.0,бРел
1197,10:37:06,44.7,-0.01999999999999602,79,353276.0,бТел
1198,10:37:09,44.7,0.0,8,35760.0,бТел
1199,10:37:12,44.72,0.01999999999999602,15,67054.0,бРел
1200,10:37:15,44.7,-0.01999999999999602,15,67059.0,бТел
1201,10:37:18,44.69,-0.010000000000005116,43,192209.0,бТел
1202,10:37:21,44.7,0.010000000000005116,60,268178.0,бРел
1203,10:37:24,44.7,0.0,31,138569.0,бРел
1204,10:37:30,44.7,0.0,2,8940.0,бРел
1205,10:37:33,44.69,-0.010000000000005116,16,71518.0,бТел
1206,10:37:36,44.7,0.010000000000005116,57,254767.0,бРел
1207,10:37:39,44.7,0.0,30,134100.0,бТел
1208,10:37:42,44.7,0.0,18,80460.0,бРел
1209,10:37:48,44.71,0.00999999999999801,26,116230.0,бРел
1210,10:37:51,44.7,-0.00999999999999801,68,303963.0,бТел
1211,10:37:54,44.7,0.0,15,67050.0,бРел
1212,10:37:57,44.7,0.0,15,67047.0,бРел
1213,10:38:00,44.69,-0.010000000000005116,16,71509.0,бТел
1214,10:38:03,44.7,0.010000000000005116,6,26820.0,бРел
1215,10:38:06,44.69,-0.010000000000005116,13,58102.0,бТел
1216,10:38:09,44.7,0.010000000000005116,2,8940.0,бРел
1217,10:38:12,44.69,-0.010000000000005116,32,143008.0,бТел
1218,10:38:15,44.69,0.0,7,31282.0,бРел
1219,10:38:18,44.69,0.0,16,71504.0,бРел
1220,10:38:21,44.69,0.0,7,31279.0,бРел
1221,10:38:24,44.68,-0.00999999999999801,5,22342.0,жпптел
1222,10:38:27,44.68,0.0,9,40212.0,бТел
1223,10:38:33,44.68,0.0,2,8936.0,бРел
1224,10:38:39,44.67,-0.00999999999999801,14,62538.0,бТел
1225,10:38:45,44.67,0.0,2,8934.0,бРел
1226,10:38:48,44.67,0.0,1,4467.0,бРел
1227,10:38:51,44.66,-0.010000000000005116,75,334929.0,бТел
1228,10:38:54,44.63,-0.02999999999999403,3,13389.0,бТел
1229,10:38:57,44.66,0.02999999999999403,3,13395.0,бРел
1230,10:39:00,44.63,-0.02999999999999403,6,26778.0,бТел
1231,10:39:06,44.63,0.0,43,191912.0,бТел
1232,10:39:09,44.63,0.0,38,169666.0,бРел
1233,10:39:12,44.62,-0.010000000000005116,4,17849.0,бТел
1234,10:39:15,44.63,0.010000000000005116,16,71416.0,бТел
1235,10:39:18,44.63,0.0,15,66946.0,бТел
1236,10:39:21,44.64,0.00999999999999801,16,71446.0,бТел
1237,10:39:24,44.67,0.030000000000001137,8,35732.0,бРел
1238,10:39:27,44.65,-0.020000000000003126,67,299179.0,бТел
1239,10:39:30,44.69,0.03999999999999915,21,93822.0,бРел
1240,10:39:33,44.68,-0.00999999999999801,20,89369.0,бТел
1241,10:39:36,44.69,0.00999999999999801,31,138534.0,бРел
1242,10:39:39,44.7,0.010000000000005116,7,31284.0,бРел
1243,10:39:45,44.69,-0.010000000000005116,85,379945.0,бТел
1244,10:39:48,44.71,0.020000000000003126,77,344250.0,бРел
1245,10:39:51,44.71,0.0,2,8942.0,бТел
1246,10:39:54,44.71,0.0,4,17887.0,бТел
1247,10:39:57,44.72,0.00999999999999801,7,31299.0,бРел
1248,10:40:00,44.71,-0.00999999999999801,23,102838.0,бТел
1249,10:40:03,44.72,0.00999999999999801,207,925841.0,бРел
1250,10:40:09,44.75,0.030000000000001137,28,125283.0,бРел
1251,10:40:12,44.74,-0.00999999999999801,8,35792.0,бТел
1252,10:40:15,44.75,0.00999999999999801,30,134250.0,бРел
1253,10:40:18,44.72,-0.030000000000001137,4,17888.0,бРел
1254,10:40:21,44.72,0.0,26,116278.0,бРел
1255,10:40:24,44.75,0.030000000000001137,43,192408.0,бРел
1256,10:40:27,44.74,-0.00999999999999801,44,196817.0,жпптел
1257,10:40:30,44.72,-0.020000000000003126,60,268395.0,бТел
1258,10:40:33,44.74,0.020000000000003126,2,8948.0,бРел
1259,10:40:36,44.74,0.0,21,93954.0,бРел
1260,10:40:42,44.75,0.00999999999999801,28,125275.0,бРел
1261,10:40:45,44.75,0.0,74,331143.0,бРел
1262,10:40:48,44.74,-0.00999999999999801,43,192393.0,бТел
1263,10:40:51,44.74,0.0,29,129759.0,бТел
1264,10:40:57,44.75,0.00999999999999801,125,559337.0,бРел
1265,10:41:00,44.75,0.0,59,264000.0,бРел
1266,10:41:03,44.74,-0.00999999999999801,72,322187.0,жпптел
1267,10:41:06,44.73,-0.010000000000005116,23,102905.0,бТел
1268,10:41:09,44.73,0.0,27,120785.0,бТел
1269,10:41:12,44.71,-0.01999999999999602,124,554565.0,бТел
1270,10:41:15,44.67,-0.03999999999999915,40,178819.0,бТел
1271,10:41:18,44.7,0.030000000000001137,7,31285.0,бРел
1272,10:41:21,44.67,-0.030000000000001137,23,102693.0,бТел
1273,10:41:24,44.69,0.01999999999999602,6,26801.0,бРел
1274,10:41:27,44.65,-0.03999999999999915,4,17869.0,бТел
1275,10:41:30,44.68,0.030000000000001137,82,365917.0,бРел
1276,10:41:33,44.65,-0.030000000000001137,7,31255.0,жпптел
1277,10:41:36,44.62,-0.030000000000001137,3,13392.0,бТел
1278,10:41:42,44.6,-0.01999999999999602,53,236402.0,бТел
1279,10:41:45,44.6,0.0,28,124934.0,бТел
1280,10:41:48,44.62,0.01999999999999602,32,142734.0,бРел
1281,10:41:51,44.62,0.0,55,245321.0,бТел
1282,10:41:54,44.6,-0.01999999999999602,13,58002.0,бТел
1283,10:41:57,44.6,0.0,38,169512.0,бТел
1284,10:42:00,44.6,0.0,20,89208.0,бТел
1285,10:42:03,44.6,0.0,8,35680.0,бТел
1286,10:42:06,44.6,0.0,3,13380.0,бРел
1287,10:42:09,44.59,-0.00999999999999801,18,80275.0,бТел
1288,10:42:12,44.6,0.00999999999999801,43,191775.0,бРел
1289,10:42:15,44.58,-0.020000000000003126,71,316613.0,бТел
1290,10:42:18,44.6,0.020000000000003126,22,98120.0,бРел
1291,10:42:21,44.61,0.00999999999999801,4,17841.0,бРел
1292,10:42:24,44.58,-0.030000000000001137,39,173930.0,бТел
1293,10:42:27,44.59,0.010000000000005116,5,22298.0,жпптел
1294,10:42:30,44.59,0.0,31,138229.0,бРел
1295,10:42:33,44.59,0.0,4,17837.0,бТел
1296,10:42:39,44.59,0.0,12,53512.0,бТел
1297,10:42:42,44.6,0.00999999999999801,5,22292.0,бРел
1298,10:42:45,44.58,-0.020000000000003126,32,142679.0,бТел
1299,10:42:48,44.59,0.010000000000005116,12,53517.0,жпптел
1300,10:42:54,44.59,0.0,13,57969.0,бТел
1301,10:42:57,44.59,0.0,16,71344.0,бТел
1302,10:43:03,44.58,-0.010000000000005116,12,53507.0,бТел
1303,10:43:06,44.58,0.0,14,62412.0,бТел
1304,10:43:09,44.59,0.010000000000005116,68,303160.0,бРел
1305,10:43:12,44.6,0.00999999999999801,70,312130.0,бРел
1306,10:43:15,44.56,-0.03999999999999915,203,904647.0,бТел
1307,10:43:18,44.56,0.0,11,49056.0,бТел
1308,10:43:21,44.56,0.0,11,49016.0,бТел
1309,10:43:24,44.59,0.030000000000001137,24,107001.0,бРел
1310,10:43:27,44.59,0.0,1,4459.0,бТел
1311,10:43:30,44.59,0.0,22,98098.0,бТел
1312,10:43:33,44.59,0.0,2,8918.0,бТел
1313,10:43:42,44.59,0.0,13,57966.0,бРел
1314,10:43:45,44.58,-0.010000000000005116,5,22290.0,бТел
1315,10:43:48,44.57,-0.00999999999999801,27,120355.0,бТел
1316,10:43:51,44.59,0.020000000000003126,7,31210.0,бРел
1317,10:43:54,44.58,-0.010000000000005116,20,89160.0,бРел
1318,10:43:57,44.57,-0.00999999999999801,3,13371.0,бТел
1319,10:44:00,44.58,0.00999999999999801,14,62401.0,бРел
1320,10:44:03,44.57,-0.00999999999999801,8,35663.0,бТел
1321,10:44:06,44.57,0.0,2,8914.0,бТел
1322,10:44:09,44.58,0.00999999999999801,2,8915.0,бРел
1323,10:44:12,44.57,-0.00999999999999801,5,22285.0,бТел
1324,10:44:15,44.57,0.0,3,13371.0,бТел
1325,10:44:18,44.58,0.00999999999999801,42,187229.0,бРел
1326,10:44:21,44.58,0.0,68,303080.0,бРел
1327,10:44:24,44.58,0.0,7,31204.0,бРел
1328,10:44:27,44.58,0.0,6,26747.0,бТел
1329,10:44:36,44.58,0.0,5,22290.0,бТел
1330,10:44:39,44.58,0.0,61,272030.0,бТел
1331,10:44:42,44.6,0.020000000000003126,5,22299.0,бРел
1332,10:44:48,44.59,-0.00999999999999801,2,8918.0,бТел
1333,10:44:51,44.6,0.00999999999999801,14,62431.0,бРел
1334,10:44:54,44.6,0.0,5,22300.0,бРел
1335,10:44:57,44.58,-0.020000000000003126,42,187267.0,бТел
1336,10:45:03,44.6,0.020000000000003126,18,80280.0,бРел
1337,10:45:06,44.6,0.0,5,22300.0,бТел
1338,10:45:09,44.6,0.0,3,13380.0,бТел
1339,10:45:12,44.6,0.0,9,40143.0,бТел
1340,10:45:15,44.6,0.0,37,165035.0,бТел
1341,10:45:18,44.59,-0.00999999999999801,15,66899.0,бТел
1342,10:45:21,44.6,0.00999999999999801,57,254219.0,бРел
1343,10:45:24,44.6,0.0,44,196233.0,бРел
1344,10:45:27,44.59,-0.00999999999999801,12,53515.0,бТел
1345,10:45:30,44.6,0.00999999999999801,8,35675.0,бРел
1346,10:45:36,44.59,-0.00999999999999801,12,53518.0,бТел
1347,10:45:39,44.59,0.0,8,35676.0,бТел
1348,10:45:42,44.6,0.00999999999999801,32,142694.0,бРел
1349,10:45:48,44.59,-0.00999999999999801,9,40135.0,бТел
1350,10:45:51,44.59,0.0,21,93653.0,бТел
1351,10:45:54,44.6,0.00999999999999801,37,165012.0,бРел
1352,10:45:57,44.59,-0.00999999999999801,4,17836.0,бТел
1353,10:46:00,44.6,0.00999999999999801,4,17839.0,бРел
1354,10:46:03,44.59,-0.00999999999999801,12,53518.0,бТел
1355,10:46:06,44.59,0.0,96,428152.0,бТел
1356,10:46:09,44.6,0.00999999999999801,11,49060.0,бТел
1357,10:46:12,44.6,0.0,11,49060.0,бТел
1358,10:46:15,44.6,0.0,6,26760.0,бТел
1359,10:46:18,44.6,0.0,3,13380.0,бТел
1360,10:46:21,44.6,0.0,6,26764.0,бТел
1361,10:46:24,44.61,0.00999999999999801,3,13383.0,бРел
1362,10:46:27,44.62,0.00999999999999801,7,31228.0,бРел
1363,10:46:30,44.61,-0.00999999999999801,2,8922.0,бТел
1364,10:46:36,44.61,0.0,1,4461.0,бТел
1365,10:46:39,44.63,0.020000000000003126,16,71397.0,бРел
1366,10:46:42,44.64,0.00999999999999801,14,62496.0,бРел
1367,10:46:45,44.64,0.0,5,22318.0,бРел
1368,10:46:48,44.66,0.01999999999999602,34,151809.0,бРел
1369,10:46:51,44.66,0.0,6,26796.0,бТел
1370,10:46:54,44.67,0.010000000000005116,15,67000.0,бРел
1371,10:46:57,44.68,0.00999999999999801,11,49143.0,бРел
1372,10:47:00,44.69,0.00999999999999801,2,8937.0,бРел
1373,10:47:03,44.67,-0.01999999999999602,72,321766.0,бТел
1374,10:47:06,44.73,0.05999999999999517,161,720074.0,бРел
1375,10:47:09,44.68,-0.04999999999999716,16,71488.0,бТел
1376,10:47:12,44.7,0.020000000000003126,1,4470.0,жпптел
1377,10:47:15,44.7,0.0,41,183384.0,бТел
1378,10:47:18,44.72,0.01999999999999602,22,98363.0,жпптел
1379,10:47:21,44.71,-0.00999999999999801,3,13413.0,бТел
1380,10:47:24,44.7,-0.00999999999999801,32,143086.0,бТел
1381,10:47:27,44.7,0.0,177,791245.0,бТел
1382,10:47:33,44.69,-0.010000000000005116,17,75966.0,бТел
1383,10:47:36,44.67,-0.01999999999999602,28,125126.0,бТел
1384,10:47:39,44.7,0.030000000000001137,59,263657.0,бРел
1385,10:47:42,44.66,-0.04000000000000625,24,107252.0,бТел
1386,10:47:45,44.67,0.010000000000005116,8,35742.0,бТел
1387,10:47:48,44.64,-0.030000000000001137,1,4464.0,бТел
1388,10:47:51,44.64,0.0,10,44640.0,бТел
1389,10:47:57,44.64,0.0,3,13392.0,жпптел
1390,10:48:03,44.64,0.0,2,8928.0,бРел
1391,10:48:06,44.65,0.00999999999999801,11,49104.0,бРел
1392,10:48:09,44.63,-0.01999999999999602,9,40169.0,бТел
1393,10:48:15,44.63,0.0,18,80317.0,бРел
1394,10:48:18,44.63,0.0,1,4463.0,бРел
1395,10:48:21,44.63,0.0,12,53556.0,бРел
1396,10:48:24,44.62,-0.010000000000005116,37,165103.0,бТел
1397,10:48:33,44.64,0.020000000000003126,18,80342.0,бРел
1398,10:48:36,44.64,0.0,3,13392.0,бТел
1399,10:48:39,44.65,0.00999999999999801,8,35714.0,бРел
1400,10:48:45,44.65,0.0,36,160710.0,бРел
1401,10:48:51,44.64,-0.00999999999999801,3,13392.0,бРел
1402,10:48:54,44.65,0.00999999999999801,29,129468.0,бРел
1403,10:48:57,44.61,-0.03999999999999915,21,93701.0,бТел
1404,10:49:00,44.62,0.00999999999999801,1,4462.0,бРел
1405,10:49:03,44.62,0.0,1,4462.0,бТел
1406,10:49:06,44.63,0.010000000000005116,2,8925.0,жпптел
1407,10:49:09,44.62,-0.010000000000005116,4,17848.0,бТел
1408,10:49:12,44.62,0.0,7,31235.0,бРел
1409,10:49:15,44.62,0.0,4,17848.0,бТел
1410,10:49:18,44.62,0.0,4,17847.0,бРел
1411,10:49:21,44.62,0.0,6,26772.0,бРел
1412,10:49:24,44.61,-0.00999999999999801,1,4461.0,бТел
1413,10:49:27,44.61,0.0,36,160596.0,бТел
1414,10:49:33,44.61,0.0,5,22305.0,бТел
1415,10:49:36,44.62,0.00999999999999801,61,272149.0,бРел
1416,10:49:39,44.62,0.0,33,147246.0,бТел
1417,10:49:42,44.63,0.010000000000005116,2,8925.0,бРел
1418,10:49:45,44.63,0.0,46,205327.0,бРел
1419,10:49:48,44.63,0.0,6,26778.0,бТел
1420,10:49:51,44.62,-0.010000000000005116,9,40166.0,бТел
1421,10:49:54,44.62,0.0,1,4462.0,бТел
1422,10:49:57,44.62,0.0,1,4462.0,бТел
1423,10:50:00,44.63,0.010000000000005116,7,31240.0,бРел
1424,10:50:03,44.63,0.0,4,17854.0,жпптел
1425,10:50:06,44.63,0.0,1,4463.0,жпптел
1426,10:50:12,44.64,0.00999999999999801,27,120505.0,бРел
1427,10:50:15,44.64,0.0,21,93724.0,бРел
1428,10:50:18,44.64,0.0,15,66960.0,бРел
1429,10:50:21,44.64,0.0,6,26784.0,бТел
1430,10:50:24,44.64,0.0,3,13392.0,бТел
1431,10:50:30,44.65,0.00999999999999801,16,71428.0,бРел
1432,10:50:33,44.65,0.0,121,540265.0,бРел
1433,10:50:36,44.64,-0.00999999999999801,60,267881.0,бТел
1434,10:50:42,44.65,0.00999999999999801,5,22325.0,бРел
1435,10:50:45,44.66,0.00999999999999801,2,8932.0,бРел
1436,10:50:48,44.63,-0.02999999999999403,103,459778.0,бТел
1437,10:50:51,44.64,0.00999999999999801,8,35712.0,жпптел
1438,10:50:54,44.65,0.00999999999999801,24,107137.0,бРел
1439,10:50:57,44.65,0.0,6,26788.0,бРел
1440,10:51:00,44.63,-0.01999999999999602,157,700762.0,бТел
1441,10:51:06,44.64,0.00999999999999801,4,17856.0,бТел
1442,10:51:12,44.64,0.0,6,26784.0,бТел
1443,10:51:15,44.62,-0.020000000000003126,21,93722.0,бТел
1444,10:51:18,44.62,0.0,15,66933.0,бТел
1445,10:51:21,44.64,0.020000000000003126,3,13392.0,бРел
1446,10:51:24,44.62,-0.020000000000003126,21,93763.0,бТел
1447,10:51:30,44.62,0.0,6,26772.0,бТел
1448,10:51:33,44.65,0.030000000000001137,60,267764.0,бРел
1449,10:51:39,44.64,-0.00999999999999801,85,379575.0,бРел
1450,10:51:42,44.63,-0.00999999999999801,5,22319.0,бТел
1451,10:51:45,44.63,0.0,4,17854.0,бТел
1452,10:51:48,44.65,0.01999999999999602,111,495506.0,бРел
1453,10:51:51,44.64,-0.00999999999999801,11,49105.0,бТел
1454,10:51:57,44.64,0.0,22,98229.0,бТел
1455,10:52:00,44.64,0.0,10,44640.0,бТел
1456,10:52:03,44.65,0.00999999999999801,17,75894.0,бРел
1457,10:52:06,44.64,-0.00999999999999801,2,8928.0,бТел
1458,10:52:09,44.65,0.00999999999999801,46,205441.0,бРел
1459,10:52:12,44.64,-0.00999999999999801,25,111611.0,бТел
1460,10:52:15,44.65,0.00999999999999801,4,17860.0,бРел
1461,10:52:18,44.65,0.0,23,102731.0,бТел
1462,10:52:21,44.67,0.020000000000003126,5,22335.0,жпптел
1463,10:52:27,44.65,-0.020000000000003126,15,66989.0,бТел
1464,10:52:30,44.65,0.0,5,22328.0,бТел
1465,10:52:33,44.67,0.020000000000003126,7,31267.0,бРел
1466,10:52:36,44.67,0.0,4,17868.0,бРел
1467,10:52:39,44.66,-0.010000000000005116,1,4466.0,бТел
1468,10:52:42,44.66,0.0,3,13399.0,бТел
1469,10:52:48,44.66,0.0,9,40194.0,бТел
1470,10:52:51,44.65,-0.00999999999999801,1,4465.0,бТел
1471,10:52:54,44.65,0.0,1,4465.0,бТел
1472,10:52:57,44.65,0.0,17,75907.0,бТел
1473,10:53:00,44.66,0.00999999999999801,3,13398.0,бРел
1474,10:53:03,44.66,0.0,7,31261.0,бРел
1475,10:53:06,44.63,-0.02999999999999403,21,93764.0,бТел
1476,10:53:09,44.66,0.02999999999999403,40,178622.0,бРел
1477,10:53:12,44.65,-0.00999999999999801,3,13391.0,бРел
1478,10:53:15,44.65,0.0,1,4465.0,бРел
1479,10:53:18,44.65,0.0,71,316856.0,бРел
1480,10:53:21,44.64,-0.00999999999999801,362,1617265.0,бТел
1481,10:53:27,44.64,0.0,1,4464.0,бТел
1482,10:53:30,44.61,-0.030000000000001137,49,218641.0,бТел
1483,10:53:36,44.64,0.030000000000001137,6,26780.0,бРел
1484,10:53:39,44.64,0.0,4,17856.0,бТел
1485,10:53:42,44.64,0.0,1,4464.0,бТел
1486,10:53:45,44.63,-0.00999999999999801,12,53560.0,бТел
1487,10:53:48,44.67,0.03999999999999915,22,98237.0,бРел
1488,10:53:51,44.67,0.0,2,8934.0,бТел
1489,10:53:57,44.68,0.00999999999999801,11,49148.0,бРел
1490,10:54:00,44.69,0.00999999999999801,2,8937.0,бРел
1491,10:54:03,44.68,-0.00999999999999801,2,8936.0,бТел
1492,10:54:06,44.68,0.0,7,31276.0,бТел
1493,10:54:09,44.68,0.0,8,35749.0,бТел
1494,10:54:12,44.68,0.0,1,4468.0,бТел
1495,10:54:15,44.68,0.0,24,107232.0,бТел
1496,10:54:18,44.68,0.0,30,134040.0,бРел
1497,10:54:27,44.67,-0.00999999999999801,2,8934.0,бТел
1498,10:54:30,44.67,0.0,3,13397.0,бРел
1499,10:54:33,44.67,0.0,7,31266.0,бРел
1500,10:54:42,44.67,0.0,9,40203.0,бРел
1501,10:54:45,44.67,0.0,7,31262.0,бРел
1502,10:54:48,44.67,0.0,3,13401.0,бРел
1503,10:54:51,44.66,-0.010000000000005116,1,4466.0,бТел
1504,10:54:54,44.67,0.010000000000005116,5,22332.0,бРел
1505,10:54:57,44.66,-0.010000000000005116,2,8932.0,бРел
1506,10:55:06,44.65,-0.00999999999999801,6,26795.0,бТел
1507,10:55:09,44.65,0.0,13,58050.0,бТел
1508,10:55:12,44.65,0.0,1,4465.0,бРел
1509,10:55:15,44.65,0.0,14,62510.0,бРел
1510,10:55:18,44.64,-0.00999999999999801,62,276818.0,бТел
1511,10:55:24,44.64,0.0,15,66960.0,бТел
1512,10:55:27,44.64,0.0,51,227684.0,бТел
1513,10:55:30,44.66,0.01999999999999602,165,736741.0,бРел
1514,10:55:33,44.67,0.010000000000005116,38,169712.0,бРел
1515,10:55:36,44.66,-0.010000000000005116,19,84854.0,бТел
1516,10:55:39,44.66,0.0,9,40194.0,бТел
1517,10:55:42,44.67,0.010000000000005116,7,31263.0,бРел
1518,10:55:45,44.66,-0.010000000000005116,10,44660.0,бТел
1519,10:55:48,44.66,0.0,4,17863.0,бРел
1520,10:55:57,44.67,0.010000000000005116,8,35735.0,бРел
1521,10:56:00,44.67,0.0,41,183133.0,бРел
1522,10:56:03,44.66,-0.010000000000005116,4,17864.0,бТел
1523,10:56:06,44.67,0.010000000000005116,21,93805.0,бРел
1524,10:56:09,44.66,-0.010000000000005116,19,84860.0,бТел
1525,10:56:12,44.66,0.0,12,53592.0,бТел
1526,10:56:15,44.67,0.010000000000005116,7,31267.0,бРел
1527,10:56:18,44.66,-0.010000000000005116,59,263494.0,бТел
1528,10:56:24,44.66,0.0,14,62524.0,бТел
1529,10:56:27,44.65,-0.00999999999999801,19,84846.0,бТел
1530,10:56:30,44.7,0.05000000000000426,305,1362977.0,бРел
1531,10:56:33,44.65,-0.05000000000000426,4,17860.0,бТел
1532,10:56:36,44.65,0.0,6,26790.0,бТел
1533,10:56:39,44.65,0.0,2,8930.0,бРел
1534,10:56:42,44.65,0.0,2,8930.0,бРел
1535,10:56:48,44.7,0.05000000000000426,149,665789.0,бРел
1536,10:56:51,44.7,0.0,10,44700.0,бТел
1537,10:56:54,44.7,0.0,1,4470.0,бТел
1538,10:56:57,44.71,0.00999999999999801,3,13413.0,бРел
1539,10:57:00,44.72,0.00999999999999801,3,13416.0,бРел
1540,10:57:03,44.71,-0.00999999999999801,1,4471.0,бТел
1541,10:57:06,44.72,0.00999999999999801,40,178880.0,бРел
1542,10:57:09,44.72,0.0,1,4472.0,бТел
1543,10:57:12,44.73,0.00999999999999801,9,40256.0,бРел
1544,10:57:15,44.73,0.0,4,17892.0,бРел
1545,10:57:21,44.73,0.0,37,165491.0,бРел
1546,10:57:24,44.73,0.0,12,53671.0,бРел
1547,10:57:27,44.73,0.0,21,93923.0,бРел
1548,10:57:30,44.73,0.0,3,13419.0,бРел
1549,10:57:33,44.72,-0.00999999999999801,13,58137.0,бТел
1550,10:57:36,44.72,0.0,25,111821.0,бТел
1551,10:57:39,44.73,0.00999999999999801,14,62622.0,бРел
1552,10:57:42,44.74,0.010000000000005116,96,429409.0,бРел
1553,10:57:45,44.74,0.0,1,4474.0,бРел
1554,10:57:48,44.73,-0.010000000000005116,8,35791.0,бТел
1555,10:57:51,44.74,0.010000000000005116,6,26844.0,бРел
1556,10:57:54,44.73,-0.010000000000005116,3,13420.0,бТел
1557,10:57:57,44.74,0.010000000000005116,18,80527.0,жпптел
1558,10:58:00,44.74,0.0,3,13422.0,бРел
1559,10:58:03,44.74,0.0,16,71577.0,бРел
1560,10:58:06,44.74,0.0,20,89480.0,бТел
1561,10:58:09,44.75,0.00999999999999801,20,89490.0,бРел
1562,10:58:12,44.75,0.0,19,85024.0,бРел
1563,10:58:15,44.75,0.0,76,340026.0,бРел
1564,10:58:18,44.75,0.0,14,62649.0,бРел
1565,10:58:24,44.73,-0.020000000000003126,102,456383.0,бТел
1566,10:58:27,44.75,0.020000000000003126,26,116330.0,бРел
1567,10:58:33,44.73,-0.020000000000003126,104,465386.0,бТел
1568,10:58:36,44.73,0.0,127,568492.0,бТел
1569,10:58:39,44.75,0.020000000000003126,205,918057.0,бРел
1570,10:58:42,44.75,0.0,2,8949.0,бРел
1571,10:58:45,44.75,0.0,3,13425.0,бТел
1572,10:58:48,44.79,0.03999999999999915,35,156718.0,бРел
1573,10:58:51,44.75,-0.03999999999999915,15,67126.0,бТел
1574,10:58:54,44.76,0.00999999999999801,1,4476.0,жпптел
1575,10:58:57,44.78,0.020000000000003126,42,188016.0,бРел
1576,10:59:00,44.78,0.0,2,8956.0,бТел
1577,10:59:03,44.79,0.00999999999999801,18,80618.0,бРел
1578,10:59:06,44.79,0.0,155,694243.0,бРел
1579,10:59:09,44.8,0.00999999999999801,403,1805436.0,бРел
1580,10:59:12,44.8,0.0,113,506235.0,бРел
1581,10:59:15,44.8,0.0,355,1590457.0,бРел
1582,10:59:21,44.8,0.0,30,134420.0,бТел
1583,10:59:24,44.82,0.020000000000003126,1036,4646335.0,бРел
1584,10:59:27,44.85,0.030000000000001137,1591,7143134.0,бРел
1585,10:59:30,44.98,0.12999999999999545,157,705954.0,бРел
1586,10:59:33,44.89,-0.0899999999999963,27,121380.0,жпптел
1587,10:59:36,44.9,0.00999999999999801,120,539704.0,жпптел
1588,10:59:39,44.89,-0.00999999999999801,16,71878.0,бТел
1589,10:59:42,44.96,0.07000000000000028,12,53963.0,жпптел
1590,10:59:45,44.96,0.0,77,346075.0,бРел
1591,10:59:48,45.03,0.07000000000000028,2321,10443903.0,бРел
1592,10:59:51,45.05,0.01999999999999602,66,297260.0,бРел
1593,10:59:54,45.08,0.030000000000001137,251,1130965.0,бРел
1594,10:59:57,45.1,0.020000000000003126,103,464392.0,бРел
1595,11:00:00,45.12,0.01999999999999602,416,1876221.0,бРел
1596,11:00:03,45.13,0.010000000000005116,263,1187204.0,бРел
1597,11:00:06,45.14,0.00999999999999801,232,1047455.0,жпптел
1598,11:00:09,45.15,0.00999999999999801,354,1598904.0,бРел
1599,11:00:12,45.17,0.020000000000003126,196,885833.0,жпптел
1600,11:00:18,45.2,0.030000000000001137,142,641759.0,бРел
1601,11:00:21,45.14,-0.060000000000002274,469,2119098.0,бТел
1602,11:00:24,45.15,0.00999999999999801,241,1088972.0,бРел
1603,11:00:30,45.28,0.13000000000000256,596,2695175.0,бРел
1604,11:00:33,45.25,-0.030000000000001137,312,1412665.0,бТел
1605,11:00:36,45.26,0.00999999999999801,77,348537.0,жпптел
1606,11:00:39,45.26,0.0,477,2159908.0,жпптел
1607,11:00:42,45.33,0.07000000000000028,82,371518.0,бРел
1608,11:00:45,45.33,0.0,45,204009.0,бТел
1609,11:00:48,45.35,0.020000000000003126,82,371882.0,бРел
1610,11:00:51,45.35,0.0,152,689539.0,бТел
1611,11:00:54,45.36,0.00999999999999801,109,494580.0,бТел
1612,11:00:57,45.39,0.030000000000001137,24,108924.0,бРел
1613,11:01:00,45.4,0.00999999999999801,173,785212.0,бРел
1614,11:01:03,45.44,0.03999999999999915,153,694952.0,бРел
1615,11:01:06,45.49,0.05000000000000426,394,1790897.0,бРел
1616,11:01:09,45.44,-0.05000000000000426,163,740805.0,жпптел
1617,11:01:12,45.5,0.060000000000002274,194,882549.0,бРел
1618,11:01:18,45.5,0.0,111,504794.0,бРел
1619,11:01:21,45.49,-0.00999999999999801,260,1182799.0,бРел
1620,11:01:24,45.5,0.00999999999999801,728,3311287.0,бРел
1621,11:01:27,45.51,0.00999999999999801,502,2284250.0,бРел
1622,11:01:30,45.5,-0.00999999999999801,457,2079262.0,бТел
1623,11:01:33,45.49,-0.00999999999999801,308,1400913.0,бТел
1624,11:01:36,45.49,0.0,205,932363.0,бРел
1625,11:01:39,45.5,0.00999999999999801,171,777722.0,бРел
1626,11:01:42,45.48,-0.020000000000003126,87,395763.0,бТел
1627,11:01:45,45.43,-0.04999999999999716,263,1196529.9099999666,бТел
1628,11:01:48,45.42,-0.00999999999999801,99,449954.0,бТел
1629,11:01:51,45.45,0.030000000000001137,38,172620.0,жпптел
1630,11:01:54,45.4,-0.05000000000000426,95,431470.0,бТел
1631,11:01:57,45.43,0.030000000000001137,53,240724.0,жпптел
1632,11:02:00,45.41,-0.020000000000003126,70,317953.0,бТел
1633,11:02:03,45.46,0.05000000000000426,113,513348.0,бРел
1634,11:02:06,45.42,-0.03999999999999915,50,227168.0,бТел
1635,11:02:09,45.43,0.00999999999999801,44,199929.0,бРел
1636,11:02:15,45.43,0.0,255,1158919.0,бТел
1637,11:02:18,45.42,-0.00999999999999801,41,186280.0,бТел
1638,11:02:21,45.4,-0.020000000000003126,285,1294649.0,бТел
1639,11:02:24,45.42,0.020000000000003126,87,395076.0,бТел
1640,11:02:27,45.42,0.0,208,944326.0,бРел
1641,11:02:30,45.36,-0.060000000000002274,125,567254.0,бТел
1642,11:02:33,45.39,0.030000000000001137,40,181512.0,бРел
1643,11:02:36,45.36,-0.030000000000001137,13,58989.0,бТел
1644,11:02:39,45.39,0.030000000000001137,167,758088.0,бРел
1645,11:02:45,45.34,-0.04999999999999716,103,466999.0,бТел
1646,11:02:48,45.35,0.00999999999999801,21,95226.0,бРел
1647,11:02:51,45.35,0.0,59,267565.0,бРел
1648,11:02:54,45.35,0.0,119,539856.0,бТел
1649,11:02:57,45.34,-0.00999999999999801,175,793871.0,бТел
1650,11:03:00,45.34,0.0,284,1288774.0,жпптел
1651,11:03:03,45.34,0.0,67,303752.0,бРел
1652,11:03:06,45.34,0.0,105,475852.0,бРел
1653,11:03:09,45.34,0.0,35,158688.0,бРел
1654,11:03:15,45.37,0.02999999999999403,78,353721.0,бРел
1655,11:03:18,45.39,0.020000000000003126,257,1166403.0,бРел
1656,11:03:21,45.39,0.0,141,640187.0,бРел
1657,11:03:27,45.4,0.00999999999999801,21,95336.0,бРел
1658,11:03:30,45.44,0.03999999999999915,450,2043619.0,бРел
1659,11:03:33,45.44,0.0,355,1613522.0,бРел
1660,11:03:36,45.45,0.010000000000005116,249,1132160.0,бРел
1661,11:03:39,45.49,0.03999999999999915,162,736878.0,бРел
1662,11:03:42,45.45,-0.03999999999999915,562,2556960.0,бТел
1663,11:03:45,45.53,0.0799999999999983,596,2712436.5,бРел
1664,11:03:48,45.58,0.04999999999999716,248,1129597.8199999928,бРел
1665,11:03:51,45.56,-0.01999999999999602,47,214206.0,жпптел
1666,11:03:54,45.59,0.030000000000001137,97,442201.0,бРел
1667,11:03:57,45.59,0.0,110,501513.0,бРел
1668,11:04:00,45.6,0.00999999999999801,406,1851120.0,бРел
1669,11:04:03,45.58,-0.020000000000003126,194,884476.0,бТел
1670,11:04:06,45.49,-0.0899999999999963,478,2175957.0,бТел
1671,11:04:12,45.46,-0.030000000000001137,514,2338540.0,бТел
1672,11:04:15,45.42,-0.03999999999999915,149,676888.0,бТел
1673,11:04:18,45.39,-0.030000000000001137,89,404076.0,бТел
1674,11:04:21,45.34,-0.04999999999999716,79,358390.0,бТел
1675,11:04:24,45.4,0.05999999999999517,56,254067.0,бРел
1676,11:04:27,45.43,0.030000000000001137,249,1131571.0,бРел
1677,11:04:30,45.39,-0.03999999999999915,32,145229.0,бРел
1678,11:04:33,45.45,0.060000000000002274,10,45419.0,бРел
1679,11:04:36,45.4,-0.05000000000000426,134,608731.0,бТел
1680,11:04:39,45.42,0.020000000000003126,54,245247.0,бТел
1681,11:04:42,45.42,0.0,7,31799.0,бТел
1682,11:04:45,45.46,0.03999999999999915,102,463592.0,бРел
1683,11:04:48,45.46,0.0,30,136384.0,бТел
1684,11:04:51,45.5,0.03999999999999915,58,263888.0,бРел
1685,11:04:54,45.46,-0.03999999999999915,87,395602.0,бТел
1686,11:04:57,45.46,0.0,37,168206.0,бТел
1687,11:05:00,45.47,0.00999999999999801,172,781927.0,бРел
1688,11:05:03,45.46,-0.00999999999999801,76,345579.0,жпптел
1689,11:05:06,45.47,0.00999999999999801,32,145508.0,бРел
1690,11:05:12,45.47,0.0,132,600313.0,бТел
1691,11:05:15,45.49,0.020000000000003126,327,1487189.0,бРел
1692,11:05:18,45.5,0.00999999999999801,70,318437.0,бРел
1693,11:05:21,45.5,0.0,22,100108.0,бТел
1694,11:05:24,45.53,0.030000000000001137,124,564241.0,бРел
1695,11:05:27,45.49,-0.03999999999999915,158,718734.0,бТел
1696,11:05:30,45.42,-0.07000000000000028,323,1468459.0,бТел
1697,11:05:33,45.42,0.0,163,740785.0,бТел
1698,11:05:36,45.42,0.0,96,435896.0,бРел
1699,11:05:39,45.36,-0.060000000000002274,113,512843.0,бТел
1700,11:05:42,45.4,0.03999999999999915,39,177039.0,бРел
1701,11:05:45,45.36,-0.03999999999999915,46,208723.0,бТел
1702,11:05:48,45.35,-0.00999999999999801,39,176892.0,бТел
1703,11:05:51,45.35,0.0,97,439970.0,бТел
1704,11:05:54,45.36,0.00999999999999801,112,508114.0,бРел
1705,11:05:57,45.38,0.020000000000003126,6,27233.0,жпптел
1706,11:06:00,45.36,-0.020000000000003126,31,140638.0,бТел
1707,11:06:03,45.36,0.0,16,72584.0,бТел
1708,11:06:09,45.39,0.030000000000001137,54,245101.0,бРел
1709,11:06:12,45.4,0.00999999999999801,29,131628.0,бРел
1710,11:06:15,45.42,0.020000000000003126,86,390308.0,бРел
1711,11:06:21,45.41,-0.010000000000005116,41,186159.0,жпптел
1712,11:06:24,45.37,-0.03999999999999915,44,199683.0,бТел
1713,11:06:27,45.4,0.030000000000001137,26,118039.0,бРел
1714,11:06:30,45.38,-0.01999999999999602,31,140734.0,бРел
1715,11:06:33,45.36,-0.020000000000003126,124,562534.0,бТел
1716,11:06:36,45.36,0.0,18,81652.0,бТел
1717,11:06:39,45.36,0.0,11,49901.0,бТел
1718,11:06:42,45.36,0.0,187,847983.0,бРел
1719,11:06:45,45.35,-0.00999999999999801,21,95235.0,бРел
1720,11:06:48,45.35,0.0,39,176823.0,бРел
1721,11:06:51,45.34,-0.00999999999999801,112,507656.0,жпптел
1722,11:06:54,45.3,-0.04000000000000625,50,226531.0,бТел
1723,11:06:57,45.3,0.0,22,99652.0,бТел
1724,11:07:00,45.33,0.030000000000001137,12,54368.0,бРел
1725,11:07:06,45.28,-0.04999999999999716,17,76986.0,бТел
1726,11:07:09,45.33,0.04999999999999716,55,249176.0,бРел
1727,11:07:12,45.33,0.0,15,67944.0,бРел
1728,11:07:15,45.27,-0.05999999999999517,22,99639.0,бТел
1729,11:07:18,45.28,0.00999999999999801,4,18110.0,бРел
1730,11:07:21,45.3,0.01999999999999602,17,77006.0,бРел
1731,11:07:24,45.3,0.0,25,113256.0,бТел
1732,11:07:27,45.31,0.010000000000005116,51,231072.0,бРел
1733,11:07:30,45.32,0.00999999999999801,15,67982.0,бРел
1734,11:07:33,45.31,-0.00999999999999801,5,22655.0,бТел
1735,11:07:36,45.31,0.0,29,131447.0,бТел
1736,11:07:39,45.32,0.00999999999999801,18,81590.0,жпптел
1737,11:07:42,45.32,0.0,27,122362.0,бТел
1738,11:07:45,45.32,0.0,74,335430.0,бТел
1739,11:07:48,45.33,0.00999999999999801,37,167721.0,бРел
1740,11:07:51,45.33,0.0,19,86137.0,бТел
1741,11:07:54,45.35,0.020000000000003126,144,652959.0,бРел
1742,11:07:57,45.33,-0.020000000000003126,17,77083.0,бТел
1743,11:08:00,45.32,-0.00999999999999801,208,942754.0,бТел
1744,11:08:06,45.35,0.030000000000001137,22,99741.0,бРел
1745,11:08:09,45.32,-0.030000000000001137,1,4532.0,бРел
1746,11:08:12,45.33,0.00999999999999801,34,154114.0,бРел
1747,11:08:15,45.34,0.010000000000005116,6,27200.0,бРел
1748,11:08:18,45.35,0.00999999999999801,101,457994.0,бРел
1749,11:08:21,45.35,0.0,12,54420.0,бТел
1750,11:08:24,45.36,0.00999999999999801,22,101089.15000003576,бРел
1751,11:08:27,45.36,0.0,20,90714.0,бТел
1752,11:08:30,45.36,0.0,27,122479.0,бТел
1753,11:08:33,45.36,0.0,40,181455.0,бТел
1754,11:08:36,45.36,0.0,37,171044.26999998093,бРел
1755,11:08:39,45.36,0.0,14,63504.0,бТел
1756,11:08:42,45.36,0.0,11,49891.0,бРел
1757,11:08:45,45.35,-0.00999999999999801,36,163254.0,жпптел
1758,11:08:48,45.35,0.0,69,312885.0,бРел
1759,11:08:51,45.34,-0.00999999999999801,95,430803.0,бТел
1760,11:08:54,45.34,0.0,23,104282.0,бРел
1761,11:08:57,45.34,0.0,7,31737.0,бРел
1762,11:09:03,45.33,-0.010000000000005116,2,9066.0,бТел
1763,11:09:06,45.34,0.010000000000005116,25,113349.0,бРел
1764,11:09:09,45.35,0.00999999999999801,121,548683.0,бРел
1765,11:09:12,45.34,-0.00999999999999801,68,308354.0,бТел
1766,11:09:15,45.35,0.00999999999999801,30,136037.0,бРел
1767,11:09:18,45.35,0.0,37,167802.0,бТел
1768,11:09:21,45.34,-0.00999999999999801,57,258492.0,бТел
1769,11:09:24,45.35,0.00999999999999801,21,95224.0,бРел
1770,11:09:27,45.34,-0.00999999999999801,40,181387.0,бТел
1771,11:09:30,45.35,0.00999999999999801,17,77088.0,бРел
1772,11:09:33,45.35,0.0,55,249397.0,бРел
1773,11:09:36,45.35,0.0,120,544162.0,бРел
1774,11:09:39,45.34,-0.00999999999999801,20,90696.0,бТел
1775,11:09:42,45.35,0.00999999999999801,37,167775.0,бРел
1776,11:09:45,45.34,-0.00999999999999801,3,13602.0,бТел
1777,11:09:48,45.35,0.00999999999999801,78,353729.0,бРел
1778,11:09:51,45.34,-0.00999999999999801,14,63482.0,бТел
1779,11:09:54,45.35,0.00999999999999801,98,444418.0,бРел
1780,11:09:57,45.36,0.00999999999999801,11,49896.0,бРел
1781,11:10:03,45.35,-0.00999999999999801,8,36281.0,бТел
1782,11:10:06,45.36,0.00999999999999801,61,276650.0,бРел
1783,11:10:09,45.37,0.00999999999999801,39,178266.73000001907,бРел
1784,11:10:12,45.38,0.010000000000005116,62,281348.0,бРел
1785,11:10:15,45.38,0.0,56,254173.0,бРел
1786,11:10:21,45.41,0.02999999999999403,206,935257.0,бРел
1787,11:10:24,45.42,0.010000000000005116,196,890494.0,бРел
1788,11:10:27,45.47,0.04999999999999716,67,304519.0,бРел
1789,11:10:30,45.5,0.030000000000001137,28,127352.0,бРел
1790,11:10:33,45.52,0.020000000000003126,135,614278.0,бРел
1791,11:10:36,45.55,0.02999999999999403,134,610139.0,бРел
1792,11:10:39,45.55,0.0,40,182192.0,бРел
1793,11:10:42,45.55,0.0,66,300686.0,бРел
1794,11:10:45,45.58,0.030000000000001137,38,173192.0,бРел
1795,11:10:48,45.58,0.0,80,364495.0,бРел
1796,11:10:51,45.55,-0.030000000000001137,259,1180625.0,бТел
1797,11:10:54,45.59,0.04000000000000625,61,278068.0,жпптел
1798,11:10:57,45.58,-0.010000000000005116,118,537964.0,бТел
1799,11:11:03,45.59,0.010000000000005116,88,400952.0,бРел
1800,11:11:06,45.54,-0.05000000000000426,566,2578377.0,бТел
1801,11:11:09,45.53,-0.00999999999999801,9,40969.0,бРел
1802,11:11:12,45.52,-0.00999999999999801,37,168371.0,бРел
1803,11:11:15,45.48,-0.04000000000000625,14,63662.0,бТел
1804,11:11:18,45.47,-0.00999999999999801,24,109128.0,бТел
1805,11:11:21,45.47,0.0,11,50025.0,бТел
1806,11:11:24,45.45,-0.01999999999999602,68,309135.0,бТел
1807,11:11:27,45.45,0.0,16,72720.0,бРел
1808,11:11:30,45.45,0.0,9,40899.0,бРел
1809,11:11:33,45.42,-0.030000000000001137,12,54534.0,бТел
1810,11:11:36,45.45,0.030000000000001137,35,159054.0,бРел
1811,11:11:39,45.46,0.00999999999999801,10,45453.0,бРел
1812,11:11:42,45.45,-0.00999999999999801,15,68182.0,бТел
1813,11:11:45,45.45,0.0,21,95445.0,бТел
1814,11:11:48,45.45,0.0,57,258865.0,бРел
1815,11:11:51,45.45,0.0,8,36358.0,бРел
1816,11:11:54,45.4,-0.05000000000000426,2,9085.0,бТел
1817,11:12:00,45.4,0.0,18,81728.0,бТел
1818,11:12:03,45.42,0.020000000000003126,52,236061.0,бРел
1819,11:12:06,45.4,-0.020000000000003126,31,140776.0,бРел
1820,11:12:09,45.38,-0.01999999999999602,35,158925.0,бТел
1821,11:12:15,45.4,0.01999999999999602,25,113474.0,бРел
1822,11:12:18,45.39,-0.00999999999999801,18,81721.0,жпптел
1823,11:12:21,45.41,0.01999999999999602,10,45397.0,бРел
1824,11:12:24,45.42,0.010000000000005116,28,127152.0,бРел
1825,11:12:27,45.42,0.0,76,345182.0,бРел
1826,11:12:30,45.44,0.01999999999999602,28,127208.0,бРел
1827,11:12:33,45.41,-0.030000000000001137,27,122677.0,бТел
1828,11:12:36,45.42,0.010000000000005116,29,131716.0,жпптел
1829,11:12:39,45.44,0.01999999999999602,52,236208.0,бРел
1830,11:12:42,45.44,0.0,5,22718.0,бРел
1831,11:12:45,45.44,0.0,15,68160.0,бТел
1832,11:12:48,45.41,-0.030000000000001137,67,304337.0,бТел
1833,11:12:51,45.42,0.010000000000005116,3,13626.0,жпптел
1834,11:12:54,45.42,0.0,10,45420.0,бРел
1835,11:13:00,45.42,0.0,8,36330.0,бРел
1836,11:13:03,45.42,0.0,86,390593.0,бРел
1837,11:13:06,45.42,0.0,80,363375.0,бТел
1838,11:13:09,45.43,0.00999999999999801,18,81773.0,бРел
1839,11:13:12,45.43,0.0,26,118134.0,бТел
1840,11:13:15,45.44,0.00999999999999801,24,109056.0,бРел
1841,11:13:18,45.43,-0.00999999999999801,79,359014.0,бТел
1842,11:13:21,45.42,-0.00999999999999801,49,222587.0,бТел
1843,11:13:24,45.45,0.030000000000001137,17,77236.0,бРел
1844,11:13:27,45.42,-0.030000000000001137,49,222569.0,бТел
1845,11:13:30,45.41,-0.010000000000005116,88,399620.0,бТел
1846,11:13:33,45.41,0.0,28,127147.0,бТел
1847,11:13:36,45.41,0.0,31,140744.0,бРел
1848,11:13:39,45.42,0.010000000000005116,27,122572.0,бРел
1849,11:13:42,45.4,-0.020000000000003126,17,77194.0,жпптел
1850,11:13:45,45.41,0.00999999999999801,29,131684.0,бРел
1851,11:13:48,45.4,-0.00999999999999801,62,281472.0,бТел
1852,11:13:51,45.38,-0.01999999999999602,13,59007.0,бТел
1853,11:13:57,45.4,0.01999999999999602,117,530982.0,бРел
1854,11:14:00,45.35,-0.04999999999999716,262,1188290.0,бТел
1855,11:14:03,45.33,-0.020000000000003126,78,353602.0,бТел
1856,11:14:06,45.32,-0.00999999999999801,53,240223.0,бТел
1857,11:14:09,45.34,0.020000000000003126,72,326294.0,бРел
1858,11:14:12,45.31,-0.030000000000001137,18,81560.0,бТел
1859,11:14:15,45.34,0.030000000000001137,57,258366.0,бРел
1860,11:14:18,45.34,0.0,23,104262.0,бРел
1861,11:14:21,45.32,-0.020000000000003126,36,163145.0,бТел
1862,11:14:24,45.32,0.0,16,72510.0,бРел
1863,11:14:27,45.32,0.0,19,86105.0,бРел
1864,11:14:30,45.32,0.0,37,167689.0,бРел
1865,11:14:33,45.33,0.00999999999999801,56,253752.0,бРел
1866,11:14:36,45.32,-0.00999999999999801,14,63444.0,бТел
1867,11:14:39,45.32,0.0,51,231131.0,бРел
1868,11:14:42,45.33,0.00999999999999801,13,58925.0,бРел
1869,11:14:45,45.33,0.0,9,40797.0,бРел
1870,11:14:48,45.32,-0.00999999999999801,44,199418.0,бТел
1871,11:14:54,45.32,0.0,3,13596.0,бТел
1872,11:14:57,45.33,0.00999999999999801,249,1128682.0,бРел
1873,11:15:00,45.33,0.0,21,95193.0,бРел
1874,11:15:03,45.33,0.0,77,349039.0,бРел
1875,11:15:06,45.32,-0.00999999999999801,51,231169.0,бТел
1876,11:15:09,45.33,0.00999999999999801,46,208518.0,бРел
1877,11:15:12,45.32,-0.00999999999999801,63,285569.0,бТел
1878,11:15:15,45.33,0.00999999999999801,58,262904.0,бРел
1879,11:15:18,45.32,-0.00999999999999801,37,167706.0,бТел
1880,11:15:21,45.33,0.00999999999999801,77,349034.0,бРел
1881,11:15:24,45.33,0.0,26,117858.0,бРел
1882,11:15:27,45.33,0.0,5,22667.0,бТел
1883,11:15:30,45.34,0.010000000000005116,24,108824.0,бРел
1884,11:15:33,45.37,0.02999999999999403,16,72550.0,бРел
1885,11:15:36,45.34,-0.02999999999999403,11,49876.0,бТел
1886,11:15:39,45.37,0.02999999999999403,212,961832.0,бРел
1887,11:15:45,45.4,0.030000000000001137,40,181591.0,бРел
1888,11:15:51,45.37,-0.030000000000001137,48,217783.0,бТел
1889,11:15:57,45.4,0.030000000000001137,4,18158.0,бРел
1890,11:16:00,45.39,-0.00999999999999801,25,113493.0,бТел
1891,11:16:03,45.4,0.00999999999999801,26,118039.0,бРел
1892,11:16:06,45.39,-0.00999999999999801,34,154355.0,бТел
1893,11:16:09,45.4,0.00999999999999801,11,49936.0,бРел
1894,11:16:12,45.4,0.0,4,18160.0,бРел
1895,11:16:15,45.4,0.0,32,145258.0,бРел
1896,11:16:18,45.41,0.00999999999999801,108,490320.0,бРел
1897,11:16:21,45.4,-0.00999999999999801,1,4540.0,бТел
1898,11:16:24,45.4,0.0,6,27244.0,бТел
1899,11:16:27,45.4,0.0,18,81720.0,бТел
1900,11:16:30,45.4,0.0,23,104423.0,бТел
1901,11:16:33,45.4,0.0,3,13621.0,бТел
1902,11:16:36,45.4,0.0,28,127134.0,бТел
1903,11:16:39,45.41,0.00999999999999801,55,249752.0,жпптел
1904,11:16:42,45.4,-0.00999999999999801,69,313272.0,бТел
1905,11:16:45,45.4,0.0,2,9080.0,бРел
1906,11:16:51,45.39,-0.00999999999999801,4,18158.0,бТел
1907,11:16:54,45.4,0.00999999999999801,69,313227.0,бРел
1908,11:16:57,45.38,-0.01999999999999602,51,231482.0,бТел
1909,11:17:00,45.39,0.00999999999999801,7,31773.0,бРел
1910,11:17:03,45.39,0.0,5,22694.0,бРел
1911,11:17:06,45.38,-0.00999999999999801,11,49923.0,бТел
1912,11:17:09,45.38,0.0,9,40842.0,бТел
1913,11:17:12,45.38,0.0,5,22690.0,бТел
1914,11:17:15,45.38,0.0,7,31764.0,бРел
1915,11:17:18,45.37,-0.010000000000005116,75,340275.0,бТел
1916,11:17:24,45.37,0.0,22,99814.0,бРел
1917,11:17:27,45.36,-0.00999999999999801,18,81652.0,бТел
1918,11:17:30,45.37,0.00999999999999801,5,22685.0,бРел
1919,11:17:33,45.37,0.0,109,494429.0,бРел
1920,11:17:36,45.37,0.0,2,9074.0,бРел
1921,11:17:39,45.37,0.0,20,90740.0,бРел
1922,11:17:42,45.37,0.0,17,77124.0,бРел
1923,11:17:48,45.37,0.0,51,231386.0,бРел
1924,11:17:51,45.38,0.010000000000005116,29,131578.0,бРел
1925,11:17:54,45.39,0.00999999999999801,139,630737.0,бРел
1926,11:17:57,45.37,-0.020000000000003126,1,4537.0,бТел
1927,11:18:00,45.38,0.010000000000005116,7,31766.0,бТел
1928,11:18:03,45.39,0.00999999999999801,7,31770.0,бРел
1929,11:18:06,45.4,0.00999999999999801,109,497299.0,бРел
1930,11:18:09,45.4,0.0,3,13620.0,бТел
1931,11:18:12,45.42,0.020000000000003126,23,104444.0,бРел
1932,11:18:18,45.42,0.0,18,81733.0,бРел
1933,11:18:21,45.42,0.0,2,9084.0,бРел
1934,11:18:24,45.42,0.0,3,13626.0,бРел
1935,11:18:27,45.42,0.0,27,122632.0,бРел
1936,11:18:30,45.42,0.0,15,68130.0,бРел
1937,11:18:33,45.42,0.0,22,99923.0,бТел
1938,11:18:36,45.42,0.0,39,177123.0,бТел
1939,11:18:39,45.43,0.00999999999999801,9,40880.0,бРел
1940,11:18:42,45.42,-0.00999999999999801,12,54507.0,жпптел
1941,11:18:48,45.41,-0.010000000000005116,8,36328.0,бТел
1942,11:18:51,45.39,-0.01999999999999602,112,510398.0,бТел
1943,11:18:54,45.39,0.0,4,18156.0,бРел
1944,11:18:57,45.4,0.00999999999999801,53,240523.0,бРел
1945,11:19:00,45.39,-0.00999999999999801,60,272353.0,бТел
1946,11:19:03,45.36,-0.030000000000001137,1,4536.0,бТел
1947,11:19:06,45.36,0.0,7,31761.0,бТел
1948,11:19:09,45.39,0.030000000000001137,34,154246.0,бРел
1949,11:19:12,45.39,0.0,15,68054.0,бРел
1950,11:19:15,45.36,-0.030000000000001137,13,58992.0,бТел
1951,11:19:18,45.36,0.0,32,145171.0,бТел
1952,11:19:24,45.36,0.0,66,299526.0,бТел
1953,11:19:30,45.37,0.00999999999999801,4,18148.0,бТел
1954,11:19:33,45.37,0.0,2,9074.0,бТел
1955,11:19:36,45.38,0.010000000000005116,2,9076.0,бРел
1956,11:19:45,45.36,-0.020000000000003126,81,367430.0,бТел
1957,11:19:48,45.38,0.020000000000003126,66,299498.0,бРел
1958,11:19:51,45.36,-0.020000000000003126,77,351776.8000000119,бТел
1959,11:19:54,45.35,-0.00999999999999801,116,526210.4499999881,бТел
1960,11:19:57,45.36,0.00999999999999801,32,145130.0,бРел
1961,11:20:03,45.33,-0.030000000000001137,127,577974.75,бТел
1962,11:20:06,45.33,0.0,64,290114.0,бТел
1963,11:20:09,45.33,0.0,31,140497.0,жпптел
1964,11:20:12,45.3,-0.030000000000001137,132,598091.0,бТел
1965,11:20:15,45.28,-0.01999999999999602,430,1948077.0,бТел
1966,11:20:18,45.27,-0.00999999999999801,42,190151.0,бТел
1967,11:20:21,45.29,0.01999999999999602,40,181062.0,бРел
1968,11:20:24,45.27,-0.01999999999999602,48,217255.0,жпптел
1969,11:20:27,45.24,-0.030000000000001137,11,49773.0,бТел
1970,11:20:30,45.27,0.030000000000001137,82,371146.0,бРел
1971,11:20:33,45.27,0.0,24,108649.0,бТел
1972,11:20:36,45.27,0.0,31,140337.0,бТел
1973,11:20:39,45.24,-0.030000000000001137,62,280664.0,бТел
1974,11:20:48,45.25,0.00999999999999801,2,9050.0,бРел
1975,11:20:51,45.24,-0.00999999999999801,40,180994.0,бТел
1976,11:20:54,45.24,0.0,25,113100.0,бТел
1977,11:20:57,45.24,0.0,25,113103.0,бРел
1978,11:21:00,45.24,0.0,31,140244.0,бТел
1979,11:21:03,45.24,0.0,25,113106.0,бТел
1980,11:21:06,45.24,0.0,11,49764.0,бТел
1981,11:21:09,45.24,0.0,4,18096.0,бТел
1982,11:21:12,45.24,0.0,7,31671.0,бТел
1983,11:21:18,45.24,0.0,11,49763.0,бРел
1984,11:21:21,45.22,-0.020000000000003126,32,144729.0,бТел
1985,11:21:24,45.22,0.0,70,316652.0,бТел
1986,11:21:27,45.22,0.0,4,18088.0,бРел
1987,11:21:30,45.24,0.020000000000003126,5,22620.0,бРел
1988,11:21:33,45.25,0.00999999999999801,108,488714.0,бРел
1989,11:21:36,45.26,0.00999999999999801,7,31682.0,бРел
1990,11:21:39,45.26,0.0,11,49794.0,бТел
1991,11:21:45,45.28,0.020000000000003126,49,221844.0,бРел
1992,11:21:48,45.27,-0.00999999999999801,17,76977.0,бТел
1993,11:21:51,45.29,0.01999999999999602,6,27174.0,бРел
1994,11:21:54,45.27,-0.01999999999999602,15,67926.0,бТел
1995,11:21:57,45.27,0.0,23,104121.0,бРел
1996,11:22:00,45.28,0.00999999999999801,15,67912.0,бРел
1997,11:22:03,45.27,-0.00999999999999801,23,104135.0,бТел
1998,11:22:06,45.26,-0.010000000000005116,55,248976.0,бТел
1999,11:22:09,45.26,0.0,7,31688.0,бТел
2000,11:22:12,45.26,0.0,26,117717.0,бТел
2001,11:22:15,45.26,0.0,9,40738.0,бТел
2002,11:22:18,45.28,0.020000000000003126,4,18108.0,бРел
2003,11:22:21,45.28,0.0,11,49802.0,бРел
2004,11:22:24,45.27,-0.00999999999999801,13,58853.0,бТел
2005,11:22:27,45.26,-0.010000000000005116,50,226342.0,бТел
2006,11:22:30,45.28,0.020000000000003126,1,4528.0,бТел
2007,11:22:33,45.29,0.00999999999999801,3,13585.0,бРел
2008,11:22:36,45.3,0.00999999999999801,57,258158.0,бРел
2009,11:22:42,45.3,0.0,13,58890.0,бТел
2010,11:22:45,45.28,-0.01999999999999602,59,267262.0,бТел
2011,11:22:48,45.3,0.01999999999999602,10,45294.0,бРел
2012,11:22:54,45.28,-0.01999999999999602,7,31696.0,бТел
2013,11:23:00,45.28,0.0,25,113200.0,бРел
2014,11:23:03,45.3,0.01999999999999602,88,398602.0,бРел
2015,11:23:06,45.28,-0.01999999999999602,135,611635.0,бТел
2016,11:23:09,45.31,0.030000000000001137,20,90591.0,бРел
2017,11:23:12,45.31,0.0,49,222020.0,бТел
2018,11:23:15,45.29,-0.020000000000003126,36,163111.0,бТел
2019,11:23:18,45.29,0.0,1,4529.0,жпптел
2020,11:23:21,45.3,0.00999999999999801,1,4530.0,бРел
2021,11:23:24,45.28,-0.01999999999999602,46,208306.0,бТел
2022,11:23:27,45.28,0.0,1,4528.0,бТел
2023,11:23:30,45.29,0.00999999999999801,58,262655.0,бРел
2024,11:23:33,45.3,0.00999999999999801,45,203816.0,бРел
2025,11:23:36,45.3,0.0,59,267270.0,бТел
2026,11:23:45,45.28,-0.01999999999999602,8,36224.0,бТел
2027,11:23:51,45.28,0.0,58,262565.0,бРел
2028,11:23:54,45.21,-0.07000000000000028,115,520197.0,бТел
2029,11:23:57,45.26,0.04999999999999716,5,22630.0,бРел
2030,11:24:03,45.26,0.0,5,22625.0,бРел
2031,11:24:06,45.21,-0.04999999999999716,5,22605.0,бТел
2032,11:24:09,45.21,0.0,49,221653.0,бТел
2033,11:24:12,45.22,0.00999999999999801,4,18088.0,жпптел
2034,11:24:15,45.23,0.00999999999999801,7,31656.0,бРел
2035,11:24:18,45.23,0.0,7,31662.0,бТел
2036,11:24:21,45.21,-0.01999999999999602,100,452224.0,бТел
2037,11:24:24,45.21,0.0,7,31647.0,бТел
2038,11:24:27,45.21,0.0,35,158225.0,бРел
2039,11:24:30,45.21,0.0,14,63291.0,бРел
2040,11:24:36,45.22,0.00999999999999801,13,58775.0,бРел
2041,11:24:39,45.21,-0.00999999999999801,59,266739.0,бТел
2042,11:24:42,45.21,0.0,14,63294.0,бРел
2043,11:24:45,45.21,0.0,1,4521.0,бРел
2044,11:24:48,45.2,-0.00999999999999801,49,221494.0,бТел
2045,11:24:51,45.2,0.0,119,537959.0,бТел
2046,11:24:54,45.21,0.00999999999999801,6,27121.0,бРел
2047,11:24:57,45.2,-0.00999999999999801,29,131104.0,бТел
2048,11:25:00,45.21,0.00999999999999801,55,248603.0,бРел
2049,11:25:03,45.2,-0.00999999999999801,8,36160.0,бТел
2050,11:25:06,45.2,0.0,3,13560.0,бРел
2051,11:25:09,45.2,0.0,9,40679.0,бРел
2052,11:25:12,45.18,-0.020000000000003126,116,524129.0,бТел
2053,11:25:15,45.17,-0.00999999999999801,98,442807.0,бТел
2054,11:25:18,45.17,0.0,3,13548.0,бРел
2055,11:25:21,45.15,-0.020000000000003126,7,31605.0,бТел
2056,11:25:24,45.15,0.0,26,117390.0,бТел
2057,11:25:27,45.16,0.00999999999999801,36,162571.0,бРел
2058,11:25:30,45.15,-0.00999999999999801,30,135465.0,бТел
2059,11:25:36,45.14,-0.00999999999999801,31,139948.0,бТел
2060,11:25:39,45.14,0.0,39,176082.0,бТел
2061,11:25:45,45.13,-0.00999999999999801,155,699619.0,бТел
2062,11:25:48,45.14,0.00999999999999801,17,76757.0,бТел
2063,11:25:51,45.13,-0.00999999999999801,21,94805.0,бТел
2064,11:25:54,45.16,0.02999999999999403,15,67722.0,бРел
2065,11:25:57,45.16,0.0,21,94836.0,бТел
2066,11:26:00,45.16,0.0,10,45160.0,бТел
2067,11:26:03,45.16,0.0,13,58708.0,бТел
2068,11:26:06,45.16,0.0,3,13546.0,бРел
2069,11:26:09,45.16,0.0,46,207734.0,бРел
2070,11:26:12,45.15,-0.00999999999999801,4,18060.0,бТел
2071,11:26:15,45.15,0.0,6,27090.0,бТел
2072,11:26:18,45.15,0.0,11,49666.0,бТел
2073,11:26:21,45.15,0.0,65,293526.0,бТел
2074,11:26:27,45.16,0.00999999999999801,8,36132.0,бТел
2075,11:26:33,45.15,-0.00999999999999801,13,58700.0,бТел
2076,11:26:36,45.15,0.0,2,9030.0,бТел
2077,11:26:39,45.16,0.00999999999999801,118,532650.0,бРел
2078,11:26:42,45.16,0.0,1,4516.0,бТел
2079,11:26:45,45.15,-0.00999999999999801,4,18060.0,бРел
2080,11:26:48,45.16,0.00999999999999801,13,58703.0,бРел
2081,11:26:54,45.15,-0.00999999999999801,1,4515.0,бТел
2082,11:26:57,45.15,0.0,4,18062.0,бТел
2083,11:27:00,45.16,0.00999999999999801,19,85804.0,бРел
2084,11:27:03,45.15,-0.00999999999999801,6,27090.0,бТел
2085,11:27:06,45.15,0.0,1,4515.0,бТел
2086,11:27:09,45.15,0.0,3,13545.0,бРел
2087,11:27:12,45.15,0.0,11,49666.0,бТел
2088,11:27:15,45.15,0.0,24,108369.0,бТел
2089,11:27:18,45.15,0.0,6,27093.0,бТел
2090,11:27:21,45.15,0.0,10,45156.0,бТел
2091,11:27:24,45.16,0.00999999999999801,9,40637.0,бРел
2092,11:27:30,45.16,0.0,61,275476.0,бТел
2093,11:27:33,45.17,0.010000000000005116,3,13550.0,бРел
2094,11:27:36,45.18,0.00999999999999801,36,162643.0,бРел
2095,11:27:39,45.17,-0.00999999999999801,26,117479.0,бТел
2096,11:27:42,45.19,0.01999999999999602,6,27114.0,бРел
2097,11:27:45,45.18,-0.00999999999999801,4,18074.0,бТел
2098,11:27:48,45.19,0.00999999999999801,2,9038.0,бРел
2099,11:27:51,45.18,-0.00999999999999801,15,67772.0,бТел
2100,11:27:54,45.19,0.00999999999999801,47,212394.0,бРел
2101,11:27:57,45.18,-0.00999999999999801,2,9036.0,бТел
2102,11:28:00,45.19,0.00999999999999801,6,27111.0,бРел
2103,11:28:03,45.19,0.0,4,18075.0,бРел
2104,11:28:06,45.18,-0.00999999999999801,2,9036.0,бТел
2105,11:28:12,45.18,0.0,11,49698.0,бТел
2106,11:28:15,45.18,0.0,3,13554.0,бТел
2107,11:28:18,45.19,0.00999999999999801,9,40663.0,бРел
2108,11:28:21,45.18,-0.00999999999999801,3,13554.0,бТел
2109,11:28:27,45.19,0.00999999999999801,11,49709.0,бРел
2110,11:28:30,45.18,-0.00999999999999801,7,31626.0,бТел
2111,11:28:36,45.17,-0.00999999999999801,12,54213.0,бТел
2112,11:28:39,45.17,0.0,20,90340.0,бТел
2113,11:28:42,45.18,0.00999999999999801,10,45172.0,бРел
2114,11:28:45,45.16,-0.020000000000003126,121,546458.0,бТел
2115,11:28:48,45.16,0.0,2,9032.0,бРел
2116,11:28:51,45.16,0.0,2,9031.0,бРел
2117,11:28:54,45.16,0.0,8,36123.0,бРел
2118,11:28:57,45.16,0.0,5,22579.0,бРел
2119,11:29:00,45.17,0.010000000000005116,4,18066.0,жпптел
2120,11:29:03,45.15,-0.020000000000003126,45,203200.0,бТел
2121,11:29:06,45.18,0.030000000000001137,8,36144.0,бРел
2122,11:29:15,45.16,-0.020000000000003126,28,126487.0,жпптел
2123,11:29:18,45.15,-0.00999999999999801,12,54180.0,бТел
2124,11:29:21,45.15,0.0,6,27092.0,бТел
2125,11:29:24,45.15,0.0,5,22579.0,бТел
2126,11:29:30,45.15,0.0,83,374745.0,бТел
2127,11:29:33,45.15,0.0,8,36135.0,бТел
2128,11:29:36,45.17,0.020000000000003126,3,13551.0,бТел
2129,11:29:39,45.17,0.0,6,27102.0,бТел
2130,11:29:45,45.17,0.0,1,4517.0,бРел
2131,11:29:51,45.16,-0.010000000000005116,34,153544.0,бТел
2132,11:29:54,45.16,0.0,2,9032.0,бРел
2133,11:29:57,45.15,-0.00999999999999801,12,54190.0,бТел
2134,11:30:00,45.17,0.020000000000003126,33,149034.0,бРел
2135,13:00:00,45.17,0.0,10,45170.0,бРел
2136,13:00:03,45.17,0.0,302,1364257.0,бРел
2137,13:00:06,45.17,0.0,48,216896.0,бТел
2138,13:00:09,45.21,0.03999999999999915,35,158210.0,бРел
2139,13:00:12,45.2,-0.00999999999999801,5,22604.0,бТел
2140,13:00:15,45.2,0.0,17,76868.0,бТел
2141,13:00:18,45.2,0.0,4,18080.0,бРел
2142,13:00:21,45.2,0.0,7,31646.0,бТел
2143,13:00:24,45.23,0.02999999999999403,2,9046.0,бРел
2144,13:00:27,45.24,0.010000000000005116,37,167387.0,бРел
2145,13:00:33,45.25,0.00999999999999801,11,49775.0,бРел
2146,13:00:36,45.29,0.03999999999999915,49,221881.0,бРел
2147,13:00:39,45.3,0.00999999999999801,81,366918.0,бРел
2148,13:00:42,45.3,0.0,24,108718.0,бРел
2149,13:00:45,45.3,0.0,56,253680.0,бРел
2150,13:00:48,45.3,0.0,4,18117.0,бРел
2151,13:00:51,45.31,0.010000000000005116,46,208295.0,бРел
2152,13:00:57,45.3,-0.010000000000005116,10,45304.0,бТел
2153,13:01:00,45.31,0.010000000000005116,68,308077.0,бРел
2154,13:01:03,45.31,0.0,6,27180.0,бТел
2155,13:01:06,45.26,-0.05000000000000426,6,27174.0,бТел
2156,13:01:09,45.31,0.05000000000000426,52,235563.0,бРел
2157,13:01:12,45.25,-0.060000000000002274,21,95080.0,бТел
2158,13:01:15,45.29,0.03999999999999915,16,72416.0,бРел
2159,13:01:18,45.24,-0.04999999999999716,23,104074.0,бТел
2160,13:01:21,45.23,-0.010000000000005116,45,203550.0,бТел
2161,13:01:24,45.25,0.020000000000003126,8,36200.0,бТел
2162,13:01:30,45.23,-0.020000000000003126,28,126694.0,бТел
2163,13:01:33,45.24,0.010000000000005116,49,221657.0,жпптел
2164,13:01:36,45.23,-0.010000000000005116,3,13569.0,жпптел
2165,13:01:39,45.24,0.010000000000005116,11,49756.0,бРел
2166,13:01:42,45.26,0.01999999999999602,25,113121.0,бРел
2167,13:01:45,45.26,0.0,22,99572.0,бРел
2168,13:01:48,45.26,0.0,5,22630.0,бТел
2169,13:01:51,45.23,-0.030000000000001137,6,27151.0,бТел
2170,13:01:54,45.3,0.07000000000000028,112,507069.0,бРел
2171,13:01:57,45.3,0.0,80,362400.0,бТел
2172,13:02:00,45.3,0.0,180,815400.0,бТел
2173,13:02:03,45.25,-0.04999999999999716,5,22629.0,бТел
2174,13:02:06,45.24,-0.00999999999999801,11,49754.0,бРел
2175,13:02:09,45.24,0.0,45,203505.0,бРел
2176,13:02:12,45.23,-0.010000000000005116,9,40707.0,бТел
2177,13:02:15,45.23,0.0,1,4523.0,бТел
2178,13:02:18,45.22,-0.00999999999999801,16,72352.0,бТел
2179,13:02:21,45.23,0.00999999999999801,86,388836.0,бРел
2180,13:02:24,45.23,0.0,1,4523.0,бРел
2181,13:02:30,45.21,-0.01999999999999602,7,31647.0,бТел
2182,13:02:33,45.18,-0.030000000000001137,36,162737.0,бТел
2183,13:02:36,45.18,0.0,12,54216.0,жпптел
2184,13:02:39,45.17,-0.00999999999999801,115,519455.0,бТел
2185,13:02:42,45.2,0.030000000000001137,97,438093.0,бРел
2186,13:02:45,45.16,-0.04000000000000625,1,4516.0,бТел
2187,13:02:48,45.16,0.0,13,58732.0,бТел
2188,13:02:51,45.17,0.010000000000005116,1,4517.0,жпптел
2189,13:02:57,45.18,0.00999999999999801,8,36139.0,бРел
2190,13:03:00,45.18,0.0,37,167221.0,бТел
2191,13:03:03,45.18,0.0,4,18072.0,бТел
2192,13:03:06,45.18,0.0,5,22590.0,бТел
2193,13:03:09,45.18,0.0,11,49698.0,бТел
2194,13:03:12,45.18,0.0,194,876824.0,бТел
2195,13:03:15,45.18,0.0,2,9036.0,бТел
2196,13:03:18,45.2,0.020000000000003126,10,45182.0,бРел
2197,13:03:21,45.19,-0.010000000000005116,1,4519.0,жпптел
2198,13:03:24,45.18,-0.00999999999999801,29,131024.0,бТел
2199,13:03:30,45.18,0.0,3,13554.0,бРел
2200,13:03:33,45.18,0.0,35,158127.0,бРел
2201,13:03:36,45.18,0.0,4,18075.0,бТел
2202,13:03:39,45.18,0.0,3,13554.0,бРел
2203,13:03:42,45.18,0.0,3,13553.0,бРел
2204,13:03:48,45.18,0.0,15,67770.0,бТел
2205,13:03:51,45.18,0.0,33,149149.0,бТел
2206,13:03:54,45.18,0.0,1,4518.0,бТел
2207,13:03:57,45.19,0.00999999999999801,18,81337.0,бРел
2208,13:04:00,45.19,0.0,1,4519.0,бТел
2209,13:04:03,45.19,0.0,5,22595.0,бТел
2210,13:04:06,45.2,0.010000000000005116,12,54236.0,бРел
2211,13:04:09,45.19,-0.010000000000005116,29,131051.0,бТел
2212,13:04:15,45.21,0.020000000000003126,85,384195.0,бРел
2213,13:04:18,45.21,0.0,3,13563.0,бТел
2214,13:04:27,45.2,-0.00999999999999801,7,31640.0,бТел
2215,13:04:30,45.23,0.02999999999999403,21,94968.0,бРел
2216,13:04:33,45.23,0.0,6,27138.0,бТел
2217,13:04:36,45.23,0.0,3,13570.0,бТел
2218,13:04:39,45.23,0.0,5,22615.0,бРел
2219,13:04:45,45.23,0.0,5,22615.0,бТел
2220,13:04:48,45.23,0.0,1,4523.0,бТел
2221,13:04:51,45.23,0.0,2,9046.0,бТел
2222,13:04:57,45.23,0.0,7,31661.0,бТел
2223,13:05:00,45.25,0.020000000000003126,26,117639.0,бРел
2224,13:05:03,45.25,0.0,18,81450.0,бРел
2225,13:05:06,45.25,0.0,1,4525.0,бТел
2226,13:05:09,45.25,0.0,3,13575.0,бТел
2227,13:05:12,45.26,0.00999999999999801,11,49781.0,бРел
2228,13:05:15,45.26,0.0,9,40734.0,бРел
2229,13:05:18,45.27,0.010000000000005116,4,18106.0,бРел
2230,13:05:24,45.27,0.0,4,18108.0,бРел
2231,13:05:27,45.26,-0.010000000000005116,11,49794.0,бТел
2232,13:05:30,45.27,0.010000000000005116,17,76960.0,жпптел
2233,13:05:33,45.27,0.0,3,13581.0,бРел
2234,13:05:36,45.29,0.01999999999999602,3,13587.0,бРел
2235,13:05:39,45.3,0.00999999999999801,45,203850.0,бРел
2236,13:05:42,45.29,-0.00999999999999801,6,27180.0,бТел
2237,13:05:45,45.31,0.020000000000003126,11,49827.0,бРел
2238,13:05:48,45.3,-0.010000000000005116,16,72483.0,бРел
2239,13:05:51,45.3,0.0,3,13590.0,бТел
2240,13:05:57,45.3,0.0,8,36240.0,бРел
2241,13:06:00,45.3,0.0,1,4530.0,бТел
2242,13:06:03,45.3,0.0,47,212920.0,бТел
2243,13:06:06,45.3,0.0,12,54360.0,бРел
2244,13:06:09,45.32,0.020000000000003126,59,267379.0,бРел
2245,13:06:12,45.32,0.0,36,163184.0,бТел
2246,13:06:15,45.3,-0.020000000000003126,32,145015.0,бТел
2247,13:06:18,45.32,0.020000000000003126,22,99702.0,бРел
2248,13:06:24,45.3,-0.020000000000003126,34,154020.0,бТел
2249,13:06:27,45.3,0.0,25,113253.0,бРел
2250,13:06:30,45.29,-0.00999999999999801,1,4529.0,бТел
2251,13:06:33,45.3,0.00999999999999801,11,49840.0,жпптел
2252,13:06:36,45.33,0.030000000000001137,8,36258.0,бРел
2253,13:06:39,45.34,0.010000000000005116,3,13603.0,бРел
2254,13:06:45,45.34,0.0,6,27204.0,бРел
2255,13:06:48,45.33,-0.010000000000005116,9,40801.0,бТел
2256,13:06:51,45.35,0.020000000000003126,19,86149.0,бРел
2257,13:06:54,45.33,-0.020000000000003126,15,68013.0,бТел
2258,13:06:57,45.34,0.010000000000005116,7,31736.0,бРел
2259,13:07:00,45.35,0.00999999999999801,2,9070.0,бРел
2260,13:07:03,45.34,-0.00999999999999801,3,13602.0,бТел
2261,13:07:06,45.35,0.00999999999999801,13,58955.0,бРел
2262,13:07:09,45.35,0.0,4,18140.0,бТел
2263,13:07:12,45.35,0.0,8,36280.0,бРел
2264,13:07:15,45.35,0.0,8,36280.0,бРел
2265,13:07:18,45.35,0.0,63,285698.0,бТел
2266,13:07:24,45.35,0.0,7,31747.0,бТел
2267,13:07:27,45.35,0.0,43,195013.0,бРел
2268,13:07:30,45.34,-0.00999999999999801,4,18136.0,бТел
2269,13:07:33,45.34,0.0,2,9068.0,бТел
2270,13:07:36,45.33,-0.010000000000005116,73,331026.0,бТел
2271,13:07:39,45.31,-0.01999999999999602,1,4531.0,бТел
2272,13:07:42,45.35,0.03999999999999915,40,181364.0,бРел
2273,13:07:45,45.31,-0.03999999999999915,6,27206.0,бТел
2274,13:07:48,45.32,0.00999999999999801,21,95133.0,жпптел
2275,13:07:54,45.32,0.0,1,4532.0,бТел
2276,13:07:57,45.31,-0.00999999999999801,3,13596.0,бТел
2277,13:08:00,45.35,0.03999999999999915,31,140551.0,бРел
2278,13:08:06,45.32,-0.030000000000001137,11,49852.0,бРел
2279,13:08:09,45.32,0.0,22,99763.0,бТел
2280,13:08:15,45.34,0.020000000000003126,6,27201.0,бРел
2281,13:08:24,45.32,-0.020000000000003126,9,40788.0,бТел
2282,13:08:27,45.32,0.0,1,4532.0,бТел
2283,13:08:30,45.34,0.020000000000003126,2,9068.0,бРел
2284,13:08:36,45.33,-0.010000000000005116,4,18130.0,жпптел
2285,13:08:39,45.32,-0.00999999999999801,9,40795.0,бТел
2286,13:08:42,45.33,0.00999999999999801,5,22665.0,бРел
2287,13:08:45,45.33,0.0,1,4533.0,бРел
2288,13:08:48,45.33,0.0,2,9066.0,бТел
2289,13:08:51,45.33,0.0,40,181355.0,бТел
2290,13:08:54,45.33,0.0,2,9066.0,бТел
2291,13:08:57,45.34,0.010000000000005116,17,77076.0,бРел
2292,13:09:00,45.34,0.0,7,31735.0,бРел
2293,13:09:03,45.34,0.0,1,4534.0,бТел
2294,13:09:06,45.35,0.00999999999999801,1,4535.0,бРел
2295,13:09:09,45.35,0.0,7,31745.0,бРел
2296,13:09:12,45.34,-0.00999999999999801,21,95225.0,бТел
2297,13:09:15,45.34,0.0,21,95232.0,бТел
2298,13:09:21,45.33,-0.010000000000005116,5,22671.0,бТел
2299,13:09:24,45.34,0.010000000000005116,1,4534.0,бРел
2300,13:09:27,45.34,0.0,37,167785.0,бТел
2301,13:09:30,45.34,0.0,6,27204.0,бРел
2302,13:09:33,45.33,-0.010000000000005116,1,4533.0,бТел
2303,13:09:36,45.34,0.010000000000005116,6,27203.0,бРел
2304,13:09:39,45.33,-0.010000000000005116,19,86140.0,бТел
2305,13:09:42,45.34,0.010000000000005116,9,40806.0,бРел
2306,13:09:51,45.34,0.0,3,13602.0,бТел
2307,13:09:54,45.34,0.0,1,4534.0,бТел
2308,13:09:57,45.34,0.0,5,22670.0,бТел
2309,13:10:00,45.35,0.00999999999999801,29,131515.0,бРел
2310,13:10:03,45.35,0.0,6,27210.0,бТел
2311,13:10:06,45.35,0.0,13,58966.0,бТел
2312,13:10:09,45.35,0.0,6,27211.0,бТел
2313,13:10:12,45.35,0.0,83,376482.0,бТел
2314,13:10:15,45.34,-0.00999999999999801,9,40806.0,бТел
2315,13:10:21,45.35,0.00999999999999801,11,49882.0,бРел
2316,13:10:24,45.35,0.0,50,226749.0,бТел
2317,13:10:27,45.35,0.0,9,40815.0,бТел
2318,13:10:30,45.35,0.0,17,77095.0,бТел
2319,13:10:33,45.35,0.0,76,344663.0,бТел
2320,13:10:36,45.35,0.0,42,190467.0,бТел
2321,13:10:39,45.34,-0.00999999999999801,85,385387.0,бТел
2322,13:10:42,45.32,-0.020000000000003126,48,217583.0,бТел
2323,13:10:45,45.32,0.0,7,31724.0,бТел
2324,13:10:48,45.3,-0.020000000000003126,22,99660.0,бТел
2325,13:10:51,45.29,-0.00999999999999801,15,67943.0,бТел
2326,13:10:54,45.27,-0.01999999999999602,1,4527.0,бТел
2327,13:10:57,45.26,-0.010000000000005116,24,108647.0,бТел
2328,13:11:00,45.26,0.0,33,149360.0,бТел
2329,13:11:03,45.26,0.0,64,289689.0,бТел
2330,13:11:06,45.25,-0.00999999999999801,14,63363.0,бТел
2331,13:11:09,45.25,0.0,5,22625.0,бТел
2332,13:11:12,45.25,0.0,80,362030.0,бТел
2333,13:11:18,45.24,-0.00999999999999801,31,140263.0,бТел
2334,13:11:21,45.26,0.01999999999999602,36,162897.0,бРел
2335,13:11:24,45.23,-0.030000000000001137,33,149341.0,бТел
2336,13:11:27,45.22,-0.00999999999999801,13,58796.0,бТел
2337,13:11:30,45.22,0.0,4,18088.0,бТел
2338,13:11:33,45.24,0.020000000000003126,13,58812.0,бРел
2339,13:11:36,45.22,-0.020000000000003126,11,49749.0,бТел
2340,13:11:39,45.24,0.020000000000003126,3,13572.0,бРел
2341,13:11:42,45.24,0.0,2,9048.0,бРел
2342,13:11:45,45.23,-0.010000000000005116,1,4523.0,бРел
2343,13:11:48,45.21,-0.01999999999999602,7,31649.0,бТел
2344,13:11:51,45.22,0.00999999999999801,7,31654.0,бРел
2345,13:11:54,45.22,0.0,11,49742.0,бРел
2346,13:11:57,45.23,0.00999999999999801,7,31661.0,бРел
2347,13:12:00,45.23,0.0,1,4523.0,бРел
2348,13:12:03,45.24,0.010000000000005116,1,4524.0,бРел
2349,13:12:06,45.23,-0.010000000000005116,12,54276.0,бТел
2350,13:12:09,45.24,0.010000000000005116,12,54288.0,бРел
2351,13:12:12,45.24,0.0,13,58809.0,бТел
2352,13:12:18,45.25,0.00999999999999801,3,13574.0,бРел
2353,13:12:21,45.23,-0.020000000000003126,6,27140.0,бТел
2354,13:12:24,45.24,0.010000000000005116,5,22620.0,бРел
2355,13:12:27,45.24,0.0,2,9048.0,бРел
2356,13:12:30,45.23,-0.010000000000005116,6,27138.0,бТел
2357,13:12:33,45.23,0.0,10,45230.0,бТел
2358,13:12:36,45.23,0.0,7,31661.0,бТел
2359,13:12:39,45.24,0.010000000000005116,11,49763.0,бРел
2360,13:12:45,45.23,-0.010000000000005116,5,22615.0,бТел
2361,13:12:48,45.23,0.0,7,31661.0,бТел
2362,13:12:51,45.23,0.0,51,230673.0,бТел
2363,13:12:54,45.23,0.0,29,131167.0,бТел
2364,13:12:57,45.23,0.0,48,217103.0,бТел
2365,13:13:00,45.23,0.0,51,230661.0,бРел
2366,13:13:03,45.18,-0.04999999999999716,58,262218.0,бТел
2367,13:13:09,45.18,0.0,6,27108.0,бТел
2368,13:13:15,45.17,-0.00999999999999801,40,180713.0,бТел
2369,13:13:18,45.17,0.0,3,13551.0,бТел
2370,13:13:24,45.17,0.0,26,117442.0,бТел
2371,13:13:27,45.16,-0.010000000000005116,2,9032.0,бТел
2372,13:13:30,45.16,0.0,13,58709.0,бТел
2373,13:13:33,45.16,0.0,11,49676.0,бТел
2374,13:13:36,45.16,0.0,4,18063.0,бРел
2375,13:13:39,45.15,-0.00999999999999801,8,36120.0,бТел
2376,13:13:42,45.15,0.0,3,13546.0,бТел
2377,13:13:45,45.15,0.0,23,103845.0,бТел
2378,13:13:48,45.15,0.0,47,212235.0,бТел
2379,13:13:51,45.15,0.0,2,9030.0,бТел
2380,13:13:54,45.15,0.0,11,49668.0,бТел
2381,13:13:57,45.15,0.0,25,112875.0,бТел
2382,13:14:00,45.15,0.0,17,76755.0,бРел
2383,13:14:03,45.14,-0.00999999999999801,1,4514.0,бТел
2384,13:14:06,45.14,0.0,7,31602.0,бТел
2385,13:14:09,45.14,0.0,10,45140.0,бТел
2386,13:14:18,45.14,0.0,13,58690.0,бТел
2387,13:14:21,45.14,0.0,2,9028.0,бТел
2388,13:14:24,45.14,0.0,7,31598.0,бТел
2389,13:14:27,45.15,0.00999999999999801,33,148995.0,бРел
2390,13:14:30,45.14,-0.00999999999999801,6,27085.0,бТел
2391,13:14:33,45.14,0.0,1,4514.0,бТел
2392,13:14:36,45.15,0.00999999999999801,6,27090.0,бТел
2393,13:14:39,45.14,-0.00999999999999801,63,284443.0,бТел
2394,13:14:42,45.14,0.0,94,424331.0,бТел
2395,13:14:45,45.14,0.0,3,13542.0,бТел
2396,13:14:48,45.13,-0.00999999999999801,12,54177.0,бТел
2397,13:14:51,45.14,0.00999999999999801,2,9028.0,жпптел
2398,13:14:54,45.14,0.0,2,9028.0,бТел
2399,13:14:57,45.14,0.0,9,40628.0,бТел
2400,13:15:03,45.14,0.0,8,36117.0,бТел
2401,13:15:06,45.14,0.0,9,40626.0,бТел
2402,13:15:12,45.14,0.0,4,18056.0,бТел
2403,13:15:15,45.14,0.0,11,49660.0,бТел
2404,13:15:18,45.15,0.00999999999999801,9,40635.0,бРел
2405,13:15:24,45.15,0.0,12,54180.0,бТел
2406,13:15:27,45.15,0.0,4,18062.0,бТел
2407,13:15:30,45.15,0.0,3,13545.0,бТел
2408,13:15:33,45.15,0.0,7,31606.0,бТел
2409,13:15:36,45.15,0.0,34,153518.0,бТел
2410,13:15:42,45.16,0.00999999999999801,1,4516.0,бРел
2411,13:15:51,45.16,0.0,46,207733.0,бРел
2412,13:15:57,45.16,0.0,8,36129.0,бТел
2413,13:16:00,45.16,0.0,3,13548.0,бТел
2414,13:16:03,45.17,0.010000000000005116,5,22583.0,бРел
2415,13:16:09,45.16,-0.010000000000005116,10,45160.0,бТел
2416,13:16:12,45.17,0.010000000000005116,36,162605.0,бРел
2417,13:16:15,45.17,0.0,7,31619.0,бТел
2418,13:16:18,45.17,0.0,2,9033.0,бРел
2419,13:16:24,45.17,0.0,16,72272.0,бРел
2420,13:16:27,45.18,0.00999999999999801,7,31621.0,бРел
2421,13:16:30,45.17,-0.00999999999999801,10,45170.0,бТел
2422,13:16:33,45.18,0.00999999999999801,3,13554.0,бРел
2423,13:16:36,45.18,0.0,1,4518.0,бРел
2424,13:16:39,45.17,-0.00999999999999801,13,58724.0,бТел
2425,13:16:42,45.17,0.0,12,54205.0,бТел
2426,13:16:45,45.18,0.00999999999999801,16,72288.0,бРел
2427,13:16:48,45.18,0.0,2,9036.0,бТел
2428,13:16:51,45.18,0.0,1,4518.0,бТел
2429,13:16:54,45.18,0.0,2,9036.0,бТел
2430,13:16:57,45.18,0.0,5,22590.0,бТел
2431,13:17:00,45.18,0.0,1,4518.0,бТел
2432,13:17:03,45.18,0.0,4,18074.0,бТел
2433,13:17:09,45.17,-0.00999999999999801,49,221372.0,бТел
2434,13:17:18,45.17,0.0,3,13551.0,жпптел
2435,13:17:21,45.16,-0.010000000000005116,7,31619.0,бТел
2436,13:17:24,45.16,0.0,31,140051.0,бТел
2437,13:17:27,45.16,0.0,20,90320.0,бТел
2438,13:17:30,45.15,-0.00999999999999801,20,90309.0,бТел
2439,13:17:33,45.15,0.0,2,9030.0,бТел
2440,13:17:36,45.15,0.0,17,76768.0,бТел
2441,13:17:39,45.16,0.00999999999999801,12,54189.0,бРел
2442,13:17:45,45.15,-0.00999999999999801,10,45155.0,бТел
2443,13:17:51,45.17,0.020000000000003126,2,9034.0,бРел
2444,13:17:57,45.16,-0.010000000000005116,3,13548.0,бТел
2445,13:18:00,45.16,0.0,2,9032.0,бТел
2446,13:18:03,45.16,0.0,18,81288.0,бТел
2447,13:18:09,45.14,-0.01999999999999602,75,338623.0,бТел
2448,13:18:12,45.14,0.0,11,49653.0,бТел
2449,13:18:15,45.14,0.0,4,18056.0,бТел
2450,13:18:18,45.12,-0.020000000000003126,61,275294.0,бТел
2451,13:18:21,45.14,0.020000000000003126,23,103782.0,бРел
2452,13:18:24,45.16,0.01999999999999602,120,541755.0,бРел
2453,13:18:30,45.16,0.0,6,27096.0,бТел
2454,13:18:33,45.16,0.0,20,90323.0,бТел
2455,13:18:36,45.16,0.0,5,22580.0,бТел
2456,13:18:39,45.16,0.0,27,121935.0,бТел
2457,13:18:42,45.16,0.0,14,63226.0,бТел
2458,13:18:45,45.16,0.0,13,58708.0,бТел
2459,13:18:48,45.16,0.0,6,27098.0,бТел
2460,13:18:51,45.15,-0.00999999999999801,4,18062.0,бТел
2461,13:18:57,45.17,0.020000000000003126,14,63231.0,бРел
2462,13:19:00,45.17,0.0,11,49687.0,бТел
2463,13:19:06,45.17,0.0,10,45170.0,бТел
2464,13:19:09,45.17,0.0,6,27102.0,бТел
2465,13:19:12,45.17,0.0,57,257469.0,бТел
2466,13:19:15,45.17,0.0,8,36136.0,бТел
2467,13:19:18,45.17,0.0,5,22585.0,бТел
2468,13:19:24,45.15,-0.020000000000003126,12,54190.0,бТел
2469,13:19:27,45.16,0.00999999999999801,13,58707.0,бРел
2470,13:19:30,45.16,0.0,16,72266.0,бТел
2471,13:19:36,45.17,0.010000000000005116,7,31619.0,бРел
2472,13:19:42,45.16,-0.010000000000005116,8,36128.0,бТел
2473,13:19:45,45.17,0.010000000000005116,3,13549.0,бРел
2474,13:19:48,45.17,0.0,22,99374.0,бРел
2475,13:19:51,45.18,0.00999999999999801,10,45180.0,бРел
2476,13:19:54,45.17,-0.00999999999999801,11,49687.0,бТел
2477,13:19:57,45.17,0.0,1,4517.0,бТел
2478,13:20:00,45.17,0.0,1,4517.0,бТел
2479,13:20:06,45.17,0.0,25,112945.0,бТел
2480,13:20:09,45.16,-0.010000000000005116,10,45166.0,бТел
2481,13:20:12,45.16,0.0,39,176164.0,бТел
2482,13:20:15,45.18,0.020000000000003126,7,31626.0,бРел
2483,13:20:18,45.17,-0.00999999999999801,6,27102.0,бРел
2484,13:20:21,45.16,-0.010000000000005116,32,144535.0,бТел
2485,13:20:24,45.18,0.020000000000003126,3,13554.0,бРел
2486,13:20:27,45.17,-0.00999999999999801,14,63228.0,бРел
2487,13:20:30,45.16,-0.010000000000005116,26,117434.0,бТел
2488,13:20:33,45.19,0.030000000000001137,47,212393.0,бРел
2489,13:20:36,45.19,0.0,4,18076.0,бРел
2490,13:20:39,45.18,-0.00999999999999801,8,36144.0,жпптел
2491,13:20:42,45.17,-0.00999999999999801,28,126497.0,бТел
2492,13:20:45,45.17,0.0,12,54204.0,бТел
2493,13:20:48,45.19,0.01999999999999602,20,90380.0,бРел
2494,13:20:51,45.18,-0.00999999999999801,1,4518.0,жпптел
2495,13:20:54,45.18,0.0,1,4518.0,бРел
2496,13:20:57,45.19,0.00999999999999801,21,94899.0,бРел
2497,13:21:03,45.2,0.010000000000005116,54,244077.0,бРел
2498,13:21:06,45.2,0.0,20,90400.0,бРел
2499,13:21:09,45.2,0.0,10,45209.0,бТел
2500,13:21:12,45.21,0.00999999999999801,18,81374.0,бРел
2501,13:21:15,45.21,0.0,5,22605.0,бТел
2502,13:21:18,45.21,0.0,1,4521.0,бТел
2503,13:21:21,45.21,0.0,16,72364.0,бТел
2504,13:21:24,45.23,0.01999999999999602,3,13565.0,жпптел
2505,13:21:27,45.21,-0.01999999999999602,8,36176.0,бТел
2506,13:21:33,45.24,0.030000000000001137,20,90478.0,бРел
2507,13:21:39,45.24,0.0,8,36186.0,бРел
2508,13:21:42,45.25,0.00999999999999801,10,45249.0,бРел
2509,13:21:45,45.24,-0.00999999999999801,31,140192.0,бТел
2510,13:21:48,45.24,0.0,2,9048.0,бТел
2511,13:21:51,45.24,0.0,17,76915.0,бТел
2512,13:21:54,45.26,0.01999999999999602,14,63350.0,бРел
2513,13:22:03,45.27,0.010000000000005116,10,45268.0,бРел
2514,13:22:06,45.27,0.0,26,117722.0,бТел
2515,13:22:09,45.28,0.00999999999999801,4,18110.0,бРел
2516,13:22:12,45.28,0.0,7,31696.0,бРел
2517,13:22:15,45.28,0.0,1,4528.0,бТел
2518,13:22:18,45.28,0.0,3,13584.0,бТел
2519,13:22:21,45.28,0.0,22,99616.0,бТел
2520,13:22:24,45.29,0.00999999999999801,6,27172.0,бРел
2521,13:22:27,45.28,-0.00999999999999801,26,117750.0,бТел
2522,13:22:30,45.28,0.0,3,13584.0,бТел
2523,13:22:33,45.3,0.01999999999999602,34,154016.0,бРел
2524,13:22:36,45.29,-0.00999999999999801,30,135881.0,бТел
2525,13:22:39,45.3,0.00999999999999801,2,9058.0,бРел
2526,13:22:42,45.3,0.0,8,36240.0,бРел
2527,13:22:45,45.29,-0.00999999999999801,9,40765.0,бТел
2528,13:22:48,45.3,0.00999999999999801,9,40770.0,бРел
2529,13:22:51,45.3,0.0,4,18120.0,бТел
2530,13:22:54,45.3,0.0,3,13591.0,бТел
2531,13:22:57,45.3,0.0,3,13591.0,бТел
2532,13:23:03,45.31,0.010000000000005116,9,40779.0,бРел
2533,13:23:06,45.3,-0.010000000000005116,4,18120.0,бТел
2534,13:23:09,45.31,0.010000000000005116,42,190302.0,бТел
2535,13:23:12,45.31,0.0,26,117800.0,бТел
2536,13:23:15,45.31,0.0,21,95132.0,бРел
2537,13:23:18,45.32,0.00999999999999801,22,99676.0,бРел
2538,13:23:21,45.32,0.0,62,280944.0,бРел
2539,13:23:24,45.3,-0.020000000000003126,5,22655.0,бТел
2540,13:23:27,45.3,0.0,29,131371.0,бТел
2541,13:23:30,45.29,-0.00999999999999801,11,49829.0,бТел
2542,13:23:33,45.29,0.0,4,18117.0,бТел
2543,13:23:36,45.28,-0.00999999999999801,12,54350.0,бТел
2544,13:23:42,45.29,0.00999999999999801,1,4529.0,бТел
2545,13:23:45,45.29,0.0,2,9058.0,бТел
2546,13:23:48,45.29,0.0,10,45290.0,бТел
2547,13:23:51,45.29,0.0,5,22641.0,бРел
2548,13:23:54,45.29,0.0,1,4529.0,бРел
2549,13:24:00,45.29,0.0,2,9057.0,бРел
2550,13:24:03,45.28,-0.00999999999999801,44,199234.0,бТел
2551,13:24:06,45.27,-0.00999999999999801,17,76973.0,бТел
2552,13:24:09,45.28,0.00999999999999801,9,40752.0,бРел
2553,13:24:15,45.27,-0.00999999999999801,2,9054.0,бРел
2554,13:24:18,45.25,-0.020000000000003126,13,58837.0,бТел
2555,13:24:21,45.26,0.00999999999999801,3,13578.0,бРел
2556,13:24:24,45.25,-0.00999999999999801,9,40741.0,бТел
2557,13:24:27,45.25,0.0,8,36200.0,бТел
2558,13:24:30,45.25,0.0,2,9050.0,бТел
2559,13:24:33,45.26,0.00999999999999801,24,108584.0,бРел
2560,13:24:36,45.26,0.0,4,18104.0,бТел
2561,13:24:45,45.25,-0.00999999999999801,3,13575.0,бРел
2562,13:24:51,45.21,-0.03999999999999915,8,36168.0,бТел
2563,13:25:00,45.25,0.03999999999999915,19,85968.0,бРел
2564,13:25:03,45.24,-0.00999999999999801,2,9048.0,жпптел
2565,13:25:06,45.22,-0.020000000000003126,6,27136.0,бТел
2566,13:25:09,45.25,0.030000000000001137,7,31670.0,бРел
2567,13:25:12,45.22,-0.030000000000001137,3,13566.0,бТел
2568,13:25:18,45.24,0.020000000000003126,1,4524.0,жпптел
2569,13:25:21,45.23,-0.010000000000005116,2,9046.0,жпптел
2570,13:25:24,45.23,0.0,2,9046.0,бРел
2571,13:25:27,45.24,0.010000000000005116,1,4524.0,бРел
2572,13:25:30,45.23,-0.010000000000005116,3,13571.0,бТел
2573,13:25:33,45.24,0.010000000000005116,6,27141.0,бРел
2574,13:25:39,45.25,0.00999999999999801,1,4525.0,бРел
2575,13:25:48,45.24,-0.00999999999999801,24,108576.0,бТел
2576,13:25:54,45.24,0.0,22,99527.0,бРел
2577,13:26:00,45.23,-0.010000000000005116,25,113087.0,бТел
2578,13:26:03,45.22,-0.00999999999999801,1,4522.0,бТел
2579,13:26:06,45.23,0.00999999999999801,10,45230.0,бРел
2580,13:26:09,45.23,0.0,11,49743.0,бРел
2581,13:26:12,45.22,-0.00999999999999801,4,18088.0,бТел
2582,13:26:18,45.25,0.030000000000001137,112,506755.0,бРел
2583,13:26:21,45.25,0.0,3,13575.0,бТел
2584,13:26:24,45.26,0.00999999999999801,15,67890.0,бРел
2585,13:26:27,45.26,0.0,7,31682.0,бТел
2586,13:26:33,45.26,0.0,3,13578.0,бТел
2587,13:26:36,45.27,0.010000000000005116,17,76951.0,бРел
2588,13:26:42,45.29,0.01999999999999602,50,226411.0,бРел
2589,13:26:48,45.27,-0.01999999999999602,2,9054.0,бТел
2590,13:26:51,45.3,0.02999999999999403,101,457512.0,бРел
2591,13:26:57,45.3,0.0,5,22650.0,бТел
2592,13:27:00,45.29,-0.00999999999999801,46,208399.0,бТел
2593,13:27:03,45.31,0.020000000000003126,28,127229.48000001907,бРел
2594,13:27:06,45.3,-0.010000000000005116,39,176712.91999995708,бТел
2595,13:27:09,45.32,0.020000000000003126,31,140492.0,бРел
2596,13:27:12,45.28,-0.03999999999999915,4,22285.600000023842,бТел
2597,13:27:15,45.3,0.01999999999999602,8,36240.0,бРел
2598,13:27:18,45.3,0.0,5,22648.0,бРел
2599,13:27:21,45.28,-0.01999999999999602,1,4528.0,бТел
2600,13:27:24,45.28,0.0,15,67920.0,бТел
2601,13:27:27,45.28,0.0,2,9056.0,бРел
2602,13:27:30,45.3,0.01999999999999602,34,154018.0,бРел
2603,13:27:33,45.29,-0.00999999999999801,8,36239.0,жпптел
2604,13:27:39,45.3,0.00999999999999801,44,199320.0,бРел
2605,13:27:42,45.3,0.0,14,63416.0,бРел
2606,13:27:48,45.3,0.0,39,176673.91999995708,бРел
2607,13:27:57,45.3,0.0,15,67950.0,бТел
2608,13:28:00,45.3,0.0,10,45301.0,бТел
2609,13:28:03,45.29,-0.00999999999999801,47,212869.0,бТел
2610,13:28:06,45.29,0.0,8,36232.0,бТел
2611,13:28:09,45.29,0.0,25,113225.0,бТел
2612,13:28:12,45.29,0.0,21,95118.0,бТел
2613,13:28:15,45.3,0.00999999999999801,7,31707.0,бРел
2614,13:28:18,45.28,-0.01999999999999602,1,4528.0,бТел
2615,13:28:21,45.3,0.01999999999999602,42,190244.0,бРел
2616,13:28:24,45.28,-0.01999999999999602,7,31702.0,бТел
2617,13:28:27,45.29,0.00999999999999801,2,9058.0,жпптел
2618,13:28:30,45.28,-0.00999999999999801,30,135850.0,бТел
2619,13:28:33,45.29,0.00999999999999801,1,4529.0,жпптел
2620,13:28:36,45.29,0.0,18,81536.0,бТел
2621,13:28:39,45.3,0.00999999999999801,1,4530.0,бРел
2622,13:28:42,45.28,-0.01999999999999602,19,86040.0,бТел
2623,13:28:45,45.28,0.0,2,9056.0,бРел
2624,13:28:48,45.28,0.0,19,86032.0,бРел
2625,13:28:54,45.27,-0.00999999999999801,2,9054.0,бТел
2626,13:28:57,45.27,0.0,1,4527.0,бТел
2627,13:29:00,45.27,0.0,6,27162.0,бТел
2628,13:29:03,45.28,0.00999999999999801,4,18110.0,бРел
2629,13:29:06,45.27,-0.00999999999999801,7,31691.0,бТел
2630,13:29:09,45.27,0.0,7,31689.0,бТел
2631,13:29:12,45.28,0.00999999999999801,8,36222.0,бРел
2632,13:29:15,45.27,-0.00999999999999801,11,49807.0,бТел
2633,13:29:18,45.27,0.0,5,22635.0,бТел
2634,13:29:21,45.27,0.0,6,27162.0,бТел
2635,13:29:24,45.28,0.00999999999999801,3,13583.0,бРел
2636,13:29:27,45.27,-0.00999999999999801,24,108650.0,бТел
2637,13:29:30,45.26,-0.010000000000005116,3,13580.0,бТел
2638,13:29:33,45.27,0.010000000000005116,7,31689.0,бРел
2639,13:29:36,45.27,0.0,9,40743.0,бТел
2640,13:29:39,45.27,0.0,1,4527.0,бТел
2641,13:29:42,45.27,0.0,5,22635.0,бТел
2642,13:29:45,45.26,-0.010000000000005116,1,4526.0,бТел
2643,13:29:48,45.26,0.0,1,4526.0,бТел
2644,13:29:54,45.26,0.0,21,96261.75999999046,бТел
2645,13:29:57,45.26,0.0,19,89343.24000000954,бТел
2646,13:30:00,45.27,0.010000000000005116,22,99575.74000000954,бРел
2647,13:30:06,45.26,-0.010000000000005116,1,4526.0,бТел
2648,13:30:09,45.27,0.010000000000005116,10,45269.0,бРел
2649,13:30:12,45.27,0.0,39,177730.01999998093,бРел
2650,13:30:15,45.26,-0.010000000000005116,30,135822.0,бТел
2651,13:30:18,45.29,0.030000000000001137,36,162996.0,бРел
2652,13:30:21,45.3,0.00999999999999801,14,63407.0,бРел
2653,13:30:24,45.27,-0.02999999999999403,25,113241.0,жпптел
2654,13:30:27,45.31,0.03999999999999915,163,738384.0,бРел
2655,13:30:30,45.31,0.0,27,122332.0,бРел
2656,13:30:33,45.33,0.01999999999999602,69,313018.40000009537,бРел
2657,13:30:36,45.31,-0.01999999999999602,41,185801.0,бТел
2658,13:30:39,45.33,0.01999999999999602,4,18132.0,бРел
2659,13:30:42,45.33,0.0,34,154120.0,бРел
2660,13:30:45,45.33,0.0,64,290118.0,бРел
2661,13:30:48,45.33,0.0,2,9068.0,бТел
2662,13:30:54,45.35,0.020000000000003126,4,18139.0,бРел
2663,13:30:57,45.35,0.0,107,486227.34999990463,бРел
2664,13:31:00,45.35,0.0,10,45359.0,бТел
2665,13:31:03,45.36,0.00999999999999801,30,136076.0,бРел
2666,13:31:06,45.37,0.00999999999999801,1,4537.0,бРел
2667,13:31:09,45.37,0.0,8,36296.0,бРел
2668,13:31:12,45.38,0.010000000000005116,25,113449.0,бРел
2669,13:31:15,45.38,0.0,12,54457.0,бТел
2670,13:31:18,45.38,0.0,41,186085.0,бТел
2671,13:31:21,45.38,0.0,40,181556.0,бТел
2672,13:31:27,45.4,0.01999999999999602,34,154360.0,бРел
2673,13:31:30,45.4,0.0,53,240607.0,бРел
2674,13:31:33,45.4,0.0,46,208808.0,бРел
2675,13:31:36,45.37,-0.030000000000001137,51,231435.0,бТел
2676,13:31:39,45.4,0.030000000000001137,133,603534.0,бРел
2677,13:31:42,45.38,-0.01999999999999602,44,199638.0,бТел
2678,13:31:45,45.35,-0.030000000000001137,89,403700.0,бТел
2679,13:31:51,45.33,-0.020000000000003126,14,63486.0,бТел
2680,13:31:54,45.3,-0.030000000000001137,79,357955.0,бТел
2681,13:31:57,45.28,-0.01999999999999602,33,153651.60000002384,бТел
2682,13:32:00,45.27,-0.00999999999999801,15,67910.0,бТел
2683,13:32:03,45.27,0.0,28,126764.0,бТел
2684,13:32:06,45.26,-0.010000000000005116,5,22632.0,бТел
2685,13:32:09,45.27,0.010000000000005116,1,4527.0,бРел
2686,13:32:12,45.27,0.0,6,27161.0,бРел
2687,13:32:15,45.26,-0.010000000000005116,4,18104.0,бТел
2688,13:32:18,45.27,0.010000000000005116,4,18108.0,бРел
2689,13:32:21,45.27,0.0,1,4527.0,бРел
2690,13:32:24,45.27,0.0,9,40743.0,бРел
2691,13:32:27,45.26,-0.010000000000005116,20,90540.0,бТел
2692,13:32:30,45.28,0.020000000000003126,10,45280.0,бРел
2693,13:32:36,45.27,-0.00999999999999801,5,22639.0,бТел
2694,13:32:42,45.28,0.00999999999999801,1,4528.0,бРел
2695,13:32:45,45.3,0.01999999999999602,1,4530.0,бРел
2696,13:32:51,45.29,-0.00999999999999801,3,13588.0,жпптел
2697,13:32:54,45.33,0.03999999999999915,16,72516.0,бРел
2698,13:32:57,45.29,-0.03999999999999915,15,67944.0,бТел
2699,13:33:00,45.3,0.00999999999999801,1,4530.0,бРел
2700,13:33:03,45.33,0.030000000000001137,6,27184.0,бРел
2701,13:33:09,45.3,-0.030000000000001137,13,58879.0,бРел
2702,13:33:12,45.3,0.0,1,4530.0,бРел
2703,13:33:15,45.3,0.0,2,9060.0,бТел
2704,13:33:18,45.32,0.020000000000003126,12,54370.0,жпптел
2705,13:33:21,45.28,-0.03999999999999915,3,13588.0,бТел
2706,13:33:24,45.29,0.00999999999999801,1,4529.0,бРел
2707,13:33:30,45.3,0.00999999999999801,16,72475.0,бРел
2708,13:33:36,45.29,-0.00999999999999801,4,18116.0,бТел
2709,13:33:39,45.28,-0.00999999999999801,8,36237.0,бТел
2710,13:33:42,45.29,0.00999999999999801,1,4529.0,бРел
2711,13:33:45,45.29,0.0,7,31708.0,бТел
2712,13:33:51,45.3,0.00999999999999801,6,27179.0,бРел
2713,13:33:54,45.32,0.020000000000003126,18,81531.0,бРел
2714,13:33:57,45.29,-0.030000000000001137,1,4529.0,бТел
2715,13:34:03,45.3,0.00999999999999801,14,63422.0,жпптел
2716,13:34:06,45.29,-0.00999999999999801,4,18117.0,бТел
2717,13:34:09,45.3,0.00999999999999801,3,13590.0,бРел
2718,13:34:12,45.3,0.0,1,4530.0,бТел
2719,13:34:15,45.32,0.020000000000003126,5,22655.0,бРел
2720,13:34:21,45.3,-0.020000000000003126,22,99660.0,бТел
2721,13:34:24,45.3,0.0,4,18120.0,бТел
2722,13:34:27,45.31,0.010000000000005116,9,40777.0,бРел
2723,13:34:30,45.3,-0.010000000000005116,1,4530.0,бТел
2724,13:34:33,45.3,0.0,1,4530.0,бТел
2725,13:34:36,45.3,0.0,1,4530.0,бТел
2726,13:34:39,45.31,0.010000000000005116,4,18124.0,бРел
2727,13:34:48,45.31,0.0,8,36254.0,бТел
2728,13:34:51,45.31,0.0,54,244674.0,бТел
2729,13:34:57,45.3,-0.010000000000005116,3,13590.0,бТел
2730,13:35:00,45.31,0.010000000000005116,67,303562.0,бРел
2731,13:35:03,45.31,0.0,4,18124.0,бТел
2732,13:35:06,45.31,0.0,3,13593.0,бРел
2733,13:35:09,45.3,-0.010000000000005116,8,36245.0,бТел
2734,13:35:12,45.31,0.010000000000005116,15,67962.0,бРел
2735,13:35:15,45.31,0.0,2,9062.0,бТел
2736,13:35:18,45.31,0.0,7,31717.0,бТел
2737,13:35:21,45.31,0.0,3,13593.0,бТел
2738,13:35:24,45.31,0.0,2,9062.0,бТел
2739,13:35:27,45.31,0.0,22,99684.0,бТел
2740,13:35:30,45.31,0.0,1,4531.0,бРел
2741,13:35:33,45.3,-0.010000000000005116,7,31714.0,бТел
2742,13:35:36,45.32,0.020000000000003126,18,81560.0,бРел
2743,13:35:48,45.3,-0.020000000000003126,21,95136.0,бТел
2744,13:35:51,45.31,0.010000000000005116,3,13593.0,бТел
2745,13:35:54,45.3,-0.010000000000005116,11,49840.0,бТел
2746,13:35:57,45.31,0.010000000000005116,3,13591.0,бРел
2747,13:36:03,45.31,0.0,19,86079.0,бРел
2748,13:36:06,45.28,-0.030000000000001137,36,163024.0,бТел
2749,13:36:09,45.3,0.01999999999999602,17,77006.0,бРел
2750,13:36:12,45.29,-0.00999999999999801,6,27179.0,жпптел
2751,13:36:15,45.28,-0.00999999999999801,2,9056.0,бТел
2752,13:36:18,45.29,0.00999999999999801,2,9058.0,бТел
2753,13:36:27,45.29,0.0,2,9058.0,бТел
2754,13:36:30,45.29,0.0,1,4529.0,бРел
2755,13:36:33,45.28,-0.00999999999999801,1,4528.0,бТел
2756,13:36:36,45.28,0.0,22,99618.0,бТел
2757,13:36:39,45.29,0.00999999999999801,1,4529.0,бРел
2758,13:36:45,45.29,0.0,8,36229.0,бРел
2759,13:36:48,45.28,-0.00999999999999801,31,140369.0,бТел
2760,13:36:51,45.29,0.00999999999999801,5,22645.0,бРел
2761,13:36:54,45.29,0.0,8,36228.0,бРел
2762,13:36:57,45.29,0.0,4,18116.0,бРел
2763,13:37:00,45.29,0.0,1,4529.0,бТел
2764,13:37:03,45.29,0.0,16,72474.0,бТел
2765,13:37:06,45.29,0.0,5,22645.0,бТел
2766,13:37:12,45.29,0.0,9,40761.0,бТел
2767,13:37:15,45.29,0.0,8,36232.0,бТел
2768,13:37:18,45.29,0.0,5,22645.0,бТел
2769,13:37:21,45.29,0.0,5,22645.0,бТел
2770,13:37:27,45.28,-0.00999999999999801,3,13584.0,бТел
2771,13:37:30,45.28,0.0,1,4528.0,бТел
2772,13:37:33,45.29,0.00999999999999801,2,9058.0,бРел
2773,13:37:36,45.28,-0.00999999999999801,26,117729.0,бТел
2774,13:37:42,45.29,0.00999999999999801,6,27173.0,бРел
2775,13:37:45,45.28,-0.00999999999999801,5,22643.0,бТел
2776,13:37:48,45.29,0.00999999999999801,3,13585.0,бРел
2777,13:37:51,45.29,0.0,31,140378.0,бРел
2778,13:37:57,45.29,0.0,9,40761.0,бРел
2779,13:38:03,45.29,0.0,14,63404.0,бРел
2780,13:38:06,45.29,0.0,8,36232.0,бТел
2781,13:38:09,45.28,-0.00999999999999801,35,158514.0,бТел
2782,13:38:12,45.29,0.00999999999999801,10,45290.0,бРел
2783,13:38:15,45.29,0.0,2,9058.0,бРел
2784,13:38:18,45.29,0.0,11,49818.0,бРел
2785,13:38:21,45.29,0.0,19,86041.0,бРел
2786,13:38:24,45.29,0.0,5,22645.0,бРел
2787,13:38:27,45.3,0.00999999999999801,181,819889.0,бРел
2788,13:38:30,45.31,0.010000000000005116,12,54365.0,бРел
2789,13:38:36,45.3,-0.010000000000005116,7,31710.0,бТел
2790,13:38:45,45.31,0.010000000000005116,5,22655.0,бРел
2791,13:38:51,45.31,0.0,21,95146.0,бРел
2792,13:38:54,45.31,0.0,3,13593.0,бРел
2793,13:38:57,45.3,-0.010000000000005116,124,561854.0,бТел
2794,13:39:03,45.31,0.010000000000005116,43,194833.0,бТел
2795,13:39:09,45.31,0.0,16,72496.0,бТел
2796,13:39:12,45.32,0.00999999999999801,5,22657.0,бРел
2797,13:39:15,45.31,-0.00999999999999801,51,231124.0,бТел
2798,13:39:18,45.31,0.0,4,18124.0,бТел
2799,13:39:21,45.31,0.0,7,31718.0,бТел
2800,13:39:24,45.31,0.0,6,27190.0,бТел
2801,13:39:27,45.32,0.00999999999999801,104,471326.0,бРел
2802,13:39:30,45.3,-0.020000000000003126,5,22654.0,бТел
2803,13:39:33,45.31,0.010000000000005116,8,36246.0,бРел
2804,13:39:42,45.31,0.0,12,54373.0,бТел
2805,13:39:45,45.32,0.00999999999999801,2,9064.0,бРел
2806,13:39:48,45.31,-0.00999999999999801,10,45310.0,бТел
2807,13:39:51,45.31,0.0,16,72494.0,бРел
2808,13:39:54,45.31,0.0,2,9062.0,бРел
2809,13:39:57,45.3,-0.010000000000005116,4,18121.0,бТел
2810,13:40:00,45.31,0.010000000000005116,2,9062.0,бРел
2811,13:40:03,45.3,-0.010000000000005116,35,158553.0,бТел
2812,13:40:06,45.31,0.010000000000005116,1,4531.0,бРел
2813,13:40:09,45.31,0.0,2,9062.0,бРел
2814,13:40:12,45.3,-0.010000000000005116,7,31714.0,бТел
2815,13:40:15,45.3,0.0,13,58896.0,бТел
2816,13:40:18,45.3,0.0,22,99661.0,бТел
2817,13:40:21,45.3,0.0,11,49830.0,бТел
2818,13:40:24,45.31,0.010000000000005116,16,72496.0,бРел
2819,13:40:27,45.31,0.0,11,49841.0,бТел
2820,13:40:30,45.3,-0.010000000000005116,69,312630.0,бТел
2821,13:40:33,45.3,0.0,13,58896.0,бТел
2822,13:40:39,45.3,0.0,136,616033.0,бТел
2823,13:40:42,45.3,0.0,45,203834.0,бТел
2824,13:40:45,45.29,-0.00999999999999801,26,117756.0,бТел
2825,13:40:48,45.28,-0.00999999999999801,20,90575.0,бТел
2826,13:40:51,45.28,0.0,88,398465.0,бТел
2827,13:40:54,45.29,0.00999999999999801,114,519511.1700000763,бРел
2828,13:40:57,45.28,-0.00999999999999801,157,710917.2699999809,бТел
2829,13:41:00,45.29,0.00999999999999801,87,393921.2699999809,бРел
2830,13:41:03,45.27,-0.01999999999999602,17,76966.0,бТел
2831,13:41:06,45.27,0.0,71,321417.0,бТел
2832,13:41:09,45.26,-0.010000000000005116,78,354267.28999996185,бТел
2833,13:41:12,45.27,0.010000000000005116,11,49796.0,бРел
2834,13:41:15,45.26,-0.010000000000005116,11,49786.0,бТел
2835,13:41:18,45.26,0.0,6,27156.0,бТел
2836,13:41:21,45.26,0.0,15,67890.0,бРел
2837,13:41:24,45.25,-0.00999999999999801,1,4525.0,бТел
2838,13:41:27,45.25,0.0,13,58826.0,бТел
2839,13:41:30,45.25,0.0,5,22625.0,бТел
2840,13:41:36,45.25,0.0,8,36200.0,бТел
2841,13:41:39,45.25,0.0,72,325802.0,бТел
2842,13:41:45,45.24,-0.00999999999999801,22,99528.0,бТел
2843,13:41:48,45.24,0.0,31,140267.0,бТел
2844,13:41:51,45.24,0.0,45,203580.0,бРел
2845,13:41:54,45.23,-0.010000000000005116,8,36184.0,бТел
2846,13:41:57,45.22,-0.00999999999999801,5,22614.0,бТел
2847,13:42:03,45.22,0.0,34,153749.0,бТел
2848,13:42:09,45.21,-0.00999999999999801,19,85899.0,бТел
2849,13:42:12,45.21,0.0,4,18086.0,бТел
2850,13:42:15,45.21,0.0,15,67815.0,бТел
2851,13:42:18,45.21,0.0,8,36169.0,бТел
2852,13:42:21,45.21,0.0,9,40689.0,бТел
2853,13:42:24,45.2,-0.00999999999999801,3,13560.0,бТел
2854,13:42:27,45.2,0.0,33,149160.0,бТел
2855,13:42:33,45.2,0.0,1,4520.0,бТел
2856,13:42:36,45.2,0.0,50,226000.0,бТел
2857,13:42:39,45.2,0.0,22,99439.0,бРел
2858,13:42:42,45.19,-0.010000000000005116,9,40671.0,бТел
2859,13:42:45,45.2,0.010000000000005116,34,153648.0,бРел
2860,13:42:48,45.18,-0.020000000000003126,25,112992.0,бТел
2861,13:42:51,45.2,0.020000000000003126,39,176254.0,бРел
2862,13:42:54,45.2,0.0,12,54250.0,бТел
2863,13:42:57,45.2,0.0,6,27120.0,бТел
2864,13:43:03,45.2,0.0,4,18080.0,бТел
2865,13:43:06,45.2,0.0,8,36165.0,бТел
2866,13:43:09,45.2,0.0,14,63283.0,бТел
2867,13:43:12,45.2,0.0,16,72322.0,бТел
2868,13:43:15,45.2,0.0,4,18080.0,бРел
2869,13:43:18,45.2,0.0,16,72320.0,бРел
2870,13:43:21,45.2,0.0,29,131080.0,бРел
2871,13:43:24,45.2,0.0,9,40685.0,бТел
2872,13:43:27,45.2,0.0,3,13560.0,бТел
2873,13:43:33,45.2,0.0,6,27120.0,бТел
2874,13:43:39,45.2,0.0,11,49724.0,бТел
2875,13:43:42,45.2,0.0,7,31640.0,бТел
2876,13:43:45,45.2,0.0,12,54242.0,бТел
2877,13:43:48,45.2,0.0,5,22600.0,бТел
2878,13:43:51,45.2,0.0,58,262160.0,бТел
2879,13:43:54,45.2,0.0,4,18081.0,бТел
2880,13:43:57,45.2,0.0,39,176280.0,бТел
2881,13:44:00,45.2,0.0,3,13560.0,бТел
2882,13:44:03,45.2,0.0,5,22600.0,бТел
2883,13:44:09,45.2,0.0,4,18080.0,бРел
2884,13:44:15,45.18,-0.020000000000003126,6,27114.0,бТел
2885,13:44:18,45.19,0.00999999999999801,3,13556.0,бРел
2886,13:44:21,45.19,0.0,3,13557.0,бТел
2887,13:44:24,45.19,0.0,7,31634.0,бТел
2888,13:44:27,45.19,0.0,10,45190.0,бТел
2889,13:44:33,45.19,0.0,9,40671.0,бТел
2890,13:44:36,45.18,-0.00999999999999801,7,31627.0,бТел
2891,13:44:39,45.18,0.0,10,45180.0,бТел
2892,13:44:42,45.18,0.0,58,262030.0,бТел
2893,13:44:45,45.18,0.0,12,54216.0,бРел
2894,13:44:48,45.18,0.0,10,45178.0,бРел
2895,13:44:51,45.16,-0.020000000000003126,5,22588.0,бТел
2896,13:44:54,45.16,0.0,2,9032.0,бТел
2897,13:44:57,45.16,0.0,5,22580.0,бТел
2898,13:45:00,45.16,0.0,10,45160.0,бТел
2899,13:45:03,45.17,0.010000000000005116,1,4517.0,бРел
2900,13:45:06,45.16,-0.010000000000005116,5,22580.0,бТел
2901,13:45:09,45.18,0.020000000000003126,40,180701.0,бРел
2902,13:45:12,45.15,-0.030000000000001137,49,221262.0,бТел
2903,13:45:15,45.16,0.00999999999999801,7,31611.0,жпптел
2904,13:45:18,45.16,0.0,4,18062.0,бРел
2905,13:45:21,45.15,-0.00999999999999801,5,22575.0,бТел
2906,13:45:24,45.17,0.020000000000003126,19,85812.0,бРел
2907,13:45:27,45.16,-0.010000000000005116,3,13548.0,жпптел
2908,13:45:33,45.16,0.0,5,22580.0,бТел
2909,13:45:36,45.17,0.010000000000005116,9,40645.0,бРел
2910,13:45:39,45.16,-0.010000000000005116,2,9033.0,бТел
2911,13:45:42,45.16,0.0,37,167097.0,бТел
2912,13:45:45,45.17,0.010000000000005116,18,81294.0,бРел
2913,13:45:48,45.16,-0.010000000000005116,9,40644.0,бРел
2914,13:46:00,45.16,0.0,15,67740.0,бТел
2915,13:46:03,45.18,0.020000000000003126,10,45173.0,бРел
2916,13:46:06,45.16,-0.020000000000003126,2,9032.0,бТел
2917,13:46:09,45.18,0.020000000000003126,2,9036.0,бРел
2918,13:46:12,45.18,0.0,25,112946.0,бРел
2919,13:46:15,45.17,-0.00999999999999801,2,13370.320000052452,бТел
2920,13:46:18,45.16,-0.010000000000005116,14,63225.03999996185,бТел
2921,13:46:24,45.17,0.010000000000005116,15,67745.0,бРел
2922,13:46:33,45.16,-0.010000000000005116,8,36128.0,бТел
2923,13:46:39,45.17,0.010000000000005116,5,22581.0,бРел
2924,13:46:42,45.16,-0.010000000000005116,4,18064.0,бТел
2925,13:46:45,45.17,0.010000000000005116,19,85823.0,бРел
2926,13:46:48,45.16,-0.010000000000005116,2,9032.0,бТел
2927,13:46:51,45.16,0.0,27,121932.0,бТел
2928,13:46:54,45.17,0.010000000000005116,19,85823.0,бРел
2929,13:46:57,45.17,0.0,5,22581.0,бРел
2930,13:47:00,45.16,-0.010000000000005116,1,4516.0,бТел
2931,13:47:03,45.18,0.020000000000003126,6,27105.0,бРел
2932,13:47:06,45.17,-0.00999999999999801,2,9034.0,бТел
2933,13:47:09,45.16,-0.010000000000005116,6,27099.0,бТел
2934,13:47:15,45.18,0.020000000000003126,12,54213.0,бРел
2935,13:47:18,45.16,-0.020000000000003126,1,4516.0,бТел
2936,13:47:24,45.16,0.0,7,31616.0,бТел
2937,13:47:27,45.16,0.0,5,22581.0,бТел
2938,13:47:30,45.16,0.0,42,189709.0,бТел
2939,13:47:33,45.17,0.010000000000005116,8,36133.0,бРел
2940,13:47:36,45.17,0.0,1,4517.0,бТел
2941,13:47:42,45.17,0.0,10,45170.0,бТел
2942,13:47:48,45.17,0.0,2,9034.0,бТел
2943,13:47:51,45.17,0.0,15,67755.0,бТел
2944,13:47:54,45.18,0.00999999999999801,5,22586.0,бРел
2945,13:48:03,45.17,-0.00999999999999801,4,18068.0,бТел
2946,13:48:06,45.17,0.0,46,207782.0,бТел
2947,13:48:09,45.18,0.00999999999999801,3,13553.0,бРел
2948,13:48:12,45.16,-0.020000000000003126,36,162640.0,бТел
2949,13:48:15,45.17,0.010000000000005116,2,9034.0,бРел
2950,13:48:21,45.16,-0.010000000000005116,13,58708.0,бТел
2951,13:48:24,45.16,0.0,17,76779.0,бТел
2952,13:48:27,45.16,0.0,22,99352.0,бТел
2953,13:48:30,45.16,0.0,10,45160.0,бТел
2954,13:48:33,45.16,0.0,93,419998.0,бТел
2955,13:48:36,45.15,-0.00999999999999801,26,117391.0,бТел
2956,13:48:39,45.14,-0.00999999999999801,42,189610.0,бТел
2957,13:48:42,45.13,-0.00999999999999801,3,13540.0,бТел
2958,13:48:45,45.13,0.0,10,45130.0,бТел
2959,13:48:48,45.13,0.0,5,22565.0,бТел
2960,13:48:51,45.13,0.0,12,54156.0,бТел
2961,13:48:54,45.13,0.0,15,67695.0,бТел
2962,13:48:57,45.12,-0.010000000000005116,20,90260.0,бТел
2963,13:49:00,45.12,0.0,35,157949.0,бТел
2964,13:49:03,45.12,0.0,8,36096.0,бТел
2965,13:49:06,45.12,0.0,13,58659.0,бТел
2966,13:49:09,45.12,0.0,25,112800.0,бТел
2967,13:49:12,45.13,0.010000000000005116,115,518883.0,бРел
2968,13:49:18,45.12,-0.010000000000005116,46,207556.0,бТел
2969,13:49:21,45.11,-0.00999999999999801,22,99262.0,бТел
2970,13:49:24,45.11,0.0,4,18047.0,бТел
2971,13:49:27,45.11,0.0,1,4511.0,бТел
2972,13:49:30,45.11,0.0,1,4511.0,бТел
2973,13:49:33,45.11,0.0,16,72191.0,бТел
2974,13:49:36,45.1,-0.00999999999999801,62,279681.0,бТел
2975,13:49:39,45.1,0.0,3,13530.0,бТел
2976,13:49:42,45.1,0.0,18,81180.0,бТел
2977,13:49:45,45.1,0.0,6,27060.0,бТел
2978,13:49:48,45.08,-0.020000000000003126,5,22542.0,бТел
2979,13:49:51,45.08,0.0,1,4508.0,бТел
2980,13:49:54,45.08,0.0,3,13524.0,бТел
2981,13:49:57,45.06,-0.01999999999999602,22,99156.0,бТел
2982,13:50:00,45.06,0.0,12,54078.0,бТел
2983,13:50:03,45.08,0.01999999999999602,6,27036.0,бРел
2984,13:50:06,45.04,-0.03999999999999915,2,9009.0,бТел
2985,13:50:09,45.04,0.0,3,13512.0,бТел
2986,13:50:12,45.03,-0.00999999999999801,1,4503.0,бТел
2987,13:50:18,45.05,0.01999999999999602,6,27030.0,бРел
2988,13:50:21,45.03,-0.01999999999999602,24,108088.0,бТел
2989,13:50:24,45.03,0.0,65,292695.0,бТел
2990,13:50:27,45.04,0.00999999999999801,21,94563.0,бРел
2991,13:50:30,45.03,-0.00999999999999801,29,130597.0,бРел
2992,13:50:33,45.02,-0.00999999999999801,15,67531.0,бТел
2993,13:50:36,45.03,0.00999999999999801,65,292693.0,бРел
2994,13:50:39,45.03,0.0,54,243114.0,бРел
2995,13:50:42,45.02,-0.00999999999999801,11,49526.0,бТел
2996,13:50:45,45.02,0.0,24,108052.0,бТел
2997,13:50:48,45.02,0.0,3,13506.0,бТел
2998,13:50:51,45.03,0.00999999999999801,23,103560.0,бРел
2999,13:50:54,45.02,-0.00999999999999801,6,27012.0,бТел
3000,13:50:57,45.02,0.0,44,198091.0,бТел
3001,13:51:00,45.03,0.00999999999999801,1,4503.0,бРел
3002,13:51:03,45.02,-0.00999999999999801,44,198088.0,бТел
3003,13:51:06,45.03,0.00999999999999801,58,261117.0,бРел
3004,13:51:09,45.01,-0.020000000000003126,23,103565.0,бТел
3005,13:51:12,45.01,0.0,31,139553.0,бТел
3006,13:51:18,45.01,0.0,20,90023.0,бТел
3007,13:51:21,45.01,0.0,52,234064.0,бТел
3008,13:51:24,45.04,0.030000000000001137,42,189145.0,бРел
3009,13:51:27,45.02,-0.01999999999999602,46,207154.0,бТел
3010,13:51:30,45.02,0.0,1,4502.0,бТел
3011,13:51:33,45.02,0.0,20,90078.0,бТел
3012,13:51:39,45.02,0.0,38,171076.0,бТел
3013,13:51:42,45.01,-0.010000000000005116,12,54019.0,бТел
3014,13:51:45,45.02,0.010000000000005116,19,85538.0,бРел
3015,13:51:48,45.02,0.0,18,81036.0,бТел
3016,13:51:51,45.01,-0.010000000000005116,13,58535.0,бТел
3017,13:51:54,45.02,0.010000000000005116,3,13506.0,бРел
3018,13:51:57,45.01,-0.010000000000005116,9,40515.0,бТел
3019,13:52:00,45.01,0.0,12,54017.0,бТел
3020,13:52:03,45.01,0.0,23,103536.0,бТел
3021,13:52:06,45.01,0.0,12,54012.0,бТел
3022,13:52:09,45.01,0.0,20,90022.0,бТел
3023,13:52:12,45.03,0.020000000000003126,12,54024.0,бРел
3024,13:52:18,45.03,0.0,7,31521.0,бРел
3025,13:52:21,45.01,-0.020000000000003126,97,436658.0,бТел
3026,13:52:24,45.01,0.0,15,67533.0,бТел
3027,13:52:27,45.03,0.020000000000003126,4,18007.0,бРел
3028,13:52:30,45.03,0.0,1,4503.0,бРел
3029,13:52:33,45.03,0.0,11,49530.0,бРел
3030,13:52:36,45.02,-0.00999999999999801,2,9004.0,бТел
3031,13:52:39,45.03,0.00999999999999801,2,9006.0,бРел
3032,13:52:42,45.02,-0.00999999999999801,42,189084.0,бТел
3033,13:52:45,45.02,0.0,4,18006.0,бРел
3034,13:52:48,45.01,-0.010000000000005116,5,22509.0,бТел
3035,13:52:51,45.02,0.010000000000005116,3,13504.0,бРел
3036,13:52:54,45.03,0.00999999999999801,87,391693.0,бРел
3037,13:52:57,45.03,0.0,10,45030.0,бТел
3038,13:53:00,45.03,0.0,5,22515.0,бТел
3039,13:53:03,45.03,0.0,5,22515.0,бТел
3040,13:53:06,45.03,0.0,21,94569.0,бТел
3041,13:53:09,45.03,0.0,5,22511.0,бРел
3042,13:53:15,45.02,-0.00999999999999801,16,72043.0,бТел
3043,13:53:18,45.03,0.00999999999999801,13,58536.0,бРел
3044,13:53:21,45.01,-0.020000000000003126,91,409677.0,бТел
3045,13:53:24,45.02,0.010000000000005116,16,72030.0,бРел
3046,13:53:27,45.02,0.0,5,22507.0,бРел
3047,13:53:30,45.02,0.0,4,18005.0,бРел
3048,13:53:33,45.01,-0.010000000000005116,4,18006.0,бТел
3049,13:53:36,45.01,0.0,11,49516.0,бТел
3050,13:53:39,45.02,0.010000000000005116,1,4502.0,бРел
3051,13:53:42,45.0,-0.020000000000003126,197,886696.0,бТел
3052,13:53:45,45.01,0.00999999999999801,37,166507.0,бРел
3053,13:53:48,45.0,-0.00999999999999801,78,351011.0,бТел
3054,13:53:51,45.0,0.0,39,175500.0,бТел
3055,13:53:54,45.0,0.0,38,171010.0,бТел
3056,13:53:57,45.0,0.0,112,504010.0,бТел
3057,13:54:00,44.99,-0.00999999999999801,70,315059.0,бТел
3058,13:54:03,45.0,0.00999999999999801,12,53998.0,бРел
3059,13:54:06,44.98,-0.020000000000003126,6,26993.0,бТел
3060,13:54:15,44.99,0.010000000000005116,16,71965.0,бРел
3061,13:54:18,44.97,-0.020000000000003126,2,8995.0,бТел
3062,13:54:21,44.97,0.0,10,44976.0,бТел
3063,13:54:24,44.98,0.00999999999999801,58,260877.0,бРел
3064,13:54:27,44.95,-0.02999999999999403,13,58438.0,бТел
3065,13:54:33,44.96,0.00999999999999801,11,49451.0,бРел
3066,13:54:36,44.96,0.0,1,4496.0,бРел
3067,13:54:39,44.95,-0.00999999999999801,9,40455.0,бТел
3068,13:54:42,44.93,-0.020000000000003126,2,8986.0,бТел
3069,13:54:45,44.94,0.00999999999999801,16,71903.0,жпптел
3070,13:54:48,44.92,-0.01999999999999602,17,76378.0,бТел
3071,13:54:51,44.95,0.030000000000001137,3,13485.0,бРел
3072,13:54:54,44.93,-0.020000000000003126,3,13478.0,бРел
3073,13:54:57,44.93,0.0,21,94333.0,бРел
3074,13:55:00,44.93,0.0,9,40429.0,бРел
3075,13:55:03,44.92,-0.00999999999999801,18,80857.0,бТел
3076,13:55:06,44.92,0.0,11,49412.0,бРел
3077,13:55:12,44.91,-0.010000000000005116,29,130243.0,бТел
3078,13:55:15,44.91,0.0,49,220102.0,бТел
3079,13:55:18,44.91,0.0,75,336850.0,бТел
3080,13:55:21,44.91,0.0,14,62865.0,бРел
3081,13:55:24,44.91,0.0,8,35927.0,бРел
3082,13:55:27,44.91,0.0,165,740982.0,бРел
3083,13:55:30,44.91,0.0,4,17964.0,бТел
3084,13:55:33,44.93,0.020000000000003126,57,256056.0,бРел
3085,13:55:36,44.92,-0.00999999999999801,5,22460.0,бТел
3086,13:55:39,44.91,-0.010000000000005116,24,107811.0,бТел
3087,13:55:42,44.91,0.0,8,35937.0,бТел
3088,13:55:45,44.91,0.0,6,26951.0,бТел
3089,13:55:48,44.92,0.010000000000005116,2,8984.0,бРел
3090,13:55:51,44.92,0.0,10,44919.0,бРел
3091,13:55:54,44.93,0.00999999999999801,10,44924.0,бРел
3092,13:55:57,44.92,-0.00999999999999801,8,35936.0,бТел
3093,13:56:00,44.94,0.01999999999999602,11,49428.0,бРел
3094,13:56:03,44.93,-0.00999999999999801,3,13479.0,бТел
3095,13:56:06,44.94,0.00999999999999801,7,31453.0,бРел
3096,13:56:12,44.94,0.0,6,26962.0,бРел
3097,13:56:15,44.94,0.0,31,139304.0,бРел
3098,13:56:18,44.94,0.0,6,26965.0,бТел
3099,13:56:21,44.94,0.0,3,13482.0,бТел
3100,13:56:24,44.94,0.0,11,49440.0,бТел
3101,13:56:27,44.94,0.0,4,17979.0,бТел
3102,13:56:30,44.95,0.010000000000005116,26,116869.0,бРел
3103,13:56:33,44.94,-0.010000000000005116,65,292194.0,бТел
3104,13:56:36,44.97,0.030000000000001137,10,44957.0,бРел
3105,13:56:39,44.95,-0.01999999999999602,2,8990.0,бТел
3106,13:56:42,44.95,0.0,8,35960.0,бТел
3107,13:56:45,44.97,0.01999999999999602,3,13489.0,бРел
3108,13:56:51,44.97,0.0,7,31477.0,бРел
3109,13:56:54,44.97,0.0,13,58439.0,бРел
3110,13:56:57,44.97,0.0,2,8994.0,бРел
3111,13:57:00,44.96,-0.00999999999999801,4,17986.0,бТел
3112,13:57:03,44.97,0.00999999999999801,16,71948.0,бРел
3113,13:57:06,44.96,-0.00999999999999801,25,112406.0,бТел
3114,13:57:12,44.96,0.0,28,125887.0,бРел
3115,13:57:15,44.95,-0.00999999999999801,57,256239.0,бТел
3116,13:57:18,44.95,0.0,6,26971.0,бТел
3117,13:57:21,44.95,0.0,10,44955.0,бТел
3118,13:57:24,44.96,0.00999999999999801,26,116869.0,бРел
3119,13:57:27,44.94,-0.020000000000003126,4,17976.0,бТел
3120,13:57:30,44.96,0.020000000000003126,33,148353.0,бРел
3121,13:57:33,44.96,0.0,3,13488.0,бТел
3122,13:57:39,44.96,0.0,1,4496.0,бРел
3123,13:57:45,44.96,0.0,8,35962.0,бРел
3124,13:57:48,44.95,-0.00999999999999801,11,49446.0,бТел
3125,13:57:54,44.94,-0.010000000000005116,12,53937.0,бТел
3126,13:57:57,44.95,0.010000000000005116,2,8990.0,бРел
3127,13:58:03,44.94,-0.010000000000005116,10,44940.0,бТел
3128,13:58:09,44.95,0.010000000000005116,11,49438.0,бРел
3129,13:58:12,44.95,0.0,39,175304.0,бРел
3130,13:58:15,44.94,-0.010000000000005116,11,49437.0,бТел
3131,13:58:18,44.94,0.0,5,22470.0,бТел
3132,13:58:21,44.94,0.0,3,13482.0,бТел
3133,13:58:24,44.94,0.0,31,139339.0,бТел
3134,13:58:27,44.93,-0.00999999999999801,12,53922.0,бТел
3135,13:58:30,44.93,0.0,7,31449.0,бРел
3136,13:58:33,44.93,0.0,20,89852.0,бТел
3137,13:58:36,44.91,-0.020000000000003126,31,139248.0,бТел
3138,13:58:39,44.93,0.020000000000003126,10,44930.0,бРел
3139,13:58:42,44.91,-0.020000000000003126,13,58383.0,бТел
3140,13:58:45,44.91,0.0,14,62874.0,бТел
3141,13:58:48,44.9,-0.00999999999999801,28,125736.0,бТел
3142,13:58:51,44.9,0.0,35,157154.0,бТел
3143,13:58:54,44.9,0.0,10,44900.0,бТел
3144,13:58:57,44.9,0.0,29,130206.0,бТел
3145,13:59:00,44.89,-0.00999999999999801,6,26938.0,бТел
3146,13:59:03,44.89,0.0,7,31421.0,бРел
3147,13:59:09,44.88,-0.00999999999999801,4,17953.0,бТел
3148,13:59:12,44.88,0.0,65,291722.0,бТел
3149,13:59:15,44.88,0.0,27,121176.0,бТел
3150,13:59:18,44.86,-0.020000000000003126,27,121134.0,бТел
3151,13:59:21,44.86,0.0,15,67290.0,бТел
3152,13:59:24,44.86,0.0,6,26916.0,бТел
3153,13:59:27,44.88,0.020000000000003126,67,300599.0,бРел
3154,13:59:30,44.85,-0.030000000000001137,11,49341.0,бТел
3155,13:59:33,44.86,0.00999999999999801,12,53831.0,бРел
3156,13:59:36,44.86,0.0,66,296026.0,бРел
3157,13:59:39,44.86,0.0,23,103178.0,бТел
3158,13:59:42,44.86,0.0,15,67298.0,бТел
3159,13:59:45,44.86,0.0,2,8972.0,бТел
3160,13:59:48,44.86,0.0,23,103178.0,бТел
3161,13:59:51,44.86,0.0,31,139097.0,бРел
3162,13:59:54,44.86,0.0,12,53832.0,бТел
3163,13:59:57,44.86,0.0,46,206336.0,бРел
3164,14:00:00,44.85,-0.00999999999999801,30,134563.0,жпптел
3165,14:00:06,44.85,0.0,7,31395.0,бТел
3166,14:00:09,44.84,-0.00999999999999801,33,147993.0,бТел
3167,14:00:12,44.85,0.00999999999999801,79,354325.0,бРел
3168,14:00:15,44.85,0.0,34,152512.0,бТел
3169,14:00:18,44.85,0.0,47,210802.0,бТел
3170,14:00:21,44.86,0.00999999999999801,61,273568.0,бРел
3171,14:00:24,44.82,-0.03999999999999915,47,210685.0,бТел
3172,14:00:27,44.82,0.0,20,89640.0,бТел
3173,14:00:30,44.82,0.0,8,35856.0,бТел
3174,14:00:33,44.82,0.0,81,362969.0,бРел
3175,14:00:36,44.82,0.0,12,53787.0,бТел
3176,14:00:39,44.82,0.0,35,156883.0,бТел
3177,14:00:42,44.82,0.0,19,85144.0,бРел
3178,14:00:45,44.82,0.0,108,484022.0,бРел
3179,14:00:48,44.82,0.0,30,134460.0,бТел
3180,14:00:51,44.82,0.0,5,22410.0,бТел
3181,14:00:54,44.82,0.0,10,44817.0,бРел
3182,14:00:57,44.81,-0.00999999999999801,31,138925.0,бТел
3183,14:01:00,44.81,0.0,15,67215.0,бТел
3184,14:01:06,44.8,-0.010000000000005116,35,156802.0,бТел
3185,14:01:09,44.81,0.010000000000005116,56,250921.0,бРел
3186,14:01:12,44.8,-0.010000000000005116,60,268801.0,бТел
3187,14:01:15,44.8,0.0,86,385279.0,бТел
3188,14:01:18,44.8,0.0,37,165735.0,бРел
3189,14:01:21,44.78,-0.01999999999999602,25,111954.0,бТел
3190,14:01:24,44.8,0.01999999999999602,27,120938.0,бРел
3191,14:01:27,44.78,-0.01999999999999602,36,161208.0,бТел
3192,14:01:33,44.78,0.0,17,76113.0,бРел
3193,14:01:36,44.78,0.0,24,107467.0,бРел
3194,14:01:39,44.76,-0.020000000000003126,32,143244.0,бТел
3195,14:01:42,44.77,0.010000000000005116,7,31339.0,жпптел
3196,14:01:45,44.77,0.0,3,13429.0,бРел
3197,14:01:48,44.76,-0.010000000000005116,21,94002.0,бТел
3198,14:01:51,44.76,0.0,13,58187.0,бРел
3199,14:01:54,44.75,-0.00999999999999801,10,44757.0,бТел
3200,14:01:57,44.75,0.0,25,111878.0,бТел
3201,14:02:00,44.75,0.0,39,174525.0,бТел
3202,14:02:06,44.75,0.0,31,138696.0,бРел
3203,14:02:09,44.74,-0.00999999999999801,58,259542.0,бТел
3204,14:02:12,44.75,0.00999999999999801,37,165580.0,бРел
3205,14:02:15,44.77,0.020000000000003126,40,179041.0,бРел
3206,14:02:18,44.76,-0.010000000000005116,32,143257.0,бТел
3207,14:02:21,44.77,0.010000000000005116,31,138765.0,бРел
3208,14:02:24,44.78,0.00999999999999801,56,250763.0,бРел
3209,14:02:27,44.78,0.0,2,8956.0,бТел
3210,14:02:30,44.8,0.01999999999999602,53,237440.0,бРел
3211,14:02:33,44.81,0.010000000000005116,54,241976.0,бРел
3212,14:02:36,44.81,0.0,130,582656.0,бТел
3213,14:02:39,44.82,0.00999999999999801,82,367524.0,бРел
3214,14:02:42,44.82,0.0,37,165843.0,бТел
3215,14:02:45,44.82,0.0,2,8964.0,бТел
3216,14:02:48,44.86,0.03999999999999915,9,40373.0,бРел
3217,14:02:51,44.86,0.0,1,4486.0,бТел
3218,14:02:54,44.88,0.020000000000003126,5,22440.0,бРел
3219,14:02:57,44.86,-0.020000000000003126,19,85258.0,бТел
3220,14:03:03,44.89,0.030000000000001137,27,121187.0,бРел
3221,14:03:06,44.88,-0.00999999999999801,3,13464.0,бРел
3222,14:03:09,44.88,0.0,5,22442.0,бТел
3223,14:03:12,44.89,0.00999999999999801,1,4489.0,бРел
3224,14:03:15,44.9,0.00999999999999801,4,17956.0,бРел
3225,14:03:18,44.89,-0.00999999999999801,13,58355.0,бРел
3226,14:03:21,44.9,0.00999999999999801,13,58370.0,бРел
3227,14:03:24,44.9,0.0,5,22448.0,бРел
3228,14:03:27,44.89,-0.00999999999999801,4,17957.0,бТел
3229,14:03:30,44.9,0.00999999999999801,13,58368.0,бРел
3230,14:03:33,44.89,-0.00999999999999801,16,71831.0,бТел
3231,14:03:36,44.9,0.00999999999999801,4,17960.0,бТел
3232,14:03:39,44.9,0.0,54,242371.0,бТел
3233,14:03:42,44.9,0.0,20,89797.0,бРел
3234,14:03:45,44.89,-0.00999999999999801,5,22443.0,бРел
3235,14:03:51,44.88,-0.00999999999999801,6,26932.0,бТел
3236,14:03:54,44.89,0.00999999999999801,30,134670.0,бРел
3237,14:03:57,44.89,0.0,1,4489.0,бРел
3238,14:04:03,44.89,0.0,6,26937.0,бТел
3239,14:04:06,44.89,0.0,14,62849.0,бТел
3240,14:04:09,44.9,0.00999999999999801,17,76320.0,бРел
3241,14:04:12,44.9,0.0,24,107758.0,бРел
3242,14:04:15,44.9,0.0,17,76330.0,бРел
3243,14:04:18,44.89,-0.00999999999999801,7,31423.0,бТел
3244,14:04:21,44.89,0.0,17,76323.0,бТел
3245,14:04:24,44.9,0.00999999999999801,21,94288.0,бРел
3246,14:04:27,44.89,-0.00999999999999801,16,71825.0,бТел
3247,14:04:30,44.89,0.0,1,4489.0,бРел
3248,14:04:33,44.88,-0.00999999999999801,21,94281.0,бТел
3249,14:04:36,44.88,0.0,1,4488.0,бТел
3250,14:04:39,44.85,-0.030000000000001137,85,381401.0,бТел
3251,14:04:42,44.85,0.0,39,174914.0,бРел
3252,14:04:45,44.85,0.0,4,17938.0,бРел
3253,14:04:54,44.85,0.0,31,139035.0,бРел
3254,14:05:00,44.85,0.0,21,94181.0,бРел
3255,14:05:03,44.85,0.0,3,13453.0,бРел
3256,14:05:06,44.85,0.0,15,67265.0,бРел
3257,14:05:09,44.83,-0.020000000000003126,12,53801.0,бТел
3258,14:05:12,44.83,0.0,23,103104.0,бТел
3259,14:05:15,44.83,0.0,3,13448.0,бРел
3260,14:05:18,44.82,-0.00999999999999801,11,49327.0,бТел
3261,14:05:21,44.85,0.030000000000001137,9,40353.0,бРел
3262,14:05:24,44.83,-0.020000000000003126,14,62762.0,бРел
3263,14:05:30,44.83,0.0,3,13449.0,бТел
3264,14:05:33,44.83,0.0,19,85181.0,бТел
3265,14:05:36,44.83,0.0,16,71755.0,бТел
3266,14:05:39,44.83,0.0,11,49321.0,бТел
3267,14:05:42,44.85,0.020000000000003126,11,49315.0,бРел
3268,14:05:45,44.85,0.0,7,31391.0,бТел
3269,14:05:48,44.85,0.0,8,35880.0,бРел
3270,14:05:51,44.85,0.0,2,8970.0,бТел
3271,14:06:00,44.86,0.00999999999999801,2,8971.0,бРел
3272,14:06:03,44.86,0.0,2,8972.0,бТел
3273,14:06:09,44.89,0.030000000000001137,21,94233.0,бРел
3274,14:06:12,44.86,-0.030000000000001137,49,219897.0,бТел
3275,14:06:15,44.88,0.020000000000003126,2,8976.0,жпптел
3276,14:06:18,44.88,0.0,2,8976.0,бТел
3277,14:06:21,44.89,0.00999999999999801,1,4489.0,бРел
3278,14:06:24,44.88,-0.00999999999999801,2,8976.0,бТел
3279,14:06:27,44.89,0.00999999999999801,7,31423.0,бРел
3280,14:06:30,44.89,0.0,3,13467.0,бТел
3281,14:06:33,44.9,0.00999999999999801,22,98780.0,бРел
3282,14:06:36,44.9,0.0,6,26935.0,бРел
3283,14:06:39,44.89,-0.00999999999999801,17,76327.0,бТел
3284,14:06:45,44.89,0.0,50,224486.0,бТел
3285,14:06:48,44.9,0.00999999999999801,21,94295.0,бТел
3286,14:06:51,44.91,0.00999999999999801,7,31437.0,бРел
3287,14:06:54,44.91,0.0,6,26943.0,бТел
3288,14:07:00,44.9,-0.00999999999999801,6,26940.0,бТел
3289,14:07:03,44.92,0.020000000000003126,30,134773.0,бРел
3290,14:07:09,44.91,-0.010000000000005116,13,58383.0,бТел
3291,14:07:12,44.91,0.0,7,31437.0,бТел
3292,14:07:15,44.92,0.010000000000005116,13,58382.0,бРел
3293,14:07:18,44.91,-0.010000000000005116,8,35928.0,жпптел
3294,14:07:21,44.92,0.010000000000005116,14,62882.0,бРел
3295,14:07:24,44.92,0.0,12,58126.48000001907,бТел
3296,14:07:27,44.9,-0.020000000000003126,29,130487.51999998093,бТел
3297,14:07:30,44.89,-0.00999999999999801,8,35919.0,бТел
3298,14:07:33,44.89,0.0,25,112225.0,бТел
3299,14:07:36,44.92,0.030000000000001137,110,493955.0,бРел
3300,14:07:39,44.88,-0.03999999999999915,5,22448.0,бТел
3301,14:07:42,44.89,0.00999999999999801,3,13467.0,бРел
3302,14:07:48,44.89,0.0,18,80799.0,бРел
3303,14:07:51,44.89,0.0,15,67335.0,бТел
3304,14:08:00,44.89,0.0,21,94272.0,бТел
3305,14:08:03,44.89,0.0,6,26930.0,бРел
3306,14:08:06,44.85,-0.03999999999999915,125,560815.0,бТел
3307,14:08:09,44.85,0.0,3,13455.0,бРел
3308,14:08:12,44.83,-0.020000000000003126,10,44834.0,бТел
3309,14:08:15,44.83,0.0,2,8966.0,бТел
3310,14:08:18,44.84,0.010000000000005116,2,8968.0,бРел
3311,14:08:21,44.83,-0.010000000000005116,18,80694.0,бТел
3312,14:08:27,44.82,-0.00999999999999801,3,13446.0,бТел
3313,14:08:30,44.82,0.0,22,98604.0,бТел
3314,14:08:33,44.81,-0.00999999999999801,39,174787.0,бТел
3315,14:08:36,44.8,-0.010000000000005116,17,76174.0,бТел
3316,14:08:39,44.81,0.010000000000005116,37,165762.0,бРел
3317,14:08:42,44.82,0.00999999999999801,22,98593.0,бРел
3318,14:08:45,44.81,-0.00999999999999801,9,40329.0,бТел
3319,14:08:48,44.81,0.0,9,40329.0,бТел
3320,14:08:54,44.8,-0.010000000000005116,63,282268.0,бТел
3321,14:08:57,44.8,0.0,5,22400.0,бТел
3322,14:09:00,44.8,0.0,166,743691.0,бТел
3323,14:09:03,44.81,0.010000000000005116,13,58247.0,жпптел
3324,14:09:06,44.81,0.0,36,161307.0,бРел
3325,14:09:09,44.8,-0.010000000000005116,56,250887.0,бТел
3326,14:09:12,44.8,0.0,13,58240.0,бТел
3327,14:09:15,44.8,0.0,99,443520.0,бТел
3328,14:09:18,44.8,0.0,47,210559.0,бТел
3329,14:09:21,44.8,0.0,1,4480.0,бРел
3330,14:09:24,44.8,0.0,1,4480.0,бРел
3331,14:09:27,44.79,-0.00999999999999801,12,53758.0,бТел
3332,14:09:30,44.78,-0.00999999999999801,92,411992.0,бТел
3333,14:09:33,44.77,-0.00999999999999801,1,4477.0,бТел
3334,14:09:36,44.78,0.00999999999999801,16,71640.0,бРел
3335,14:09:42,44.78,0.0,60,268680.0,бРел
3336,14:09:45,44.78,0.0,2,8956.0,бТел
3337,14:09:48,44.79,0.00999999999999801,2,8958.0,бРел
3338,14:09:54,44.78,-0.00999999999999801,8,35830.0,бТел
3339,14:09:57,44.79,0.00999999999999801,15,67182.0,бРел
3340,14:10:00,44.79,0.0,52,232943.0,жпптел
3341,14:10:03,44.79,0.0,16,71664.0,бРел
3342,14:10:06,44.79,0.0,38,170198.0,бРел
3343,14:10:09,44.79,0.0,21,94052.0,бРел
3344,14:10:12,44.79,0.0,24,107495.0,бРел
3345,14:10:15,44.8,0.00999999999999801,34,152288.0,бРел
3346,14:10:18,44.79,-0.00999999999999801,7,31358.0,бТел
3347,14:10:21,44.81,0.020000000000003126,15,67210.0,бРел
3348,14:10:24,44.8,-0.010000000000005116,4,17923.0,бТел
3349,14:10:27,44.81,0.010000000000005116,13,58252.0,бРел
3350,14:10:30,44.81,0.0,8,35848.0,бРел
3351,14:10:33,44.81,0.0,19,85133.0,бРел
3352,14:10:36,44.8,-0.010000000000005116,3,13440.0,бТел
3353,14:10:39,44.81,0.010000000000005116,36,161316.0,бРел
3354,14:10:42,44.82,0.00999999999999801,14,62739.0,бРел
3355,14:10:45,44.81,-0.00999999999999801,11,49291.0,бТел
3356,14:10:51,44.82,0.00999999999999801,27,121013.0,бРел
3357,14:10:54,44.82,0.0,1,4482.0,бРел
3358,14:10:57,44.81,-0.00999999999999801,84,376412.0,бТел
3359,14:11:00,44.82,0.00999999999999801,9,40333.0,бРел
3360,14:11:03,44.81,-0.00999999999999801,1,4481.0,бТел
3361,14:11:09,44.82,0.00999999999999801,11,49302.0,бРел
3362,14:11:12,44.82,0.0,30,134459.0,бРел
3363,14:11:15,44.82,0.0,12,53782.0,бРел
3364,14:11:18,44.82,0.0,33,147905.0,бРел
3365,14:11:21,44.82,0.0,11,49302.0,бРел
3366,14:11:24,44.82,0.0,17,76179.0,бРел
3367,14:11:27,44.82,0.0,8,35856.0,бРел
3368,14:11:30,44.82,0.0,6,26892.0,бТел
3369,14:11:33,44.81,-0.00999999999999801,14,62738.0,бТел
3370,14:11:36,44.81,0.0,5,22406.0,бТел
3371,14:11:39,44.86,0.04999999999999716,20,89642.0,бРел
3372,14:11:42,44.88,0.020000000000003126,5,22436.0,бРел
3373,14:11:51,44.82,-0.060000000000002274,1,4482.0,бТел
3374,14:11:54,44.88,0.060000000000002274,21,94188.0,бРел
3375,14:11:57,44.89,0.00999999999999801,90,403990.0,бРел
3376,14:12:03,44.89,0.0,3,13467.0,бТел
3377,14:12:06,44.89,0.0,9,40401.0,бТел
3378,14:12:09,44.88,-0.00999999999999801,100,448899.0,бТел
3379,14:12:12,44.89,0.00999999999999801,15,67317.0,бРел
3380,14:12:15,44.86,-0.030000000000001137,9,40374.0,бТел
3381,14:12:18,44.86,0.0,3,13458.0,бРел
3382,14:12:24,44.86,0.0,2,8969.0,бРел
3383,14:12:30,44.86,0.0,2,8972.0,бТел
3384,14:12:33,44.86,0.0,18,80748.0,бТел
3385,14:12:36,44.85,-0.00999999999999801,7,31391.0,жпптел
3386,14:12:39,44.85,0.0,1,4485.0,бРел
3387,14:12:42,44.83,-0.020000000000003126,2,8967.0,бТел
3388,14:12:48,44.84,0.010000000000005116,2,8968.0,бРел
3389,14:12:51,44.83,-0.010000000000005116,9,40347.0,бТел
3390,14:12:57,44.83,0.0,2,8966.0,бТел
3391,14:13:00,44.83,0.0,8,35864.0,бТел
3392,14:13:03,44.84,0.010000000000005116,8,35871.0,бТел
3393,14:13:06,44.83,-0.010000000000005116,7,31387.0,бТел
3394,14:13:09,44.83,0.0,5,22414.0,бТел
3395,14:13:12,44.82,-0.00999999999999801,1,4482.0,бТел
3396,14:13:18,44.83,0.00999999999999801,56,250956.0,бРел
3397,14:13:21,44.83,0.0,8,35860.0,бРел
3398,14:13:27,44.82,-0.00999999999999801,5,22410.0,бРел
3399,14:13:30,44.82,0.0,3,13444.0,бРел
3400,14:13:33,44.82,0.0,1,4482.0,бРел
3401,14:13:36,44.8,-0.020000000000003126,2,8960.0,бТел
3402,14:13:39,44.82,0.020000000000003126,5,22410.0,бРел
3403,14:13:42,44.82,0.0,9,40334.0,бРел
3404,14:13:48,44.8,-0.020000000000003126,10,44812.0,бТел
3405,14:13:51,44.82,0.020000000000003126,1,4482.0,жпптел
3406,14:13:54,44.82,0.0,5,22411.0,бТел
3407,14:14:00,44.83,0.00999999999999801,10,44830.0,бРел
3408,14:14:03,44.82,-0.00999999999999801,1,4482.0,бТел
3409,14:14:06,44.82,0.0,3,13446.0,бТел
3410,14:14:09,44.82,0.0,4,17928.0,бТел
3411,14:14:12,44.83,0.00999999999999801,4,17930.0,бРел
3412,14:14:15,44.83,0.0,1,4483.0,бРел
3413,14:14:18,44.83,0.0,4,17932.0,бТел
3414,14:14:21,44.82,-0.00999999999999801,4,17929.0,бТел
3415,14:14:27,44.81,-0.00999999999999801,14,62756.0,бТел
3416,14:14:33,44.83,0.01999999999999602,2,8965.0,бРел
3417,14:14:36,44.84,0.010000000000005116,11,49324.0,бРел
3418,14:14:39,44.84,0.0,2,8968.0,бТел
3419,14:14:42,44.82,-0.020000000000003126,11,49322.0,бТел
3420,14:14:51,44.83,0.00999999999999801,82,367670.0,бТел
3421,14:14:54,44.84,0.010000000000005116,9,40351.0,бРел
3422,14:15:00,44.84,0.0,2,8968.0,бТел
3423,14:15:03,44.85,0.00999999999999801,8,35879.0,бРел
3424,14:15:06,44.85,0.0,2,8970.0,бРел
3425,14:15:09,44.84,-0.00999999999999801,11,49334.0,бТел
3426,14:15:12,44.84,0.0,27,121087.0,бТел
3427,14:15:15,44.85,0.00999999999999801,1,4485.0,жпптел
3428,14:15:18,44.83,-0.020000000000003126,11,49332.0,бТел
3429,14:15:24,44.84,0.010000000000005116,1,4484.0,бРел
3430,14:15:27,44.83,-0.010000000000005116,2,8966.0,бТел
3431,14:15:30,44.84,0.010000000000005116,2,8968.0,бРел
3432,14:15:33,44.84,0.0,1,4484.0,бРел
3433,14:15:36,44.84,0.0,18,80708.0,бРел
3434,14:15:39,44.85,0.00999999999999801,2,8969.0,бРел
3435,14:15:45,44.84,-0.00999999999999801,1,4484.0,бТел
3436,14:15:48,44.84,0.0,5,22420.0,бТел
3437,14:15:57,44.83,-0.010000000000005116,40,179358.0,бТел
3438,14:16:00,44.84,0.010000000000005116,4,17934.0,бРел
3439,14:16:06,44.83,-0.010000000000005116,14,62764.0,бТел
3440,14:16:09,44.84,0.010000000000005116,22,98645.0,бРел
3441,14:16:15,44.84,0.0,50,224199.0,бРел
3442,14:16:18,44.83,-0.010000000000005116,18,80710.0,бТел
3443,14:16:21,44.83,0.0,2,8966.0,бТел
3444,14:16:24,44.83,0.0,1,4483.0,бТел
3445,14:16:27,44.83,0.0,3,13449.0,бТел
3446,14:16:33,44.83,0.0,2,8966.0,бТел
3447,14:16:45,44.83,0.0,13,58278.0,бТел
3448,14:16:48,44.83,0.0,7,31381.0,бРел
3449,14:16:51,44.83,0.0,4,17932.0,бРел
3450,14:16:54,44.83,0.0,6,26897.0,бРел
3451,14:17:00,44.83,0.0,1,4483.0,бРел
3452,14:17:03,44.83,0.0,1,4483.0,бТел
3453,14:17:09,44.83,0.0,31,138973.0,бТел
3454,14:17:12,44.83,0.0,19,85176.0,бРел
3455,14:17:15,44.83,0.0,5,22415.0,бРел
3456,14:17:18,44.82,-0.00999999999999801,2,8964.0,бТел
3457,14:17:21,44.83,0.00999999999999801,5,22415.0,бРел
3458,14:17:24,44.82,-0.00999999999999801,1,4482.0,бТел
3459,14:17:27,44.83,0.00999999999999801,5,22412.0,бРел
3460,14:17:30,44.82,-0.00999999999999801,3,13446.0,бТел
3461,14:17:33,44.83,0.00999999999999801,6,26894.0,бРел
3462,14:17:36,44.83,0.0,3,13449.0,бРел
3463,14:17:42,44.82,-0.00999999999999801,8,35856.0,бТел
3464,14:17:45,44.81,-0.00999999999999801,2,8962.0,бТел
3465,14:17:48,44.82,0.00999999999999801,2,8964.0,бРел
3466,14:17:51,44.82,0.0,1,4482.0,бРел
3467,14:17:54,44.82,0.0,4,17928.0,бРел
3468,14:17:57,44.82,0.0,8,35853.0,бРел
3469,14:18:00,44.82,0.0,3,13446.0,бТел
3470,14:18:03,44.83,0.00999999999999801,23,103088.0,бРел
3471,14:18:06,44.82,-0.00999999999999801,1,4482.0,жпптел
3472,14:18:12,44.82,0.0,6,26893.0,бРел
3473,14:18:15,44.82,0.0,4,17928.0,бТел
3474,14:18:18,44.82,0.0,1,4482.0,бТел
3475,14:18:21,44.81,-0.00999999999999801,69,309235.0,бТел
3476,14:18:30,44.81,0.0,4,17927.0,бТел
3477,14:18:39,44.83,0.01999999999999602,30,134459.0,бРел
3478,14:18:42,44.82,-0.00999999999999801,8,35858.0,бТел
3479,14:18:45,44.82,0.0,14,62760.0,бТел
3480,14:18:51,44.83,0.00999999999999801,29,130007.0,бРел
3481,14:18:54,44.83,0.0,7,31381.0,бТел
3482,14:18:57,44.82,-0.00999999999999801,1,4482.0,бТел
3483,14:19:03,44.83,0.00999999999999801,2,8966.0,бРел
3484,14:19:06,44.83,0.0,9,40346.0,бРел
3485,14:19:09,44.83,0.0,9,40342.0,бРел
3486,14:19:12,44.82,-0.00999999999999801,2,8964.0,бТел
3487,14:19:15,44.83,0.00999999999999801,8,35863.0,бРел
3488,14:19:18,44.82,-0.00999999999999801,6,26893.0,бТел
3489,14:19:21,44.83,0.00999999999999801,9,40346.0,бРел
3490,14:19:24,44.82,-0.00999999999999801,1,4482.0,бТел
3491,14:19:27,44.82,0.0,3,13448.0,бТел
3492,14:19:33,44.82,0.0,2,8964.0,бТел
3493,14:19:39,44.83,0.00999999999999801,10,44830.0,бРел
3494,14:19:42,44.83,0.0,2,8965.0,бРел
3495,14:19:45,44.82,-0.00999999999999801,17,76198.0,бТел
3496,14:19:48,44.82,0.0,2,8964.0,бТел
3497,14:19:51,44.83,0.00999999999999801,7,31379.0,бРел
3498,14:19:54,44.83,0.0,2,8966.0,бРел
3499,14:19:57,44.83,0.0,8,35864.0,бРел
3500,14:20:00,44.83,0.0,36,161387.0,бРел
3501,14:20:03,44.82,-0.00999999999999801,22,98623.0,бТел
3502,14:20:06,44.83,0.00999999999999801,34,152418.0,бРел
3503,14:20:09,44.82,-0.00999999999999801,7,31377.0,бТел
3504,14:20:12,44.83,0.00999999999999801,17,76211.0,бРел
3505,14:20:15,44.83,0.0,5,22417.0,бТел
3506,14:20:18,44.83,0.0,8,35864.0,бТел
3507,14:20:24,44.84,0.010000000000005116,7,31386.0,бРел
3508,14:20:27,44.83,-0.010000000000005116,6,26898.0,бТел
3509,14:20:30,44.83,0.0,12,53797.0,бТел
3510,14:20:33,44.84,0.010000000000005116,3,13451.0,бРел
3511,14:20:39,44.83,-0.010000000000005116,4,17934.0,бТел
3512,14:20:42,44.82,-0.00999999999999801,38,170351.0,бТел
3513,14:20:45,44.82,0.0,56,250992.0,бТел
3514,14:20:48,44.81,-0.00999999999999801,54,242024.0,бТел
3515,14:20:51,44.81,0.0,64,286790.0,бТел
3516,14:20:54,44.82,0.00999999999999801,57,255417.0,бРел
3517,14:20:57,44.81,-0.00999999999999801,3,13443.0,бРел
3518,14:21:00,44.8,-0.010000000000005116,63,282240.0,бТел
3519,14:21:03,44.8,0.0,9,40320.0,бТел
3520,14:21:06,44.79,-0.00999999999999801,14,62719.0,бТел
3521,14:21:12,44.8,0.00999999999999801,4,17919.0,бРел
3522,14:21:15,44.79,-0.00999999999999801,5,22395.0,бТел
3523,14:21:18,44.8,0.00999999999999801,7,31354.0,бРел
3524,14:21:21,44.79,-0.00999999999999801,2,8958.0,бТел
3525,14:21:24,44.79,0.0,10,44790.0,бТел
3526,14:21:27,44.8,0.00999999999999801,43,192610.0,бРел
3527,14:21:30,44.8,0.0,60,268797.0,бРел
3528,14:21:36,44.82,0.020000000000003126,92,412337.0,бРел
3529,14:21:39,44.82,0.0,43,192727.0,бТел
3530,14:21:42,44.83,0.00999999999999801,1,4483.0,бРел
3531,14:21:48,44.82,-0.00999999999999801,7,31373.0,жпптел
3532,14:21:54,44.81,-0.00999999999999801,22,98582.0,бТел
3533,14:21:57,44.81,0.0,4,17923.0,жпптел
3534,14:22:00,44.82,0.00999999999999801,1,4482.0,бРел
3535,14:22:03,44.82,0.0,7,31372.0,бРел
3536,14:22:06,44.82,0.0,1,4482.0,бРел
3537,14:22:09,44.82,0.0,7,31374.0,бРел
3538,14:22:12,44.81,-0.00999999999999801,3,13443.0,бТел
3539,14:22:15,44.81,0.0,1,4481.0,бТел
3540,14:22:18,44.81,0.0,4,17924.0,бТел
3541,14:22:21,44.81,0.0,3,13443.0,бТел
3542,14:22:24,44.81,0.0,4,17924.0,бТел
3543,14:22:27,44.81,0.0,19,85140.0,бТел
3544,14:22:30,44.81,0.0,1,4481.0,бРел
3545,14:22:36,44.8,-0.010000000000005116,4,17921.0,бТел
3546,14:22:39,44.8,0.0,35,156820.0,бТел
3547,14:22:42,44.81,0.010000000000005116,7,31367.0,бРел
3548,14:22:45,44.81,0.0,14,62731.0,бРел
3549,14:22:48,44.8,-0.010000000000005116,6,26885.0,бТел
3550,14:22:51,44.8,0.0,3,13442.0,бТел
3551,14:22:54,44.81,0.010000000000005116,1,4481.0,бТел
3552,14:23:00,44.81,0.0,9,40329.0,бТел
3553,14:23:03,44.82,0.00999999999999801,4,17926.0,бРел
3554,14:23:06,44.82,0.0,13,58266.0,бРел
3555,14:23:09,44.82,0.0,29,129978.0,бТел
3556,14:23:12,44.82,0.0,1,4482.0,бТел
3557,14:23:18,44.82,0.0,9,40340.0,бТел
3558,14:23:21,44.83,0.00999999999999801,3,13448.0,бРел
3559,14:23:27,44.82,-0.00999999999999801,4,17929.0,бТел
3560,14:23:33,44.82,0.0,6,26897.0,бТел
3561,14:23:36,44.83,0.00999999999999801,15,67245.0,бРел
3562,14:23:42,44.83,0.0,12,53796.0,бТел
3563,14:23:45,44.84,0.010000000000005116,5,22420.0,бРел
3564,14:23:48,44.83,-0.010000000000005116,9,40352.0,бТел
3565,14:23:51,44.84,0.010000000000005116,13,58304.0,жпптел
3566,14:23:57,44.84,0.0,4,17935.0,бРел
3567,14:24:00,44.85,0.00999999999999801,24,107632.0,бРел
3568,14:24:03,44.83,-0.020000000000003126,14,62768.0,бТел
3569,14:24:06,44.85,0.020000000000003126,3,13455.0,бРел
3570,14:24:09,44.84,-0.00999999999999801,2,8968.0,бТел
3571,14:24:12,44.83,-0.010000000000005116,5,22423.0,бТел
3572,14:24:15,44.85,0.020000000000003126,10,44850.0,бТел
3573,14:24:18,44.85,0.0,11,49340.0,бТел
3574,14:24:21,44.85,0.0,11,49344.0,бТел
3575,14:24:24,44.86,0.00999999999999801,10,44856.0,бРел
3576,14:24:30,44.87,0.00999999999999801,4,17948.0,жпптел
3577,14:24:33,44.87,0.0,1,4487.0,бТел
3578,14:24:36,44.88,0.010000000000005116,34,152579.0,бРел
3579,14:24:39,44.88,0.0,35,157077.0,бРел
3580,14:24:42,44.87,-0.010000000000005116,4,17951.0,бТел
3581,14:24:45,44.88,0.010000000000005116,1,4488.0,жпптел
3582,14:24:48,44.89,0.00999999999999801,5,22445.0,бРел
3583,14:24:51,44.89,0.0,2,8978.0,бТел
3584,14:24:54,44.9,0.00999999999999801,4,17958.0,бРел
3585,14:24:57,44.9,0.0,55,246948.0,бРел
3586,14:25:00,44.9,0.0,14,62860.0,бРел
3587,14:25:03,44.9,0.0,4,17963.0,бТел
3588,14:25:06,44.9,0.0,21,94290.0,бТел
3589,14:25:09,44.9,0.0,1,4490.0,бТел
3590,14:25:12,44.9,0.0,7,31430.0,бТел
3591,14:25:15,44.92,0.020000000000003126,17,76352.0,бРел
3592,14:25:18,44.9,-0.020000000000003126,4,17960.0,бТел
3593,14:25:21,44.89,-0.00999999999999801,22,98779.0,бТел
3594,14:25:24,44.89,0.0,20,89780.0,бТел
3595,14:25:30,44.89,0.0,17,76313.0,бТел
3596,14:25:33,44.89,0.0,25,112220.0,бТел
3597,14:25:36,44.88,-0.00999999999999801,1,4488.0,бТел
3598,14:25:39,44.88,0.0,6,26928.0,бТел
3599,14:25:42,44.89,0.00999999999999801,7,31423.0,бРел
3600,14:25:45,44.88,-0.00999999999999801,6,26928.0,бТел
3601,14:25:48,44.88,0.0,17,76296.0,бТел
3602,14:25:51,44.88,0.0,8,35904.0,бТел
3603,14:25:54,44.86,-0.020000000000003126,4,17953.0,бТел
3604,14:25:57,44.86,0.0,4,17948.0,бТел
3605,14:26:00,44.89,0.030000000000001137,3,13467.0,бРел
3606,14:26:03,44.89,0.0,6,26922.0,бРел
3607,14:26:06,44.85,-0.03999999999999915,2,8971.0,бТел
3608,14:26:09,44.85,0.0,1,4485.0,бТел
3609,14:26:18,44.85,0.0,8,35880.0,бТел
3610,14:26:21,44.85,0.0,1,4485.0,бТел
3611,14:26:27,44.85,0.0,11,49335.0,бТел
3612,14:26:30,44.85,0.0,1,4485.0,бТел
3613,14:26:33,44.86,0.00999999999999801,7,31397.0,бРел
3614,14:26:36,44.85,-0.00999999999999801,3,13455.0,бТел
3615,14:26:39,44.86,0.00999999999999801,1,4486.0,бРел
3616,14:26:42,44.85,-0.00999999999999801,1,4485.0,бТел
3617,14:26:45,44.85,0.0,17,76245.0,бТел
3618,14:26:48,44.84,-0.00999999999999801,1,4484.0,бТел
3619,14:26:51,44.85,0.00999999999999801,3,13455.0,бРел
3620,14:26:54,44.85,0.0,13,58305.0,бРел
3621,14:26:57,44.84,-0.00999999999999801,4,17939.0,бТел
3622,14:27:00,44.84,0.0,2,8969.0,бТел
3623,14:27:03,44.84,0.0,1,4484.0,жпптел
3624,14:27:06,44.85,0.00999999999999801,36,161460.0,бРел
3625,14:27:09,44.85,0.0,7,31395.0,бТел
3626,14:27:12,44.86,0.00999999999999801,2,8972.0,бРел
3627,14:27:15,44.85,-0.00999999999999801,2,8970.0,бТел
3628,14:27:18,44.86,0.00999999999999801,4,17944.0,бРел
3629,14:27:21,44.85,-0.00999999999999801,1,4485.0,бТел
3630,14:27:27,44.86,0.00999999999999801,4,17944.0,бРел
3631,14:27:30,44.86,0.0,4,17946.0,бТел
3632,14:27:33,44.87,0.00999999999999801,11,49354.0,бРел
3633,14:27:36,44.88,0.010000000000005116,9,40390.0,бРел
3634,14:27:45,44.87,-0.010000000000005116,8,35896.0,бТел
3635,14:27:48,44.87,0.0,5,22437.0,бТел
3636,14:27:51,44.87,0.0,2,8974.0,бТел
3637,14:27:57,44.88,0.010000000000005116,6,26927.0,бРел
3638,14:28:00,44.86,-0.020000000000003126,20,89732.0,бТел
3639,14:28:03,44.88,0.020000000000003126,4,17946.0,бРел
3640,14:28:06,44.88,0.0,2,8976.0,бРел
3641,14:28:09,44.86,-0.020000000000003126,15,67297.0,бТел
3642,14:28:12,44.87,0.00999999999999801,8,35896.0,бРел
3643,14:28:15,44.86,-0.00999999999999801,11,49358.0,бТел
3644,14:28:18,44.88,0.020000000000003126,3,13462.0,бРел
3645,14:28:24,44.85,-0.030000000000001137,20,89710.0,бТел
3646,14:28:27,44.85,0.0,6,26921.0,бТел
3647,14:28:30,44.88,0.030000000000001137,5,22429.0,бРел
3648,14:28:33,44.86,-0.020000000000003126,4,17944.0,бТел
3649,14:28:36,44.86,0.0,2,8972.0,бТел
3650,14:28:39,44.87,0.00999999999999801,3,13461.0,бРел
3651,14:28:42,44.86,-0.00999999999999801,2,8972.0,бТел
3652,14:28:48,44.87,0.00999999999999801,3,13460.0,бРел
3653,14:28:51,44.86,-0.00999999999999801,3,13458.0,бТел
3654,14:28:57,44.87,0.00999999999999801,20,89740.0,бРел
3655,14:29:00,44.86,-0.00999999999999801,5,22432.0,бТел
3656,14:29:03,44.87,0.00999999999999801,1,4487.0,бРел
3657,14:29:06,44.87,0.0,11,49357.0,бРел
3658,14:29:09,44.87,0.0,20,89740.0,бРел
3659,14:29:15,44.86,-0.00999999999999801,7,31404.0,бТел
3660,14:29:21,44.87,0.00999999999999801,32,143563.0,бРел
3661,14:29:24,44.87,0.0,16,71791.0,бРел
3662,14:29:30,44.87,0.0,15,67301.0,бРел
3663,14:29:33,44.87,0.0,9,40383.0,бТел
3664,14:29:36,44.87,0.0,1,4487.0,бТел
3665,14:29:39,44.88,0.010000000000005116,3,13463.0,бРел
3666,14:29:42,44.87,-0.010000000000005116,3,13462.0,бТел
3667,14:29:45,44.87,0.0,2,8974.0,бТел
3668,14:29:48,44.87,0.0,17,76286.0,бТел
3669,14:29:51,44.88,0.010000000000005116,31,139127.0,бРел
3670,14:29:54,44.87,-0.010000000000005116,1,4487.0,бТел
3671,14:29:57,44.87,0.0,25,112176.0,бТел
3672,14:30:03,44.87,0.0,6,26921.0,бРел
3673,14:30:12,44.86,-0.00999999999999801,17,76275.0,бТел
3674,14:30:18,44.87,0.00999999999999801,68,305064.0,бРел
3675,14:30:21,44.85,-0.01999999999999602,38,170440.0,бТел
3676,14:30:24,44.85,0.0,6,26909.0,бТел
3677,14:30:27,44.84,-0.00999999999999801,22,98649.0,бТел
3678,14:30:30,44.84,0.0,2,8969.0,бТел
3679,14:30:33,44.84,0.0,13,58286.0,бРел
3680,14:30:36,44.85,0.00999999999999801,4,17939.0,бРел
3681,14:30:39,44.83,-0.020000000000003126,1,4483.0,бТел
3682,14:30:42,44.84,0.010000000000005116,1,4484.0,бРел
3683,14:30:48,44.84,0.0,7,31383.0,бРел
3684,14:30:51,44.83,-0.010000000000005116,53,237602.0,бТел
3685,14:30:54,44.83,0.0,6,26898.0,бРел
3686,14:30:57,44.82,-0.00999999999999801,13,58266.0,бТел
3687,14:31:00,44.83,0.00999999999999801,22,98605.0,бРел
3688,14:31:03,44.82,-0.00999999999999801,1,4482.0,бТел
3689,14:31:06,44.83,0.00999999999999801,6,26893.0,бРел
3690,14:31:09,44.83,0.0,11,49310.0,бРел
3691,14:31:15,44.83,0.0,4,17929.0,бРел
3692,14:31:18,44.81,-0.01999999999999602,3,13443.0,бТел
3693,14:31:21,44.81,0.0,7,31371.0,бТел
3694,14:31:24,44.82,0.00999999999999801,11,49300.0,бРел
3695,14:31:27,44.82,0.0,17,76178.0,бРел
3696,14:31:30,44.81,-0.00999999999999801,3,13444.0,бТел
3697,14:31:33,44.81,0.0,1,4481.0,бТел
3698,14:31:36,44.81,0.0,26,116506.0,бТел
3699,14:31:39,44.81,0.0,4,17924.0,бТел
3700,14:31:42,44.81,0.0,3,13441.0,бРел
3701,14:31:45,44.81,0.0,5,22403.0,бРел
3702,14:31:48,44.8,-0.010000000000005116,27,120969.0,бТел
3703,14:31:51,44.8,0.0,33,147840.0,бТел
3704,14:31:54,44.8,0.0,60,268800.0,бТел
3705,14:31:57,44.8,0.0,1,4480.0,бТел
3706,14:32:00,44.8,0.0,1,4480.0,бТел
3707,14:32:03,44.81,0.010000000000005116,2,8961.0,бРел
3708,14:32:06,44.8,-0.010000000000005116,2,8960.0,бТел
3709,14:32:09,44.8,0.0,43,192640.0,бТел
3710,14:32:15,44.79,-0.00999999999999801,48,214994.0,бТел
3711,14:32:18,44.79,0.0,4,17916.0,бТел
3712,14:32:21,44.79,0.0,2,8958.0,бТел
3713,14:32:24,44.79,0.0,2,8959.0,бТел
3714,14:32:27,44.79,0.0,1,4479.0,бТел
3715,14:32:30,44.79,0.0,1,4479.0,бТел
3716,14:32:33,44.8,0.00999999999999801,3,13440.0,бРел
3717,14:32:36,44.8,0.0,5,22397.0,бРел
3718,14:32:39,44.79,-0.00999999999999801,11,49269.0,бТел
3719,14:32:42,44.79,0.0,3,13436.0,бРел
3720,14:32:45,44.79,0.0,7,31353.0,бРел
3721,14:32:48,44.79,0.0,24,107494.0,бРел
3722,14:32:51,44.79,0.0,16,71663.0,бРел
3723,14:32:54,44.79,0.0,2,8958.0,бТел
3724,14:32:57,44.79,0.0,62,277758.0,бТел
3725,14:33:00,44.79,0.0,37,165771.49000000954,бТел
3726,14:33:03,44.79,0.0,2,8958.0,бТел
3727,14:33:12,44.79,0.0,2,8958.0,бТел
3728,14:33:15,44.8,0.00999999999999801,12,53754.0,жпптел
3729,14:33:18,44.79,-0.00999999999999801,7,31354.0,бТел
3730,14:33:21,44.8,0.00999999999999801,9,40320.0,бРел
3731,14:33:24,44.8,0.0,4,17920.0,бТел
3732,14:33:27,44.8,0.0,3,13440.0,бТел
3733,14:33:30,44.8,0.0,3,13440.0,бТел
3734,14:33:33,44.8,0.0,4,17920.0,бТел
3735,14:33:36,44.8,0.0,4,17921.0,бТел
3736,14:33:39,44.81,0.010000000000005116,2,8962.0,бРел
3737,14:33:42,44.81,0.0,1,4481.0,бРел
3738,14:33:45,44.81,0.0,23,103063.0,бРел
3739,14:33:48,44.81,0.0,9,40323.0,бРел
3740,14:33:51,44.8,-0.010000000000005116,20,89605.0,бТел
3741,14:33:54,44.81,0.010000000000005116,1,4481.0,бРел
3742,14:33:57,44.81,0.0,23,105347.30999994278,бРел
3743,14:34:00,44.81,0.0,3,13443.0,бТел
3744,14:34:03,44.82,0.00999999999999801,31,138941.0,бРел
3745,14:34:09,44.83,0.00999999999999801,6,26890.0,бРел
3746,14:34:15,44.82,-0.00999999999999801,22,98598.0,бТел
3747,14:34:18,44.83,0.00999999999999801,12,53795.0,бРел
3748,14:34:21,44.82,-0.00999999999999801,1,4482.0,бТел
3749,14:34:24,44.83,0.00999999999999801,10,44830.0,бРел
3750,14:34:27,44.83,0.0,7,31376.0,бТел
3751,14:34:30,44.82,-0.00999999999999801,1,4482.0,бТел
3752,14:34:33,44.82,0.0,2,8965.0,бТел
3753,14:34:36,44.84,0.020000000000003126,8,35870.0,бРел
3754,14:34:39,44.84,0.0,3,13452.0,бТел
3755,14:34:42,44.85,0.00999999999999801,4,17937.0,бРел
3756,14:34:45,44.85,0.0,16,71760.0,бРел
3757,14:34:51,44.86,0.00999999999999801,1,4486.0,бРел
3758,14:34:54,44.85,-0.00999999999999801,1,4485.0,бТел
3759,14:35:00,44.86,0.00999999999999801,12,53831.0,бРел
3760,14:35:03,44.85,-0.00999999999999801,10,44859.0,бТел
3761,14:35:09,44.86,0.00999999999999801,3,13460.0,жпптел
3762,14:35:12,44.86,0.0,4,17946.0,бТел
3763,14:35:15,44.86,0.0,1,4486.0,бТел
3764,14:35:18,44.86,0.0,7,31402.0,бТел
3765,14:35:21,44.86,0.0,3,13458.0,бТел
3766,14:35:24,44.86,0.0,11,49346.0,бТел
3767,14:35:27,44.86,0.0,7,31402.0,бТел
3768,14:35:30,44.86,0.0,23,103177.0,бТел
3769,14:35:33,44.85,-0.00999999999999801,2,8970.0,бТел
3770,14:35:36,44.85,0.0,51,228776.0,бТел
3771,14:35:39,44.86,0.00999999999999801,1,4486.0,бРел
3772,14:35:42,44.85,-0.00999999999999801,41,183895.0,бТел
3773,14:35:45,44.85,0.0,4,17940.0,бТел
3774,14:35:48,44.85,0.0,9,40367.0,бТел
3775,14:35:51,44.85,0.0,29,130089.0,бТел
3776,14:35:54,44.85,0.0,2,8970.0,бТел
3777,14:35:57,44.85,0.0,13,58305.0,бТел
3778,14:36:00,44.85,0.0,72,322987.0,бТел
3779,14:36:09,44.84,-0.00999999999999801,28,125567.0,бТел
3780,14:36:12,44.83,-0.010000000000005116,10,44835.0,бТел
3781,14:36:15,44.85,0.020000000000003126,6,26905.0,бРел
3782,14:36:21,44.84,-0.00999999999999801,5,22420.0,бТел
3783,14:36:24,44.85,0.00999999999999801,17,76239.0,бРел
3784,14:36:30,44.84,-0.00999999999999801,2,8968.0,бРел
3785,14:36:33,44.84,0.0,16,71734.0,бРел
3786,14:36:39,44.84,0.0,13,58292.0,бТел
3787,14:36:42,44.84,0.0,14,62776.0,бТел
3788,14:36:45,44.84,0.0,1,4484.0,бТел
3789,14:36:48,44.85,0.00999999999999801,13,58296.0,бРел
3790,14:36:51,44.84,-0.00999999999999801,15,67260.0,бТел
3791,14:36:54,44.85,0.00999999999999801,9,40364.0,бРел
3792,14:36:57,44.85,0.0,5,22424.0,бРел
3793,14:37:00,44.84,-0.00999999999999801,21,94164.0,бТел
3794,14:37:06,44.84,0.0,30,134520.0,бТел
3795,14:37:09,44.85,0.00999999999999801,26,116596.0,бРел
3796,14:37:12,44.84,-0.00999999999999801,3,13452.0,бТел
3797,14:37:18,44.84,0.0,10,44842.0,бТел
3798,14:37:21,44.84,0.0,33,147944.0,бРел
3799,14:37:24,44.84,0.0,5,22420.0,бРел
3800,14:37:27,44.83,-0.010000000000005116,1,4483.0,бТел
3801,14:37:30,44.83,0.0,6,26899.0,бТел
3802,14:37:33,44.84,0.010000000000005116,4,17936.0,бРел
3803,14:37:36,44.84,0.0,3,13452.0,бРел
3804,14:37:39,44.82,-0.020000000000003126,19,85158.0,бТел
3805,14:37:42,44.82,0.0,1,4482.0,бТел
3806,14:37:45,44.83,0.00999999999999801,5,22411.0,бРел
3807,14:37:48,44.82,-0.00999999999999801,5,22412.0,бТел
3808,14:37:51,44.82,0.0,11,49302.0,бТел
3809,14:37:54,44.82,0.0,38,170336.0,бТел
3810,14:37:57,44.81,-0.00999999999999801,6,26891.0,бТел
3811,14:38:03,44.83,0.01999999999999602,74,331610.0,бРел
3812,14:38:06,44.81,-0.01999999999999602,44,197216.0,бТел
3813,14:38:09,44.81,0.0,9,40329.0,бРел
3814,14:38:12,44.8,-0.010000000000005116,7,31361.0,бТел
3815,14:38:18,44.81,0.010000000000005116,75,336020.0,бРел
3816,14:38:21,44.8,-0.010000000000005116,34,152333.0,бТел
3817,14:38:24,44.8,0.0,31,138880.0,бТел
3818,14:38:27,44.79,-0.00999999999999801,6,26874.0,бТел
3819,14:38:30,44.8,0.00999999999999801,7,31359.0,бРел
3820,14:38:36,44.8,0.0,21,94061.0,бРел
3821,14:38:39,44.8,0.0,85,380663.0,бРел
3822,14:38:42,44.78,-0.01999999999999602,10,44780.0,бТел
3823,14:38:45,44.78,0.0,62,277671.0,бТел
3824,14:38:48,44.78,0.0,35,156737.0,бТел
3825,14:38:51,44.8,0.01999999999999602,23,102999.0,бРел
3826,14:38:54,44.78,-0.01999999999999602,5,22390.0,бТел
3827,14:39:03,44.78,0.0,9,40302.0,бТел
3828,14:39:06,44.79,0.00999999999999801,57,255217.0,жпптел
3829,14:39:09,44.79,0.0,1,4479.0,бТел
3830,14:39:12,44.78,-0.00999999999999801,4,17912.0,бТел
3831,14:39:15,44.78,0.0,4,17913.0,бТел
3832,14:39:18,44.79,0.00999999999999801,1,4479.0,бРел
3833,14:39:21,44.79,0.0,12,53748.0,бРел
3834,14:39:24,44.79,0.0,15,67171.0,бРел
3835,14:39:27,44.78,-0.00999999999999801,4,17912.0,бТел
3836,14:39:30,44.78,0.0,13,58214.0,бТел
3837,14:39:33,44.78,0.0,32,143327.0,бТел
3838,14:39:36,44.78,0.0,9,40302.0,бТел
3839,14:39:39,44.78,0.0,10,44780.0,бТел
3840,14:39:42,44.78,0.0,3,13435.0,бТел
3841,14:39:45,44.79,0.00999999999999801,23,102997.0,бРел
3842,14:39:51,44.78,-0.00999999999999801,4,17912.0,бТел
3843,14:39:54,44.79,0.00999999999999801,7,31347.0,бРел
3844,14:40:00,44.79,0.0,3,13435.0,бРел
3845,14:40:03,44.78,-0.00999999999999801,33,147774.0,бТел
3846,14:40:06,44.79,0.00999999999999801,25,111961.0,бРел
3847,14:40:09,44.78,-0.00999999999999801,16,71647.0,бТел
3848,14:40:12,44.78,0.0,15,67173.0,бТел
3849,14:40:15,44.77,-0.00999999999999801,5,22385.0,бТел
3850,14:40:18,44.77,0.0,1,4477.0,бТел
3851,14:40:21,44.76,-0.010000000000005116,62,277558.0,бТел
3852,14:40:24,44.78,0.020000000000003126,21,94037.0,бРел
3853,14:40:27,44.77,-0.00999999999999801,2,8954.0,бТел
3854,14:40:30,44.78,0.00999999999999801,20,89550.0,бРел
3855,14:40:33,44.76,-0.020000000000003126,67,301682.40000009537,бТел
3856,14:40:36,44.76,0.0,1,4476.0,бТел
3857,14:40:39,44.76,0.0,10,44765.0,бТел
3858,14:40:42,44.78,0.020000000000003126,36,161182.0,бРел
3859,14:40:45,44.77,-0.00999999999999801,2,8954.0,бТел
3860,14:40:48,44.77,0.0,2,8955.0,бТел
3861,14:40:51,44.76,-0.010000000000005116,5,22381.0,бТел
3862,14:40:54,44.76,0.0,33,150397.59999990463,бТел
3863,14:41:03,44.77,0.010000000000005116,31,140571.40000009537,бРел
3864,14:41:06,44.76,-0.010000000000005116,23,105633.59999990463,бТел
3865,14:41:09,44.76,0.0,10,44758.0,бРел
3866,14:41:12,44.76,0.0,52,234525.40000009537,бРел
3867,14:41:15,44.75,-0.00999999999999801,57,255112.59999990463,бТел
3868,14:41:18,44.75,0.0,4,17900.0,бТел
3869,14:41:21,44.75,0.0,10,44757.0,бТел
3870,14:41:27,44.75,0.0,23,102955.0,бТел
3871,14:41:30,44.77,0.020000000000003126,7,31334.0,бРел
3872,14:41:33,44.76,-0.010000000000005116,8,35804.0,бРел
3873,14:41:42,44.75,-0.00999999999999801,52,235396.0,бТел
3874,14:41:45,44.75,0.0,6,26850.0,бРел
3875,14:41:48,44.76,0.00999999999999801,11,49226.60000002384,бРел
3876,14:41:51,44.76,0.0,2,8952.0,бРел
3877,14:42:00,44.75,-0.00999999999999801,38,170050.0,бРел
3878,14:42:03,44.75,0.0,18,80553.0,бТел
3879,14:42:06,44.76,0.00999999999999801,3,13427.0,бРел
3880,14:42:09,44.75,-0.00999999999999801,14,62651.0,бТел
3881,14:42:12,44.74,-0.00999999999999801,55,246114.0,бТел
3882,14:42:15,44.75,0.00999999999999801,14,62660.0,жпптел
3883,14:42:18,44.75,0.0,6,26853.0,бТел
3884,14:42:21,44.74,-0.00999999999999801,23,102905.0,бТел
3885,14:42:24,44.76,0.01999999999999602,16,71608.0,бРел
3886,14:42:27,44.74,-0.01999999999999602,11,49219.0,бТел
3887,14:42:30,44.75,0.00999999999999801,6,26850.0,жпптел
3888,14:42:33,44.74,-0.00999999999999801,13,58162.0,бТел
3889,14:42:36,44.75,0.00999999999999801,9,40267.0,бРел
3890,14:42:39,44.75,0.0,2,8949.0,бРел
3891,14:42:42,44.75,0.0,3,13425.0,бРел
3892,14:42:45,44.75,0.0,16,72841.72000002861,бРел
3893,14:42:48,44.75,0.0,10,44748.0,бРел
3894,14:42:51,44.75,0.0,51,228213.0,бРел
3895,14:42:57,44.75,0.0,10,44745.0,бРел
3896,14:43:00,44.75,0.0,42,187932.0,бРел
3897,14:43:03,44.75,0.0,12,53702.0,бТел
3898,14:43:09,44.76,0.00999999999999801,6,26856.0,бРел
3899,14:43:12,44.76,0.0,56,250650.0,бРел
3900,14:43:15,44.76,0.0,45,201418.0,бРел
3901,14:43:18,44.76,0.0,25,111899.0,бРел
3902,14:43:21,44.76,0.0,33,149497.39999997616,бРел
3903,14:43:24,44.76,0.0,29,129821.0,бТел
3904,14:43:27,44.76,0.0,45,201438.0,бТел
3905,14:43:30,44.77,0.010000000000005116,17,76108.0,бРел
3906,14:43:33,44.76,-0.010000000000005116,64,286530.0,бТел
3907,14:43:36,44.78,0.020000000000003126,2,8954.0,бРел
3908,14:43:39,44.77,-0.00999999999999801,3,13431.0,бТел
3909,14:43:42,44.77,0.0,13,58212.0,бТел
3910,14:43:45,44.77,0.0,40,179123.0,бТел
3911,14:43:48,44.78,0.00999999999999801,2,8955.0,жпптел
3912,14:43:51,44.77,-0.00999999999999801,48,214914.0,бТел
3913,14:43:57,44.79,0.01999999999999602,31,138849.0,бРел
3914,14:44:00,44.8,0.00999999999999801,26,116461.0,бРел
3915,14:44:03,44.78,-0.01999999999999602,61,273271.0,бТел
3916,14:44:06,44.8,0.01999999999999602,105,470400.0,бРел
3917,14:44:09,44.79,-0.00999999999999801,15,67189.0,бТел
3918,14:44:12,44.8,0.00999999999999801,33,147830.0,бРел
3919,14:44:15,44.8,0.0,49,219558.0,бТел
3920,14:44:18,44.8,0.0,5,22400.0,бТел
3921,14:44:21,44.81,0.010000000000005116,44,197154.0,бРел
3922,14:44:24,44.8,-0.010000000000005116,15,67213.0,бТел
3923,14:44:30,44.82,0.020000000000003126,22,98604.0,бРел
3924,14:44:33,44.85,0.030000000000001137,24,107621.0,бРел
3925,14:44:36,44.83,-0.020000000000003126,22,98648.0,бТел
3926,14:44:39,44.85,0.020000000000003126,11,49333.0,бРел
3927,14:44:42,44.84,-0.00999999999999801,12,53815.0,бРел
3928,14:44:45,44.85,0.00999999999999801,4,17937.0,бРел
3929,14:44:48,44.85,0.0,16,71756.0,бРел
3930,14:44:54,44.84,-0.00999999999999801,3,13452.0,жпптел
3931,14:44:57,44.85,0.00999999999999801,64,287037.0,бРел
3932,14:45:00,44.84,-0.00999999999999801,73,327395.0,бТел
3933,14:45:03,44.86,0.01999999999999602,65,291507.0,бРел
3934,14:45:06,44.87,0.00999999999999801,55,246758.0,бРел
3935,14:45:09,44.87,0.0,6,26922.0,бТел
3936,14:45:12,44.87,0.0,6,26925.0,бТел
3937,14:45:15,44.88,0.010000000000005116,3,13464.0,бРел
3938,14:45:18,44.88,0.0,10,44871.0,бРел
3939,14:45:21,44.88,0.0,6,26928.0,бРел
3940,14:45:24,44.88,0.0,20,89755.0,бРел
3941,14:45:27,44.88,0.0,13,58344.0,бРел
3942,14:45:30,44.88,0.0,2,8977.0,бТел
3943,14:45:33,44.88,0.0,1,4488.0,бТел
3944,14:45:36,44.89,0.00999999999999801,11,49378.0,бРел
3945,14:45:39,44.89,0.0,9,40396.0,бРел
3946,14:45:42,44.89,0.0,25,112225.0,бРел
3947,14:45:45,44.88,-0.00999999999999801,27,121187.0,бТел
3948,14:45:48,44.89,0.00999999999999801,16,71824.0,бРел
3949,14:45:54,44.88,-0.00999999999999801,4,17953.0,бТел
3950,14:45:57,44.89,0.00999999999999801,13,58364.0,бРел
3951,14:46:00,44.88,-0.00999999999999801,29,130171.0,бТел
3952,14:46:03,44.88,0.0,12,53856.0,бТел
3953,14:46:06,44.88,0.0,25,112201.0,бТел
3954,14:46:09,44.88,0.0,31,139146.0,бТел
3955,14:46:12,44.89,0.00999999999999801,37,166081.0,бРел
3956,14:46:15,44.89,0.0,1,4489.0,бТел
3957,14:46:18,44.89,0.0,5,22445.0,бТел
3958,14:46:21,44.89,0.0,7,31423.0,бТел
3959,14:46:24,44.9,0.00999999999999801,7,31427.0,бРел
3960,14:46:27,44.89,-0.00999999999999801,12,53869.0,бТел
3961,14:46:30,44.9,0.00999999999999801,12,53880.0,бРел
3962,14:46:33,44.9,0.0,23,103267.0,бРел
3963,14:46:39,44.9,0.0,36,161612.0,бРел
3964,14:46:42,44.9,0.0,2,8979.0,бРел
3965,14:46:45,44.9,0.0,17,76328.0,бРел
3966,14:46:48,44.9,0.0,10,44895.0,бРел
3967,14:46:54,44.9,0.0,11,49390.0,бТел
3968,14:46:57,44.9,0.0,1,4490.0,бТел
3969,14:47:00,44.9,0.0,19,85326.0,бТел
3970,14:47:03,44.91,0.00999999999999801,39,175148.0,бРел
3971,14:47:06,44.91,0.0,2,8982.0,бТел
3972,14:47:09,44.92,0.010000000000005116,13,58384.0,бРел
3973,14:47:12,44.92,0.0,15,67373.0,бРел
3974,14:47:15,44.92,0.0,46,206632.0,бРел
3975,14:47:18,44.92,0.0,9,40431.0,бТел
3976,14:47:21,44.92,0.0,3,13476.0,бТел
3977,14:47:24,44.92,0.0,13,58402.0,бТел
3978,14:47:27,44.92,0.0,47,211160.0,бТел
3979,14:47:30,44.93,0.00999999999999801,20,89860.0,бРел
3980,14:47:33,44.93,0.0,33,148269.0,бТел
3981,14:47:36,44.95,0.020000000000003126,25,112359.0,бРел
3982,14:47:39,44.93,-0.020000000000003126,34,152774.0,бТел
3983,14:47:42,44.94,0.00999999999999801,5,22470.0,жпптел
3984,14:47:45,44.95,0.010000000000005116,4,17979.0,бРел
3985,14:47:48,44.95,0.0,11,49445.0,бРел
3986,14:47:54,44.95,0.0,7,31465.0,бРел
3987,14:47:57,44.95,0.0,19,85405.0,бРел
3988,14:48:00,44.96,0.00999999999999801,30,134851.0,бРел
3989,14:48:03,44.95,-0.00999999999999801,41,184322.0,бТел
3990,14:48:06,44.96,0.00999999999999801,48,215767.0,бРел
3991,14:48:09,44.96,0.0,15,67440.0,бРел
3992,14:48:12,44.95,-0.00999999999999801,66,296687.0,бТел
3993,14:48:15,44.95,0.0,1,4495.0,бТел
3994,14:48:18,44.94,-0.010000000000005116,8,35957.0,бТел
3995,14:48:21,44.95,0.010000000000005116,28,125882.0,жпптел
3996,14:48:24,44.95,0.0,17,76405.0,бРел
3997,14:48:27,44.94,-0.010000000000005116,10,44941.0,бТел
3998,14:48:33,44.93,-0.00999999999999801,52,233662.0,бТел
3999,14:48:36,44.93,0.0,14,62904.0,бТел
4000,14:48:39,44.93,0.0,10,44930.0,бТел
4001,14:48:42,44.93,0.0,34,152769.0,бТел
4002,14:48:45,44.94,0.00999999999999801,21,94374.0,бРел
4003,14:48:51,44.93,-0.00999999999999801,9,40437.0,бТел
4004,14:48:54,44.93,0.0,32,143797.0,бТел
4005,14:48:57,44.94,0.00999999999999801,12,53922.0,бРел
4006,14:49:00,44.93,-0.00999999999999801,6,26959.0,бТел
4007,14:49:03,44.93,0.0,2,8986.0,бТел
4008,14:49:06,44.93,0.0,4,17975.0,бТел
4009,14:49:09,44.93,0.0,12,53916.0,бТел
4010,14:49:12,44.93,0.0,6,26958.0,бРел
4011,14:49:15,44.92,-0.00999999999999801,71,318936.0,бТел
4012,14:49:18,44.92,0.0,2,8984.0,бРел
4013,14:49:21,44.92,0.0,6,26951.0,бРел
4014,14:49:24,44.91,-0.010000000000005116,7,31438.0,бТел
4015,14:49:27,44.93,0.020000000000003126,30,134775.0,бРел
4016,14:49:30,44.91,-0.020000000000003126,5,22455.0,бТел
4017,14:49:36,44.91,0.0,4,17964.0,бТел
4018,14:49:39,44.91,0.0,71,318861.0,бТел
4019,14:49:42,44.92,0.010000000000005116,1,4492.0,бРел
4020,14:49:48,44.91,-0.010000000000005116,9,40427.0,бТел
4021,14:49:51,44.92,0.010000000000005116,5,22456.0,бРел
4022,14:49:54,44.91,-0.010000000000005116,39,175155.0,бТел
4023,14:49:57,44.91,0.0,4,17964.0,бТел
4024,14:50:00,44.91,0.0,12,53894.0,бТел
4025,14:50:03,44.91,0.0,12,53892.0,бТел
4026,14:50:06,44.9,-0.00999999999999801,42,188580.0,бТел
4027,14:50:09,44.9,0.0,34,152663.0,бТел
4028,14:50:12,44.9,0.0,9,40415.0,бТел
4029,14:50:18,44.9,0.0,39,175110.0,бТел
4030,14:50:21,44.89,-0.00999999999999801,3,13469.0,бТел
4031,14:50:24,44.9,0.00999999999999801,2,8979.0,бРел
4032,14:50:27,44.89,-0.00999999999999801,3,13467.0,бТел
4033,14:50:30,44.9,0.00999999999999801,2,8980.0,бРел
4034,14:50:33,44.89,-0.00999999999999801,3,13467.0,бТел
4035,14:50:36,44.89,0.0,2,8978.0,бТел
4036,14:50:39,44.9,0.00999999999999801,68,305320.0,бРел
4037,14:50:42,44.9,0.0,20,89793.0,бРел
4038,14:50:48,44.9,0.0,22,98780.0,бРел
4039,14:50:51,44.9,0.0,109,489284.0,бРел
4040,14:50:54,44.88,-0.01999999999999602,6,26928.0,бТел
4041,14:50:57,44.88,0.0,4,17951.0,бРел
4042,14:51:00,44.87,-0.010000000000005116,9,40388.0,бТел
4043,14:51:03,44.86,-0.00999999999999801,11,49363.0,бТел
4044,14:51:06,44.86,0.0,5,22427.0,бРел
4045,14:51:09,44.86,0.0,1,4486.0,бРел
4046,14:51:12,44.84,-0.01999999999999602,7,31390.0,бТел
4047,14:51:15,44.85,0.00999999999999801,1,4485.0,бРел
4048,14:51:18,44.87,0.01999999999999602,35,156957.0,бРел
4049,14:51:24,44.86,-0.00999999999999801,121,543044.0,бТел
4050,14:51:27,44.87,0.00999999999999801,3,13461.0,жпптел
4051,14:51:30,44.87,0.0,10,44870.0,бТел
4052,14:51:33,44.86,-0.00999999999999801,19,85297.0,бТел
4053,14:51:36,44.86,0.0,11,49352.0,бТел
4054,14:51:39,44.88,0.020000000000003126,1,4488.0,бРел
4055,14:51:42,44.88,0.0,4,17952.0,бРел
4056,14:51:48,44.88,0.0,2,8976.0,бТел
4057,14:51:51,44.88,0.0,1,4488.0,бРел
4058,14:51:54,44.89,0.00999999999999801,4,17953.0,бРел
4059,14:51:57,44.89,0.0,6,26930.0,бРел
4060,14:52:00,44.88,-0.00999999999999801,4,17952.0,бТел
4061,14:52:03,44.89,0.00999999999999801,16,71820.0,бРел
4062,14:52:06,44.9,0.00999999999999801,39,175081.0,бРел
4063,14:52:09,44.88,-0.01999999999999602,23,103253.0,бТел
4064,14:52:12,44.9,0.01999999999999602,2,8979.0,бРел
4065,14:52:15,44.9,0.0,1,4490.0,бРел
4066,14:52:18,44.9,0.0,31,139180.0,бРел
4067,14:52:21,44.9,0.0,15,67349.0,бРел
4068,14:52:24,44.9,0.0,22,98771.0,бРел
4069,14:52:27,44.89,-0.00999999999999801,20,89789.0,бТел
4070,14:52:30,44.9,0.00999999999999801,4,17960.0,бРел
4071,14:52:33,44.9,0.0,5,22447.0,бРел
4072,14:52:36,44.89,-0.00999999999999801,5,22446.0,бТел
4073,14:52:39,44.9,0.00999999999999801,1,4490.0,бРел
4074,14:52:45,44.9,0.0,2,8979.0,бРел
4075,14:52:48,44.89,-0.00999999999999801,26,116724.0,бТел
4076,14:52:51,44.9,0.00999999999999801,19,85306.0,бРел
4077,14:52:54,44.89,-0.00999999999999801,9,40402.0,бТел
4078,14:52:57,44.89,0.0,24,107736.0,бРел
4079,14:53:00,44.89,0.0,21,94269.0,бРел
4080,14:53:03,44.89,0.0,14,62846.0,бТел
4081,14:53:06,44.89,0.0,42,188518.0,бТел
4082,14:53:09,44.89,0.0,10,44896.0,бРел
4083,14:53:12,44.89,0.0,65,291845.0,бТел
4084,14:53:15,44.89,0.0,14,62846.0,бТел
4085,14:53:18,44.9,0.00999999999999801,213,956368.0,бРел
4086,14:53:21,44.9,0.0,12,53880.0,бТел
4087,14:53:24,44.9,0.0,27,121230.0,бТел
4088,14:53:27,44.91,0.00999999999999801,2,8981.0,бРел
4089,14:53:30,44.91,0.0,10,44902.0,бРел
4090,14:53:33,44.91,0.0,26,116766.0,бРел
4091,14:53:36,44.9,-0.00999999999999801,95,426550.0,бТел
4092,14:53:42,44.9,0.0,32,143680.0,бРел
4093,14:53:45,44.91,0.00999999999999801,41,184107.0,бРел
4094,14:53:48,44.9,-0.00999999999999801,52,233532.0,бТел
4095,14:53:51,44.9,0.0,3,13470.0,бТел
4096,14:53:54,44.9,0.0,21,94310.0,бТел
4097,14:53:57,44.91,0.00999999999999801,27,121259.0,бРел
4098,14:54:00,44.91,0.0,1,4491.0,бТел
4099,14:54:03,44.91,0.0,2,8982.0,бТел
4100,14:54:06,44.91,0.0,5,22455.0,бТел
4101,14:54:09,44.92,0.010000000000005116,49,220076.0,бРел
4102,14:54:12,44.92,0.0,101,453616.0,бРел
4103,14:54:15,44.91,-0.010000000000005116,3,13475.0,бТел
4104,14:54:18,44.91,0.0,28,125762.0,бТел
4105,14:54:21,44.92,0.010000000000005116,19,85347.0,бРел
4106,14:54:24,44.91,-0.010000000000005116,63,282965.0,бТел
4107,14:54:27,44.92,0.010000000000005116,5,22460.0,бРел
4108,14:54:30,44.92,0.0,4,17968.0,бРел
4109,14:54:33,44.92,0.0,29,130268.0,бРел
4110,14:54:36,44.92,0.0,26,116786.0,бРел
4111,14:54:42,44.91,-0.010000000000005116,47,211077.0,бТел
4112,14:54:45,44.91,0.0,126,565969.0,бРел
4113,14:54:48,44.91,0.0,4,17964.0,бРел
4114,14:54:51,44.92,0.010000000000005116,26,116792.0,бРел
4115,14:54:54,44.92,0.0,11,49402.0,бРел
4116,14:54:57,44.91,-0.010000000000005116,8,35934.0,бТел
4117,14:55:00,44.91,0.0,72,323401.0,бТел
4118,14:55:03,44.92,0.010000000000005116,7,31444.0,бРел
4119,14:55:06,44.92,0.0,67,300937.0,бРел
4120,14:55:09,44.91,-0.010000000000005116,32,143735.0,бТел
4121,14:55:12,44.92,0.010000000000005116,5,22459.0,бРел
4122,14:55:15,44.92,0.0,20,89838.0,бРел
4123,14:55:18,44.92,0.0,63,282996.0,бРел
4124,14:55:21,44.92,0.0,23,103316.0,бРел
4125,14:55:24,44.92,0.0,6,26952.0,бТел
4126,14:55:30,44.93,0.00999999999999801,143,642499.0,бРел
4127,14:55:33,44.93,0.0,39,175221.0,бТел
4128,14:55:39,44.93,0.0,3,13480.0,бТел
4129,14:55:42,44.94,0.00999999999999801,10,44940.0,бРел
4130,14:55:45,44.94,0.0,75,337011.0,бРел
4131,14:55:48,44.94,0.0,165,741683.0,бТел
4132,14:55:51,44.95,0.010000000000005116,25,112375.0,жпптел
4133,14:55:54,44.96,0.00999999999999801,16,71930.0,бРел
4134,14:55:57,44.97,0.00999999999999801,59,265291.0,бРел
4135,14:56:00,44.97,0.0,14,62946.0,бРел
4136,14:56:03,44.97,0.0,28,125916.0,бРел
4137,14:56:06,44.97,0.0,22,98931.0,бРел
4138,14:56:09,44.97,0.0,56,251878.0,бРел
4139,14:56:12,44.96,-0.00999999999999801,7,31473.0,бТел
4140,14:56:15,44.98,0.01999999999999602,74,332819.0,бРел
4141,14:56:18,44.98,0.0,2,8996.0,бТел
4142,14:56:21,44.98,0.0,35,157440.0,бТел
4143,14:56:24,44.98,0.0,32,143946.0,бТел
4144,14:56:27,44.98,0.0,61,274400.0,бТел
4145,14:56:30,44.98,0.0,36,161928.0,бРел
4146,14:56:33,44.98,0.0,14,63330.75999999046,бРел
4147,14:56:39,44.98,0.0,85,382312.0,бРел
4148,14:56:42,44.98,0.0,32,143933.0,бРел
4149,14:56:45,44.98,0.0,64,287837.9200000763,бРел
4150,14:56:48,44.97,-0.00999999999999801,14,62958.0,бРел
4151,14:56:51,44.98,0.00999999999999801,111,499275.0,бРел
4152,14:56:54,44.99,0.010000000000005116,58,260792.0,бРел
4153,14:56:57,44.99,0.0,9,40489.0,бРел
4154,14:57:00,44.99,0.0,23,103477.0,бРел
4155,15:00:03,44.99,0.0,1381,6213119.0,бРел
