,Ёи╫╩й╠╪Д,Ёи╫╩╪ш,╪ш╦Я╠Д╤╞,Ёи╫╩а©ё╗йжё╘,Ёи╫╩╤Нё╗т╙ё╘,птжй
0,09:25:06,14.21,0.02000000000000135,403,572663.0,бРел
1,09:30:06,14.19,-0.02000000000000135,257,364421.0,бТел
2,09:30:09,14.16,-0.02999999999999936,85,120513.0,бТел
3,09:30:12,14.13,-0.02999999999999936,96,135792.0,бТел
4,09:30:15,14.16,0.02999999999999936,25,35379.0,бРел
5,09:30:18,14.13,-0.02999999999999936,9,12709.0,жпптел
6,09:30:21,14.16,0.02999999999999936,21,29716.0,бРел
7,09:30:24,14.13,-0.02999999999999936,12,16993.0,бТел
8,09:30:27,14.13,0.0,6,8484.0,бТел
9,09:30:30,14.16,0.02999999999999936,16,22638.0,бТел
10,09:30:33,14.17,0.009999999999999787,22,31171.0,бРел
11,09:30:36,14.13,-0.03999999999999915,32,45277.0,бТел
12,09:30:42,14.15,0.019999999999999574,17,24043.0,бРел
13,09:30:45,14.16,0.009999999999999787,27,38181.0,бРел
14,09:30:51,14.15,-0.009999999999999787,6,8490.0,жпптел
15,09:30:54,14.16,0.009999999999999787,3,4248.0,бРел
16,09:30:57,14.16,0.0,30,42457.0,бРел
17,09:31:03,14.15,-0.009999999999999787,119,168477.0,бРел
18,09:31:06,14.16,0.009999999999999787,7,9912.0,бТел
19,09:31:09,14.17,0.009999999999999787,26,36822.0,бРел
20,09:31:12,14.16,-0.009999999999999787,21,29753.0,бТел
21,09:31:15,14.16,0.0,11,15586.0,бТел
22,09:31:18,14.16,0.0,53,75047.0,бРел
23,09:31:21,14.16,0.0,96,135798.0,бРел
24,09:31:24,14.18,0.019999999999999574,20,28331.0,бРел
25,09:31:27,14.15,-0.02999999999999936,5,7075.0,бТел
26,09:31:30,14.18,0.02999999999999936,103,145836.0,бРел
27,09:31:33,14.16,-0.019999999999999574,33,46697.0,бТел
28,09:31:36,14.17,0.009999999999999787,1,1417.0,жпптел
29,09:31:39,14.16,-0.009999999999999787,20,28321.0,бТел
30,09:31:42,14.18,0.019999999999999574,11,15596.0,бРел
31,09:31:48,14.15,-0.02999999999999936,72,101938.0,бТел
32,09:31:51,14.16,0.009999999999999787,14,19812.0,бРел
33,09:31:57,14.15,-0.009999999999999787,6,8490.0,бРел
34,09:32:00,14.15,0.0,27,38176.0,бРел
35,09:32:03,14.14,-0.009999999999999787,26,36748.0,жпптел
36,09:32:06,14.13,-0.009999999999999787,155,219015.0,бТел
37,09:32:09,14.13,0.0,54,76277.0,бРел
38,09:32:12,14.12,-0.010000000000001563,75,105900.0,бТел
39,09:32:15,14.11,-0.009999999999999787,71,100179.0,бТел
40,09:32:18,14.12,0.009999999999999787,57,80406.0,бРел
41,09:32:27,14.08,-0.03999999999999915,81,114118.0,бТел
42,09:32:30,14.09,0.009999999999999787,55,77455.0,бРел
43,09:32:33,14.09,0.0,7,9860.0,бРел
44,09:32:36,14.09,0.0,27,38043.0,бРел
45,09:32:39,14.09,0.0,79,111311.0,бРел
46,09:32:42,14.09,0.0,20,28180.0,бТел
47,09:32:48,14.09,0.0,94,132446.0,бТел
48,09:32:51,14.1,0.009999999999999787,11,15503.0,жпптел
49,09:32:54,14.09,-0.009999999999999787,34,47935.0,бТел
50,09:32:57,14.09,0.0,38,53512.0,бРел
51,09:33:00,14.09,0.0,18,25362.0,бРел
52,09:33:03,14.09,0.0,90,126785.0,бРел
53,09:33:06,14.09,0.0,26,36634.0,бТел
54,09:33:09,14.09,0.0,62,87398.0,бТел
55,09:33:15,14.11,0.019999999999999574,24,33873.0,бТел
56,09:33:18,14.11,0.0,69,97310.0,бРел
57,09:33:21,14.12,0.009999999999999787,70,98831.0,бРел
58,09:33:24,14.13,0.010000000000001563,41,57923.0,бРел
59,09:33:27,14.1,-0.030000000000001137,92,129806.0,бТел
60,09:33:30,14.11,0.009999999999999787,3,4233.0,бРел
61,09:33:33,14.1,-0.009999999999999787,10,14100.0,бТел
62,09:33:39,14.09,-0.009999999999999787,7,9868.0,бТел
63,09:33:45,14.1,0.009999999999999787,118,166378.0,бРел
64,09:33:48,14.08,-0.019999999999999574,83,116937.0,бТел
65,09:33:51,14.08,0.0,10,14080.0,бТел
66,09:33:54,14.08,0.0,18,25344.0,бТел
67,09:33:57,14.07,-0.009999999999999787,88,123868.0,бТел
68,09:34:00,14.08,0.009999999999999787,20,28147.0,бРел
69,09:34:03,14.07,-0.009999999999999787,24,33771.0,бТел
70,09:34:06,14.06,-0.009999999999999787,96,135029.0,бТел
71,09:34:09,14.07,0.009999999999999787,10,14070.0,бРел
72,09:34:12,14.05,-0.019999999999999574,58,81531.0,бТел
73,09:34:15,14.06,0.009999999999999787,42,59042.0,бРел
74,09:34:18,14.06,0.0,12,16869.0,бРел
75,09:34:21,14.06,0.0,25,35149.0,бРел
76,09:34:24,14.05,-0.009999999999999787,18,25294.0,бТел
77,09:34:27,14.05,0.0,73,102594.0,бРел
78,09:34:30,14.04,-0.010000000000001563,1,1404.0,жпптел
79,09:34:33,14.05,0.010000000000001563,41,57555.0,бРел
80,09:34:36,14.0,-0.05000000000000071,569,797676.0,бТел
81,09:34:39,14.01,0.009999999999999787,24,33624.0,бРел
82,09:34:45,14.0,-0.009999999999999787,27,37808.0,бТел
83,09:34:48,14.0,0.0,26,36410.0,бТел
84,09:34:51,14.0,0.0,140,196019.0,бТел
85,09:34:54,14.0,0.0,10,14000.0,бРел
86,09:34:57,13.98,-0.019999999999999574,46,64357.0,бТел
87,09:35:00,13.98,0.0,18,25164.0,бТел
88,09:35:03,13.95,-0.030000000000001137,100,139637.0,бТел
89,09:35:06,13.94,-0.009999999999999787,11,15339.0,бТел
90,09:35:09,13.96,0.02000000000000135,12,16734.0,бРел
91,09:35:12,13.96,0.0,25,34924.0,бТел
92,09:35:15,13.95,-0.010000000000001563,10,13950.0,бРел
93,09:35:18,13.92,-0.02999999999999936,244,339578.0,бТел
94,09:35:21,13.94,0.019999999999999574,95,132422.0,бРел
95,09:35:24,13.92,-0.019999999999999574,80,111564.0,бТел
96,09:35:27,13.9,-0.019999999999999574,33,45928.0,бТел
97,09:35:30,13.92,0.019999999999999574,28,38938.0,бРел
98,09:35:33,13.92,0.0,13,18086.0,бРел
99,09:35:36,13.9,-0.019999999999999574,82,114071.0,бТел
100,09:35:39,13.85,-0.05000000000000071,199,276068.0,бТел
101,09:35:45,13.92,0.07000000000000028,1,1392.0,бРел
102,09:35:48,13.86,-0.0600000000000005,26,36036.0,бРел
103,09:35:51,13.88,0.02000000000000135,56,77618.0,бРел
104,09:35:54,13.85,-0.030000000000001137,457,632434.0,бТел
105,09:35:57,13.82,-0.02999999999999936,89,123320.0,бТел
106,09:36:00,13.85,0.02999999999999936,28,38761.0,жпптел
107,09:36:03,13.85,0.0,56,77549.0,бРел
108,09:36:06,13.85,0.0,71,98343.0,бРел
109,09:36:09,13.86,0.009999999999999787,98,135725.0,жпптел
110,09:36:12,13.85,-0.009999999999999787,273,378043.0,бТел
111,09:36:15,13.9,0.05000000000000071,65,90361.0,бРел
112,09:36:18,13.9,0.0,58,80457.0,бТел
113,09:36:21,13.92,0.019999999999999574,14,19485.0,бРел
114,09:36:24,13.93,0.009999999999999787,196,272839.0,бРел
115,09:36:27,13.91,-0.019999999999999574,60,83619.0,бТел
116,09:36:30,13.91,0.0,10,13910.0,бТел
117,09:36:33,13.91,0.0,28,38952.0,бТел
118,09:36:36,13.93,0.019999999999999574,31,43183.0,бРел
119,09:36:42,13.91,-0.019999999999999574,65,90430.0,бТел
120,09:36:45,13.9,-0.009999999999999787,285,396636.0,бТел
121,09:36:48,13.91,0.009999999999999787,185,257625.0,жпптел
122,09:36:51,13.95,0.03999999999999915,39,54308.0,бРел
123,09:36:54,13.96,0.010000000000001563,189,263669.0,бРел
124,09:37:00,13.95,-0.010000000000001563,526,733719.0,бТел
125,09:37:03,13.93,-0.019999999999999574,290,404262.0,бТел
126,09:37:06,13.92,-0.009999999999999787,72,100343.0,бТел
127,09:37:09,13.93,0.009999999999999787,67,93408.0,бТел
128,09:37:12,13.95,0.019999999999999574,12,16740.0,жпптел
129,09:37:15,13.98,0.030000000000001137,5,6986.0,бРел
130,09:37:18,13.95,-0.030000000000001137,39,54356.0,бТел
131,09:37:21,13.95,0.0,13,18143.0,бТел
132,09:37:24,13.92,-0.02999999999999936,23,32034.0,бТел
133,09:37:27,13.98,0.0600000000000005,80,111692.0,бРел
134,09:37:36,13.94,-0.040000000000000924,39,54391.0,бТел
135,09:37:42,13.95,0.009999999999999787,4,5580.0,бРел
136,09:37:48,13.95,0.0,31,43229.0,бРел
137,09:37:51,13.95,0.0,144,200558.0,жпптел
138,09:37:54,13.95,0.0,13,18135.0,бРел
139,09:37:57,13.92,-0.02999999999999936,13,18096.0,бТел
140,09:38:00,13.92,0.0,13,18096.0,бРел
141,09:38:03,13.93,0.009999999999999787,22,30646.0,бРел
142,09:38:06,13.92,-0.009999999999999787,2,2784.0,бТел
143,09:38:09,13.92,0.0,40,55680.0,бТел
144,09:38:12,13.92,0.0,61,84912.0,бТел
145,09:38:15,13.92,0.0,5,6960.0,бРел
146,09:38:18,13.92,0.0,2,2784.0,бРел
147,09:38:21,13.92,0.0,29,40367.0,бРел
148,09:38:24,13.92,0.0,5,6960.0,бРел
149,09:38:27,13.92,0.0,57,79293.0,бРел
150,09:38:30,13.9,-0.019999999999999574,91,126546.0,бТел
151,09:38:33,13.91,0.009999999999999787,24,33384.0,бРел
152,09:38:39,13.91,0.0,47,65375.0,бРел
153,09:38:42,13.91,0.0,90,125160.0,бРел
154,09:38:45,13.91,0.0,20,27804.0,бРел
155,09:38:48,13.91,0.0,29,40326.0,бРел
156,09:38:51,13.9,-0.009999999999999787,244,339338.0,бТел
157,09:38:54,13.9,0.0,8,11120.0,бРел
158,09:38:57,13.92,0.019999999999999574,177,246152.0,бРел
159,09:39:03,13.9,-0.019999999999999574,5,6952.0,бТел
160,09:39:06,13.9,0.0,16,22256.0,бТел
161,09:39:12,13.91,0.009999999999999787,30,41730.0,бРел
162,09:39:15,13.9,-0.009999999999999787,30,41700.0,бТел
163,09:39:18,13.9,0.0,21,29198.0,бТел
164,09:39:21,13.91,0.009999999999999787,8,11128.0,бРел
165,09:39:27,13.9,-0.009999999999999787,80,111230.0,бТел
166,09:39:30,13.9,0.0,13,18070.0,бРел
167,09:39:33,13.9,0.0,5,6950.0,бРел
168,09:39:39,13.9,0.0,10,13894.0,бРел
169,09:39:42,13.89,-0.009999999999999787,12,16669.0,бТел
170,09:39:45,13.9,0.009999999999999787,87,120930.0,бРел
171,09:39:48,13.89,-0.009999999999999787,145,201377.0,бТел
172,09:39:54,13.89,0.0,27,37503.0,бРел
173,09:39:57,13.88,-0.009999999999999787,21,29149.0,бТел
174,09:40:00,13.88,0.0,20,27760.0,бТел
175,09:40:03,13.88,0.0,15,20820.0,бРел
176,09:40:06,13.88,0.0,18,24976.0,бРел
177,09:40:12,13.88,0.0,20,27760.0,бРел
178,09:40:15,13.87,-0.010000000000001563,199,276060.0,бТел
179,09:40:18,13.86,-0.009999999999999787,129,178924.0,бТел
180,09:40:21,13.89,0.030000000000001137,14,19446.0,бРел
181,09:40:24,13.88,-0.009999999999999787,38,52758.0,бТел
182,09:40:27,13.89,0.009999999999999787,34,47196.0,бРел
183,09:40:30,13.88,-0.009999999999999787,57,79137.0,бТел
184,09:40:36,13.88,0.0,145,200997.0,бРел
185,09:40:39,13.88,0.0,28,38862.0,бРел
186,09:40:42,13.88,0.0,27,37476.0,бРел
187,09:40:45,13.87,-0.010000000000001563,45,62420.0,бТел
188,09:40:48,13.88,0.010000000000001563,91,126217.0,бРел
189,09:40:51,13.88,0.0,30,41631.0,бРел
190,09:40:54,13.86,-0.02000000000000135,3,4160.0,бТел
191,09:40:57,13.87,0.009999999999999787,50,69350.0,бРел
192,09:41:00,13.87,0.0,21,29126.0,бРел
193,09:41:03,13.86,-0.009999999999999787,5,6930.0,бТел
194,09:41:06,13.86,0.0,26,36036.0,бТел
195,09:41:09,13.87,0.009999999999999787,116,160888.0,бРел
196,09:41:12,13.86,-0.009999999999999787,104,144214.0,бТел
197,09:41:15,13.87,0.009999999999999787,75,103981.0,жпптел
198,09:41:18,13.86,-0.009999999999999787,43,59601.0,бТел
199,09:41:21,13.87,0.009999999999999787,9,12483.0,бРел
200,09:41:24,13.87,0.0,22,30514.0,бРел
201,09:41:27,13.86,-0.009999999999999787,153,212158.0,бТел
202,09:41:30,13.88,0.02000000000000135,181,251121.0,бРел
203,09:41:36,13.88,0.0,22,30536.0,бТел
204,09:41:39,13.88,0.0,38,52744.0,бТел
205,09:41:45,13.87,-0.010000000000001563,256,355107.0,бТел
206,09:41:48,13.88,0.010000000000001563,38,52722.0,бРел
207,09:41:51,13.87,-0.010000000000001563,16,22207.0,бТел
208,09:41:54,13.87,0.0,51,70737.0,бТел
209,09:41:57,13.86,-0.009999999999999787,5,6931.0,бТел
210,09:42:00,13.87,0.009999999999999787,178,246738.0,бРел
211,09:42:03,13.87,0.0,5,6935.0,бРел
212,09:42:06,13.86,-0.009999999999999787,56,77616.0,бТел
213,09:42:09,13.86,0.0,76,105336.0,бТел
214,09:42:12,13.86,0.0,1,1386.0,бРел
215,09:42:15,13.86,0.0,567,786051.5,бРел
216,09:42:18,13.86,0.0,13,18015.0,бРел
217,09:42:21,13.85,-0.009999999999999787,64,89388.5,бТел
218,09:42:24,13.85,0.0,18,24938.5,бРел
219,09:42:27,13.84,-0.009999999999999787,50,69200.0,бТел
220,09:42:30,13.83,-0.009999999999999787,32,44280.0,бТел
221,09:42:36,13.83,0.0,100,138300.0,бТел
222,09:42:39,13.84,0.009999999999999787,1,1384.0,бРел
223,09:42:42,13.83,-0.009999999999999787,62,85751.0,бТел
224,09:42:45,13.83,0.0,10,13830.0,бРел
225,09:42:48,13.83,0.0,115,158965.0,бРел
226,09:42:51,13.82,-0.009999999999999787,66,91222.0,бТел
227,09:42:54,13.82,0.0,2,2764.0,бРел
228,09:42:57,13.82,0.0,15,20730.0,бРел
229,09:43:00,13.82,0.0,5,6910.0,бРел
230,09:43:03,13.8,-0.019999999999999574,379,523168.0,бТел
231,09:43:06,13.8,0.0,6,8280.0,бРел
232,09:43:09,13.8,0.0,96,132480.0,бРел
233,09:43:12,13.8,0.0,84,115920.0,бРел
234,09:43:15,13.78,-0.02000000000000135,52,71701.0,бТел
235,09:43:18,13.79,0.009999999999999787,77,106180.0,бРел
236,09:43:21,13.79,0.0,48,66172.0,бРел
237,09:43:24,13.78,-0.009999999999999787,89,122675.0,бТел
238,09:43:27,13.77,-0.009999999999999787,21,28931.0,бТел
239,09:43:33,13.78,0.009999999999999787,60,82691.0,бРел
240,09:43:36,13.76,-0.019999999999999574,243,334489.0,бТел
241,09:43:39,13.76,0.0,140,192540.0,бРел
242,09:43:42,13.76,0.0,38,52288.0,бРел
243,09:43:45,13.76,0.0,188,258466.5,бРел
244,09:43:48,13.74,-0.019999999999999574,79,108460.0,бТел
245,09:43:51,13.75,0.009999999999999787,56,76981.0,бРел
246,09:43:54,13.75,0.0,102,140187.0,бРел
247,09:43:57,13.75,0.0,20,27500.0,бРел
248,09:44:00,13.74,-0.009999999999999787,61,83865.0,бТел
249,09:44:03,13.74,0.0,12,16500.0,бТел
250,09:44:06,13.74,0.0,108,148388.0,бТел
251,09:44:09,13.74,0.0,119,163593.0,жпптел
252,09:44:12,13.76,0.019999999999999574,196,269206.0,бРел
253,09:44:15,13.74,-0.019999999999999574,92,126431.0,бТел
254,09:44:18,13.74,0.0,129,177187.0,бТел
255,09:44:21,13.74,0.0,270,370959.0,бРел
256,09:44:24,13.74,0.0,81,111294.0,бРел
257,09:44:27,13.74,0.0,115,158108.0,бТел
258,09:44:33,13.75,0.009999999999999787,17,23375.0,бТел
259,09:44:36,13.76,0.009999999999999787,60,82519.0,бРел
260,09:44:39,13.77,0.009999999999999787,507,697694.0,бРел
261,09:44:42,13.77,0.0,759,1045092.0,бРел
262,09:44:45,13.77,0.0,236,325472.5,бРел
263,09:44:48,13.77,0.0,1,1377.0,бТел
264,09:44:51,13.77,0.0,5,6885.0,бТел
265,09:44:54,13.77,0.0,32,44094.0,бТел
266,09:44:57,13.79,0.019999999999999574,200,275800.0,бРел
267,09:45:03,13.78,-0.009999999999999787,105,144704.0,бТел
268,09:45:06,13.79,0.009999999999999787,14,19306.0,жпптел
269,09:45:09,13.8,0.010000000000001563,10,13800.0,бРел
270,09:45:12,13.83,0.02999999999999936,117,161411.0,бРел
271,09:45:15,13.8,-0.02999999999999936,26,35880.0,бТел
272,09:45:21,13.83,0.02999999999999936,10,13830.0,бРел
273,09:45:33,13.82,-0.009999999999999787,22,30404.0,бТел
274,09:45:36,13.82,0.0,4,5528.0,бРел
275,09:45:39,13.83,0.009999999999999787,50,69112.0,бРел
276,09:45:42,13.82,-0.009999999999999787,234,323311.0,бТел
277,09:45:45,13.82,0.0,37,51128.0,бТел
278,09:45:48,13.81,-0.009999999999999787,19,26247.0,бТел
279,09:45:51,13.81,0.0,334,461167.0,бТел
280,09:45:54,13.81,0.0,10,13810.0,бРел
281,09:45:57,13.8,-0.009999999999999787,87,120075.0,бТел
282,09:46:00,13.81,0.009999999999999787,137,189162.0,бРел
283,09:46:03,13.83,0.019999999999999574,205,283304.0,бРел
284,09:46:06,13.83,0.0,51,70533.0,бТел
285,09:46:09,13.83,0.0,88,121704.0,бТел
286,09:46:12,13.8,-0.02999999999999936,53,73263.0,бТел
287,09:46:15,13.83,0.02999999999999936,176,242886.0,бРел
288,09:46:21,13.8,-0.02999999999999936,26,35880.0,бРел
289,09:46:24,13.79,-0.010000000000001563,16,22078.0,бТел
290,09:46:30,13.8,0.010000000000001563,130,179192.0,бРел
291,09:46:33,13.79,-0.010000000000001563,23,31717.0,жпптел
292,09:46:36,13.79,0.0,23,31717.0,бТел
293,09:46:39,13.78,-0.009999999999999787,71,97842.0,бТел
294,09:46:42,13.76,-0.019999999999999574,197,272132.5,бТел
295,09:46:45,13.76,0.0,14,19264.0,бРел
296,09:46:48,13.74,-0.019999999999999574,320,439978.0,бТел
297,09:46:51,13.76,0.019999999999999574,2,2752.0,бРел
298,09:46:54,13.76,0.0,85,116946.0,бРел
299,09:46:57,13.74,-0.019999999999999574,14,19240.0,бТел
300,09:47:00,13.75,0.009999999999999787,23,31609.0,бРел
301,09:47:03,13.74,-0.009999999999999787,12,16490.0,бТел
302,09:47:06,13.74,0.0,107,146948.0,бТел
303,09:47:09,13.74,0.0,62,85183.0,бРел
304,09:47:12,13.73,-0.009999999999999787,55,75517.0,бТел
305,09:47:15,13.73,0.0,82,112586.0,бТел
306,09:47:18,13.74,0.009999999999999787,190,260780.0,бРел
307,09:47:21,13.73,-0.009999999999999787,110,151040.0,жпптел
308,09:47:24,13.73,0.0,55,75515.0,бРел
309,09:47:30,13.73,0.0,125,171625.0,бРел
310,09:47:33,13.74,0.009999999999999787,55,75557.0,бРел
311,09:47:36,13.75,0.009999999999999787,7,9625.0,бРел
312,09:47:39,13.76,0.009999999999999787,83,114126.0,бРел
313,09:47:42,13.76,0.0,299,412096.0,бРел
314,09:47:45,13.76,0.0,180,247707.5,бТел
315,09:47:48,13.77,0.009999999999999787,17,23421.0,бТел
316,09:47:51,13.78,0.009999999999999787,176,242529.0,бРел
317,09:47:54,13.79,0.009999999999999787,10,13790.0,бРел
318,09:47:57,13.79,0.0,27,37233.0,бРел
319,09:48:00,13.79,0.0,108,148952.0,бРел
320,09:48:03,13.78,-0.009999999999999787,47,64808.0,бТел
321,09:48:06,13.79,0.009999999999999787,1,1379.0,жпптел
322,09:48:09,13.79,0.0,165,227535.0,бРел
323,09:48:12,13.78,-0.009999999999999787,190,261862.0,бТел
324,09:48:15,13.8,0.02000000000000135,46,63470.0,бРел
325,09:48:24,13.77,-0.030000000000001137,53,73023.0,бТел
326,09:48:36,13.77,0.0,47,64719.0,бТел
327,09:48:39,13.77,0.0,55,75756.0,бТел
328,09:48:45,13.77,0.0,95,130815.0,бРел
329,09:48:48,13.77,0.0,25,34425.0,бТел
330,09:48:51,13.77,0.0,12,16520.0,бРел
331,09:48:54,13.77,0.0,2,2754.0,бРел
332,09:48:57,13.77,0.0,8,11016.0,бРел
333,09:49:00,13.76,-0.009999999999999787,123,169275.0,бТел
334,09:49:03,13.76,0.0,10,13760.0,бРел
335,09:49:06,13.76,0.0,12,16511.0,бРел
336,09:49:09,13.76,0.0,10,13760.0,бРел
337,09:49:12,13.76,0.0,3,4128.0,бРел
338,09:49:15,13.76,0.0,17,23392.0,бРел
339,09:49:18,13.75,-0.009999999999999787,13,17875.0,бТел
340,09:49:21,13.76,0.009999999999999787,1,1376.0,бРел
341,09:49:27,13.75,-0.009999999999999787,25,34375.0,бТел
342,09:49:30,13.76,0.009999999999999787,15,20640.0,бРел
343,09:49:33,13.75,-0.009999999999999787,35,48155.0,бТел
344,09:49:39,13.74,-0.009999999999999787,225,310032.5,бТел
345,09:49:42,13.75,0.009999999999999787,81,111305.0,бРел
346,09:49:45,13.75,0.0,20,27500.0,бРел
347,09:49:51,13.75,0.0,24,33000.0,бРел
348,09:49:54,13.74,-0.009999999999999787,3,4122.0,бТел
349,09:49:57,13.74,0.0,37,50838.0,бТел
350,09:50:00,13.75,0.009999999999999787,55,75612.0,бРел
351,09:50:03,13.74,-0.009999999999999787,7,9618.0,бТел
352,09:50:06,13.73,-0.009999999999999787,80,109895.0,бТел
353,09:50:09,13.74,0.009999999999999787,14,19236.0,бТел
354,09:50:15,13.73,-0.009999999999999787,124,170252.0,бТел
355,09:50:18,13.72,-0.009999999999999787,101,138658.0,бТел
356,09:50:21,13.73,0.009999999999999787,3,4118.0,бРел
357,09:50:27,13.73,0.0,2,2746.0,бРел
358,09:50:30,13.73,0.0,9,12357.0,бРел
359,09:50:33,13.72,-0.009999999999999787,244,334853.0,бТел
360,09:50:36,13.72,0.0,251,344275.0,бРел
361,09:50:39,13.72,0.0,142,194710.0,бРел
362,09:50:42,13.72,0.0,59,80947.0,бРел
363,09:50:48,13.71,-0.009999999999999787,73,100102.0,бТел
364,09:50:51,13.72,0.009999999999999787,98,134272.0,бРел
365,09:50:54,13.72,0.0,42,57584.0,бРел
366,09:51:00,13.72,0.0,194,265984.0,бРел
367,09:51:03,13.71,-0.009999999999999787,1,1371.0,жпптел
368,09:51:06,13.71,0.0,27,37014.0,бРел
369,09:51:12,13.71,0.0,1,1371.0,бРел
370,09:51:15,13.71,0.0,97,132914.0,бРел
371,09:51:18,13.71,0.0,18,24685.0,бРел
372,09:51:21,13.71,0.0,24,32904.0,бТел
373,09:51:27,13.71,0.0,83,113819.0,бТел
374,09:51:30,13.7,-0.010000000000001563,157,215305.0,бТел
375,09:51:33,13.7,0.0,76,104225.0,бТел
376,09:51:36,13.72,0.02000000000000135,335,459365.0,бРел
377,09:51:39,13.72,0.0,47,64484.0,бТел
378,09:51:42,13.72,0.0,29,39788.0,бТел
379,09:51:45,13.73,0.009999999999999787,20,27460.0,бРел
380,09:51:48,13.73,0.0,11,15099.0,бРел
381,09:51:51,13.74,0.009999999999999787,74,101674.0,бРел
382,09:51:54,13.72,-0.019999999999999574,129,177006.0,бТел
383,09:51:57,13.73,0.009999999999999787,103,141346.0,бРел
384,09:52:00,13.73,0.0,63,86503.0,бРел
385,09:52:03,13.73,0.0,2,2746.0,бТел
386,09:52:06,13.75,0.019999999999999574,6,8249.0,бРел
387,09:52:09,13.7,-0.05000000000000071,273,374137.0,бТел
388,09:52:12,13.7,0.0,4,5480.0,бРел
389,09:52:15,13.7,0.0,85,116450.0,бРел
390,09:52:18,13.7,0.0,58,79455.0,бРел
391,09:52:21,13.7,0.0,382,523185.0,бРел
392,09:52:27,13.7,0.0,61,83570.0,бТел
393,09:52:30,13.7,0.0,51,69890.0,бТел
394,09:52:33,13.7,0.0,11,15072.0,бТел
395,09:52:36,13.7,0.0,6,8220.0,бТел
396,09:52:39,13.7,0.0,58,79494.0,бТел
397,09:52:42,13.7,0.0,41,56192.0,бТел
398,09:52:45,13.7,0.0,104,142831.0,бТел
399,09:52:48,13.71,0.010000000000001563,37,50771.0,бТел
400,09:52:51,13.72,0.009999999999999787,2,2744.0,бРел
401,09:52:54,13.7,-0.02000000000000135,7,9592.0,бТел
402,09:52:57,13.71,0.010000000000001563,10,13710.0,бРел
403,09:53:00,13.72,0.009999999999999787,47,64443.0,бРел
404,09:53:03,13.7,-0.02000000000000135,120,164400.0,бТел
405,09:53:06,13.71,0.010000000000001563,10,13710.0,жпптел
406,09:53:09,13.7,-0.010000000000001563,4,5483.0,бТел
407,09:53:12,13.71,0.010000000000001563,19,26047.0,бРел
408,09:53:15,13.7,-0.010000000000001563,73,100028.0,бТел
409,09:53:18,13.7,0.0,29,39730.0,бРел
410,09:53:21,13.7,0.0,21,28770.0,бРел
411,09:53:27,13.7,0.0,59,80830.0,бРел
412,09:53:30,13.69,-0.009999999999999787,90,123265.0,бТел
413,09:53:33,13.71,0.02000000000000135,4,5484.0,бРел
414,09:53:36,13.7,-0.010000000000001563,42,57541.0,бТел
415,09:53:39,13.71,0.010000000000001563,13,17820.0,бРел
416,09:53:42,13.7,-0.010000000000001563,112,153437.0,бТел
417,09:53:45,13.71,0.010000000000001563,200,274188.0,бРел
418,09:53:48,13.7,-0.010000000000001563,11,15070.0,бРел
419,09:53:51,13.7,0.0,10,13700.0,бРел
420,09:53:54,13.7,0.0,21,28770.0,бРел
421,09:53:57,13.7,0.0,18,24654.0,бРел
422,09:54:00,13.7,0.0,5,6850.0,бРел
423,09:54:03,13.7,0.0,83,113710.0,бРел
424,09:54:06,13.7,0.0,101,138371.0,бТел
425,09:54:12,13.71,0.010000000000001563,23,31519.0,бРел
426,09:54:18,13.7,-0.010000000000001563,46,63022.0,бТел
427,09:54:24,13.72,0.02000000000000135,76,104272.0,бРел
428,09:54:27,13.72,0.0,11,15092.0,бТел
429,09:54:30,13.7,-0.02000000000000135,140,191913.0,бТел
430,09:54:33,13.73,0.030000000000001137,18,24714.0,бРел
431,09:54:36,13.74,0.009999999999999787,45,61770.0,бРел
432,09:54:39,13.73,-0.009999999999999787,29,39817.0,бТел
433,09:54:42,13.72,-0.009999999999999787,13,17826.0,бРел
434,09:54:45,13.72,0.0,12,16464.0,бРел
435,09:54:48,13.72,0.0,26,35672.0,бРел
436,09:54:51,13.72,0.0,35,48020.0,бРел
437,09:54:54,13.7,-0.02000000000000135,113,154881.0,бТел
438,09:55:00,13.73,0.030000000000001137,1,1373.0,бТел
439,09:55:06,13.73,0.0,3,4120.0,бТел
440,09:55:12,13.73,0.0,82,112638.0,бРел
441,09:55:18,13.73,0.0,6,8242.0,бТел
442,09:55:24,13.74,0.009999999999999787,10,13739.0,бРел
443,09:55:27,13.75,0.009999999999999787,38,52194.0,бРел
444,09:55:30,13.74,-0.009999999999999787,53,72822.0,бТел
445,09:55:33,13.75,0.009999999999999787,170,233603.0,бРел
446,09:55:36,13.75,0.0,5,6875.0,бРел
447,09:55:39,13.75,0.0,8,11000.0,бРел
448,09:55:42,13.75,0.0,18,24750.0,бРел
449,09:55:45,13.75,0.0,30,41250.0,бРел
450,09:55:48,13.76,0.009999999999999787,96,132004.0,бРел
451,09:55:51,13.76,0.0,10,13760.0,бРел
452,09:56:00,13.77,0.009999999999999787,19,26163.0,бРел
453,09:56:03,13.77,0.0,15,20647.0,бРел
454,09:56:06,13.78,0.009999999999999787,10,13773.0,бРел
455,09:56:15,13.78,0.0,1,1378.0,бРел
456,09:56:24,13.79,0.009999999999999787,26,35854.0,бРел
457,09:56:27,13.79,0.0,14,19306.0,бРел
458,09:56:30,13.78,-0.009999999999999787,40,55125.0,бТел
459,09:56:33,13.8,0.02000000000000135,8,11040.0,бРел
460,09:56:36,13.8,0.0,22,30360.0,бРел
461,09:56:39,13.8,0.0,42,57955.0,бРел
462,09:56:45,13.81,0.009999999999999787,4,5524.0,бРел
463,09:56:48,13.82,0.009999999999999787,89,122924.0,бРел
464,09:56:51,13.83,0.009999999999999787,28,38712.0,бРел
465,09:57:00,13.83,0.0,17,23491.0,бРел
466,09:57:03,13.82,-0.009999999999999787,12,16584.0,бРел
467,09:57:06,13.81,-0.009999999999999787,15,20725.0,бТел
468,09:57:09,13.82,0.009999999999999787,76,104938.0,бРел
469,09:57:12,13.82,0.0,12,16574.0,бРел
470,09:57:15,13.82,0.0,96,132632.0,бРел
471,09:57:21,13.81,-0.009999999999999787,23,31763.0,бТел
472,09:57:24,13.82,0.009999999999999787,17,23484.0,бРел
473,09:57:30,13.82,0.0,89,122925.0,бРел
474,09:57:33,13.81,-0.009999999999999787,46,63567.0,бТел
475,09:57:36,13.81,0.0,5,6905.0,бТел
476,09:57:39,13.83,0.019999999999999574,50,69128.0,бРел
477,09:57:42,13.83,0.0,70,96790.0,бРел
478,09:57:45,13.82,-0.009999999999999787,21,29022.0,бТел
479,09:57:48,13.82,0.0,16,22116.0,бТел
480,09:57:51,13.82,0.0,2,2764.0,бТел
481,09:57:57,13.82,0.0,15,20730.0,бТел
482,09:58:00,13.83,0.009999999999999787,10,13830.0,бРел
483,09:58:03,13.82,-0.009999999999999787,11,15204.0,бТел
484,09:58:09,13.83,0.009999999999999787,77,106441.0,бРел
485,09:58:12,13.83,0.0,4,5532.0,бРел
486,09:58:21,13.84,0.009999999999999787,41,56738.0,бРел
487,09:58:24,13.83,-0.009999999999999787,25,34575.0,бТел
488,09:58:27,13.84,0.009999999999999787,15,20760.0,бРел
489,09:58:30,13.83,-0.009999999999999787,55,76065.0,бТел
490,09:58:33,13.84,0.009999999999999787,11,15224.0,бРел
491,09:58:36,13.84,0.0,27,37368.0,бРел
492,09:58:39,13.84,0.0,1,1384.0,бРел
493,09:58:42,13.84,0.0,1,1384.0,бРел
494,09:58:45,13.84,0.0,191,264189.0,бРел
495,09:58:48,13.86,0.019999999999999574,27,37394.0,бРел
496,09:58:51,13.83,-0.02999999999999936,1,1383.0,бТел
497,09:58:57,13.83,0.0,86,119018.0,бТел
498,09:59:00,13.87,0.03999999999999915,214,296748.0,бРел
499,09:59:03,13.87,0.0,15,20805.0,бТел
500,09:59:06,13.88,0.010000000000001563,35,48546.0,бРел
501,09:59:09,13.87,-0.010000000000001563,39,54093.0,бТел
502,09:59:12,13.87,0.0,200,277400.0,бРел
503,09:59:18,13.87,0.0,38,52681.0,бРел
504,09:59:24,13.87,0.0,14,19418.0,бРел
505,09:59:27,13.86,-0.009999999999999787,30,41607.0,бТел
506,09:59:33,13.86,0.0,2,2772.0,бРел
507,09:59:45,13.86,0.0,38,52668.0,бРел
508,09:59:51,13.86,0.0,10,13860.0,бТел
509,09:59:54,13.86,0.0,30,41580.0,бТел
510,10:00:00,13.86,0.0,34,47124.0,бТел
511,10:00:03,13.85,-0.009999999999999787,5,6925.0,бТел
512,10:00:06,13.86,0.009999999999999787,17,23557.0,бРел
513,10:00:09,13.86,0.0,38,52668.0,бРел
514,10:00:12,13.85,-0.009999999999999787,27,37395.0,бТел
515,10:00:18,13.85,0.0,35,48475.0,бТел
516,10:00:21,13.85,0.0,25,34625.0,бТел
517,10:00:24,13.86,0.009999999999999787,22,30492.0,бРел
518,10:00:30,13.86,0.0,7,9702.0,бРел
519,10:00:33,13.85,-0.009999999999999787,24,33240.0,бТел
520,10:00:36,13.85,0.0,22,30470.0,бРел
521,10:00:45,13.84,-0.009999999999999787,5,6920.0,бТел
522,10:00:51,13.83,-0.009999999999999787,126,174295.0,бТел
523,10:01:00,13.82,-0.009999999999999787,50,69100.0,бТел
524,10:01:06,13.82,0.0,52,71906.0,бТел
525,10:01:09,13.81,-0.009999999999999787,20,27634.0,бТел
526,10:01:18,13.83,0.019999999999999574,270,373398.0,бРел
527,10:01:21,13.83,0.0,10,13830.0,бТел
528,10:01:24,13.8,-0.02999999999999936,36,49714.0,бТел
529,10:01:27,13.8,0.0,143,197394.0,бТел
530,10:01:30,13.81,0.009999999999999787,100,138088.0,бРел
531,10:01:33,13.82,0.009999999999999787,37,51122.0,бРел
532,10:01:36,13.76,-0.0600000000000005,335,462236.0,бТел
533,10:01:39,13.78,0.019999999999999574,9,12402.0,жпптел
534,10:01:48,13.78,0.0,10,13780.0,бТел
535,10:01:51,13.8,0.02000000000000135,8,11034.0,бРел
536,10:01:54,13.8,0.0,5,6900.0,бРел
537,10:01:57,13.8,0.0,24,33120.0,бРел
538,10:02:00,13.82,0.019999999999999574,4,5528.0,жпптел
539,10:02:06,13.81,-0.009999999999999787,62,85622.0,бТел
540,10:02:18,13.83,0.019999999999999574,2,2766.0,бРел
541,10:02:21,13.81,-0.019999999999999574,308,425371.0,бТел
542,10:02:24,13.82,0.009999999999999787,2,2764.0,жпптел
543,10:02:30,13.85,0.02999999999999936,112,155120.0,бРел
544,10:02:33,13.83,-0.019999999999999574,106,146598.0,бТел
545,10:02:36,13.84,0.009999999999999787,1,1384.0,бРел
546,10:02:39,13.83,-0.009999999999999787,10,13830.0,бТел
547,10:02:42,13.84,0.009999999999999787,7,9688.0,бРел
548,10:02:48,13.85,0.009999999999999787,6,8306.0,бРел
549,10:02:54,13.85,0.0,1,1385.0,бРел
550,10:02:57,13.85,0.0,18,24930.0,бРел
551,10:03:00,13.85,0.0,5,6925.0,бРел
552,10:03:03,13.85,0.0,2,2770.0,бРел
553,10:03:06,13.85,0.0,151,209113.0,бРел
554,10:03:09,13.86,0.009999999999999787,1,1386.0,бРел
555,10:03:15,13.86,0.0,45,62365.0,бРел
556,10:03:18,13.86,0.0,12,16632.0,бРел
557,10:03:21,13.86,0.0,6,8316.0,бРел
558,10:03:24,13.86,0.0,23,31878.0,бРел
559,10:03:27,13.86,0.0,100,138600.0,бРел
560,10:03:33,13.86,0.0,75,103920.0,бРел
561,10:03:36,13.86,0.0,17,23562.0,бРел
562,10:03:39,13.86,0.0,3,4158.0,бРел
563,10:03:42,13.86,0.0,24,33264.0,бРел
564,10:03:51,13.87,0.009999999999999787,11,15257.0,бРел
565,10:03:54,13.86,-0.009999999999999787,17,23562.0,бТел
566,10:03:57,13.87,0.009999999999999787,6,8322.0,бРел
567,10:04:00,13.87,0.0,30,41610.0,бРел
568,10:04:03,13.87,0.0,1,1387.0,бРел
569,10:04:06,13.88,0.010000000000001563,97,134592.0,бРел
570,10:04:12,13.86,-0.02000000000000135,168,232858.0,бТел
571,10:04:15,13.87,0.009999999999999787,12,16644.0,бТел
572,10:04:18,13.88,0.010000000000001563,5,6940.0,бРел
573,10:04:21,13.87,-0.010000000000001563,13,18031.0,бТел
574,10:04:24,13.88,0.010000000000001563,30,41640.0,бРел
575,10:04:27,13.87,-0.010000000000001563,10,13870.0,бТел
576,10:04:30,13.88,0.010000000000001563,46,63808.0,бРел
577,10:04:33,13.88,0.0,22,30536.0,бРел
578,10:04:36,13.88,0.0,30,41640.0,бРел
579,10:04:39,13.88,0.0,32,44386.0,бРел
580,10:04:51,13.88,0.0,5,6940.0,бРел
581,10:05:06,13.87,-0.010000000000001563,13,18032.0,бТел
582,10:05:12,13.87,0.0,57,79062.0,бТел
583,10:05:15,13.88,0.010000000000001563,126,174854.0,бРел
584,10:05:18,13.87,-0.010000000000001563,24,33306.0,бТел
585,10:05:21,13.9,0.030000000000001137,31,43090.0,бРел
586,10:05:24,13.9,0.0,13,18070.0,бРел
587,10:05:27,13.88,-0.019999999999999574,26,36120.0,бТел
588,10:05:30,13.9,0.019999999999999574,3,4170.0,бРел
589,10:05:33,13.9,0.0,29,40298.0,бРел
590,10:05:36,13.9,0.0,21,29179.0,бРел
591,10:05:39,13.9,0.0,48,66720.0,бРел
592,10:05:45,13.9,0.0,22,30580.0,бРел
593,10:05:51,13.9,0.0,65,90412.0,бТел
594,10:05:54,13.91,0.009999999999999787,6,8346.0,жпптел
595,10:05:57,13.91,0.0,35,48685.0,бТел
596,10:06:06,13.92,0.009999999999999787,7,9744.0,бРел
597,10:06:12,13.91,-0.009999999999999787,38,52858.0,бТел
598,10:06:15,13.92,0.009999999999999787,227,315949.0,бРел
599,10:06:18,13.93,0.009999999999999787,1,1393.0,бРел
600,10:06:21,13.92,-0.009999999999999787,15,20885.0,бТел
601,10:06:27,13.92,0.0,6,8357.0,бТел
602,10:06:33,13.92,0.0,252,350884.0,бТел
603,10:06:36,13.91,-0.009999999999999787,28,38948.0,бТел
604,10:06:39,13.9,-0.009999999999999787,15,20858.0,бТел
605,10:06:45,13.91,0.009999999999999787,2,2782.0,бРел
606,10:06:48,13.9,-0.009999999999999787,69,95910.0,бТел
607,10:06:51,13.91,0.009999999999999787,39,54211.0,бРел
608,10:06:54,13.9,-0.009999999999999787,72,100080.0,бТел
609,10:06:57,13.9,0.0,13,18070.0,бТел
610,10:07:00,13.9,0.0,82,114030.0,бТел
611,10:07:03,13.9,0.0,20,27800.0,бРел
612,10:07:09,13.9,0.0,1,1390.0,бРел
613,10:07:12,13.89,-0.009999999999999787,104,144558.0,бТел
614,10:07:15,13.89,0.0,31,43059.0,бРел
615,10:07:18,13.88,-0.009999999999999787,2,2776.0,бТел
616,10:07:21,13.88,0.0,52,72221.0,бТел
617,10:07:24,13.88,0.0,8,11104.0,бРел
618,10:07:30,13.89,0.009999999999999787,36,49983.0,бРел
619,10:07:33,13.88,-0.009999999999999787,13,18054.0,жпптел
620,10:07:45,13.88,0.0,4,5552.0,бТел
621,10:07:48,13.89,0.009999999999999787,76,105564.0,бРел
622,10:07:54,13.89,0.0,14,19446.0,бТел
623,10:08:09,13.89,0.0,37,51393.0,бТел
624,10:08:12,13.9,0.009999999999999787,210,291889.0,бРел
625,10:08:18,13.9,0.0,31,43084.0,бРел
626,10:08:21,13.91,0.009999999999999787,1,1391.0,бРел
627,10:08:24,13.91,0.0,19,26429.0,бРел
628,10:08:27,13.91,0.0,9,12519.0,бРел
629,10:08:30,13.9,-0.009999999999999787,86,119553.0,бТел
630,10:08:33,13.92,0.019999999999999574,5,6960.0,бРел
631,10:08:36,13.92,0.0,8,11136.0,бТел
632,10:08:39,13.92,0.0,37,51504.0,бРел
633,10:08:45,13.92,0.0,10,13920.0,бТел
634,10:08:51,13.9,-0.019999999999999574,29,40334.0,бТел
635,10:08:57,13.92,0.019999999999999574,1,1392.0,бРел
636,10:09:06,13.9,-0.019999999999999574,100,139000.0,бТел
637,10:09:09,13.92,0.019999999999999574,16,22272.0,бРел
638,10:09:15,13.89,-0.02999999999999936,65,90334.0,бТел
639,10:09:18,13.9,0.009999999999999787,11,15280.0,бРел
640,10:09:21,13.9,0.0,1,1390.0,бРел
641,10:09:24,13.9,0.0,91,126452.0,бРел
642,10:09:27,13.89,-0.009999999999999787,2,2778.0,бРел
643,10:09:30,13.88,-0.009999999999999787,25,34724.0,бТел
644,10:09:33,13.87,-0.010000000000001563,86,119324.0,бТел
645,10:09:48,13.88,0.010000000000001563,45,62532.0,бТел
646,10:10:00,13.87,-0.010000000000001563,10,13870.0,бТел
647,10:10:09,13.88,0.010000000000001563,2,2776.0,бРел
648,10:10:12,13.89,0.009999999999999787,33,45816.0,бРел
649,10:10:21,13.9,0.009999999999999787,127,176530.0,бРел
650,10:10:27,13.89,-0.009999999999999787,84,116740.0,бТел
651,10:10:30,13.9,0.009999999999999787,57,79230.0,бРел
652,10:10:36,13.9,0.0,22,30580.0,бРел
653,10:10:39,13.9,0.0,5,6950.0,бТел
654,10:11:06,13.9,0.0,20,27800.0,бТел
655,10:11:09,13.9,0.0,10,13900.0,бТел
656,10:11:15,13.9,0.0,30,41700.0,бТел
657,10:11:18,13.9,0.0,10,13900.0,бТел
658,10:11:21,13.92,0.019999999999999574,1,1392.0,бРел
659,10:11:24,13.9,-0.019999999999999574,15,20850.0,бТел
660,10:11:36,13.9,0.0,8,11120.0,бРел
661,10:11:39,13.89,-0.009999999999999787,1,1389.0,бТел
662,10:11:45,13.89,0.0,5,6945.0,бТел
663,10:11:48,13.89,0.0,20,27780.0,бТел
664,10:11:54,13.89,0.0,5,6945.0,бТел
665,10:12:00,13.89,0.0,69,95841.0,бТел
666,10:12:09,13.88,-0.009999999999999787,10,13880.0,бТел
667,10:12:15,13.88,0.0,29,40252.0,бТел
668,10:12:18,13.88,0.0,21,29148.0,бРел
669,10:12:24,13.87,-0.010000000000001563,40,55480.0,бТел
670,10:12:27,13.88,0.010000000000001563,54,74914.0,бРел
671,10:12:36,13.88,0.0,1,1388.0,бРел
672,10:12:42,13.88,0.0,7,9716.0,бРел
673,10:12:51,13.89,0.009999999999999787,4,5556.0,бРел
674,10:12:54,13.89,0.0,26,36082.0,бРел
675,10:12:57,13.89,0.0,23,31947.0,бРел
676,10:13:00,13.89,0.0,3,4167.0,бРел
677,10:13:09,13.88,-0.009999999999999787,71,98613.0,жпптел
678,10:13:18,13.89,0.009999999999999787,8,11112.0,бРел
679,10:13:21,13.88,-0.009999999999999787,74,102751.0,бТел
680,10:13:24,13.89,0.009999999999999787,8,11112.0,жпптел
681,10:13:33,13.89,0.0,9,12501.0,бТел
682,10:13:36,13.89,0.0,3,4167.0,бРел
683,10:13:39,13.9,0.009999999999999787,29,40309.0,бРел
684,10:13:42,13.89,-0.009999999999999787,37,51415.0,бТел
685,10:13:51,13.89,0.0,10,13890.0,бТел
686,10:13:57,13.89,0.0,6,8334.0,бРел
687,10:14:06,13.88,-0.009999999999999787,20,27760.0,бТел
688,10:14:09,13.89,0.009999999999999787,2,2778.0,бРел
689,10:14:15,13.88,-0.009999999999999787,20,27760.0,бТел
690,10:14:18,13.88,0.0,20,27760.0,бТел
691,10:14:21,13.88,0.0,1,1388.0,бТел
692,10:14:30,13.87,-0.010000000000001563,11,15257.0,бТел
693,10:14:36,13.88,0.010000000000001563,47,65198.0,бРел
694,10:14:42,13.87,-0.010000000000001563,45,62415.0,бТел
695,10:14:45,13.87,0.0,11,15257.0,бРел
696,10:14:48,13.87,0.0,6,8322.0,бРел
697,10:14:51,13.87,0.0,20,27740.0,бРел
698,10:14:57,13.87,0.0,3,4161.0,бРел
699,10:15:03,13.86,-0.009999999999999787,14,19404.0,бТел
700,10:15:06,13.87,0.009999999999999787,68,94316.0,бРел
701,10:15:09,13.86,-0.009999999999999787,133,184338.0,бТел
702,10:15:12,13.86,0.0,92,127512.0,бТел
703,10:15:18,13.86,0.0,54,74844.0,бРел
704,10:15:21,13.86,0.0,49,67914.0,бРел
705,10:15:24,13.87,0.009999999999999787,18,24949.0,бРел
706,10:15:27,13.88,0.010000000000001563,194,268923.0,бРел
707,10:15:36,13.89,0.009999999999999787,5,6945.0,бРел
708,10:15:45,13.89,0.0,12,16668.0,бРел
709,10:15:51,13.9,0.009999999999999787,17,23630.0,бРел
710,10:16:06,13.91,0.009999999999999787,40,55640.0,бРел
711,10:16:12,13.91,0.0,78,108546.0,бТел
712,10:16:15,13.93,0.019999999999999574,35,48743.0,бРел
713,10:16:18,13.93,0.0,20,27860.0,бРел
714,10:16:21,13.94,0.009999999999999787,31,43184.0,бРел
715,10:16:24,13.94,0.0,16,22304.0,бРел
716,10:16:27,13.93,-0.009999999999999787,14,19502.0,бТел
717,10:16:30,13.93,0.0,2,2786.0,бТел
718,10:16:33,13.94,0.009999999999999787,32,44608.0,бРел
719,10:16:39,13.95,0.009999999999999787,1,1395.0,бРел
720,10:16:42,13.95,0.0,104,144980.0,бРел
721,10:16:45,13.95,0.0,1,1395.0,бРел
722,10:16:48,13.94,-0.009999999999999787,86,119884.0,бТел
723,10:16:51,13.94,0.0,138,192472.0,бТел
724,10:16:54,13.93,-0.009999999999999787,48,66868.0,бТел
725,10:17:03,13.93,0.0,31,43183.0,бРел
726,10:17:06,13.92,-0.009999999999999787,10,13920.0,бТел
727,10:17:09,13.93,0.009999999999999787,3,4179.0,бРел
728,10:17:12,13.92,-0.009999999999999787,25,34813.0,бТел
729,10:17:15,13.92,0.0,4,5568.0,бРел
730,10:17:18,13.92,0.0,5,6960.0,бРел
731,10:17:21,13.92,0.0,20,27840.0,бРел
732,10:17:24,13.92,0.0,22,30624.0,бРел
733,10:17:27,13.92,0.0,10,13920.0,бРел
734,10:17:30,13.92,0.0,11,15312.0,бРел
735,10:17:33,13.92,0.0,8,11136.0,бРел
736,10:17:36,13.9,-0.019999999999999574,72,100118.0,бТел
737,10:17:39,13.9,0.0,4,5560.0,бРел
738,10:17:42,13.92,0.019999999999999574,14,19464.0,бРел
739,10:17:45,13.91,-0.009999999999999787,2,2782.0,бРел
740,10:17:48,13.9,-0.009999999999999787,3,4170.0,жпптел
741,10:17:51,13.91,0.009999999999999787,9,12519.0,бРел
742,10:17:54,13.89,-0.019999999999999574,125,173738.0,бТел
743,10:18:06,13.89,0.0,17,23613.0,бРел
744,10:18:09,13.89,0.0,50,69450.0,бРел
745,10:18:12,13.89,0.0,12,16668.0,бРел
746,10:18:18,13.89,0.0,60,83351.0,бТел
747,10:18:21,13.9,0.009999999999999787,12,16680.0,бРел
748,10:18:24,13.89,-0.009999999999999787,8,11112.0,бТел
749,10:18:27,13.89,0.0,9,12501.0,бРел
750,10:18:30,13.89,0.0,6,8334.0,бРел
751,10:18:33,13.89,0.0,4,5556.0,бРел
752,10:18:36,13.88,-0.009999999999999787,48,66639.0,бТел
753,10:18:39,13.89,0.009999999999999787,6,8334.0,бРел
754,10:18:42,13.88,-0.009999999999999787,39,54132.0,бТел
755,10:18:48,13.88,0.0,11,15268.0,бРел
756,10:18:51,13.89,0.009999999999999787,6,8332.0,бРел
757,10:18:54,13.89,0.0,8,11112.0,бРел
758,10:18:57,13.89,0.0,4,5556.0,бРел
759,10:19:06,13.88,-0.009999999999999787,5,6940.0,бТел
760,10:19:09,13.89,0.009999999999999787,11,15279.0,бРел
761,10:19:12,13.89,0.0,100,138795.0,бРел
762,10:19:15,13.88,-0.009999999999999787,8,11108.0,бТел
763,10:19:18,13.88,0.0,4,5552.0,бРел
764,10:19:21,13.88,0.0,10,13880.0,бРел
765,10:19:24,13.87,-0.010000000000001563,11,15257.0,бТел
766,10:19:27,13.87,0.0,25,34675.0,бРел
767,10:19:30,13.88,0.010000000000001563,13,18034.0,бРел
768,10:19:33,13.87,-0.010000000000001563,7,9712.0,жпптел
769,10:19:36,13.88,0.010000000000001563,4,5552.0,бРел
770,10:19:42,13.87,-0.010000000000001563,30,41617.0,бТел
771,10:19:48,13.87,0.0,4,5548.0,бТел
772,10:19:51,13.87,0.0,7,9709.0,бТел
773,10:20:00,13.88,0.010000000000001563,4,5552.0,бРел
774,10:20:03,13.87,-0.010000000000001563,3,4161.0,бТел
775,10:20:06,13.87,0.0,34,47158.0,бТел
776,10:20:09,13.87,0.0,2,2774.0,бТел
777,10:20:12,13.87,0.0,19,26353.0,бТел
778,10:20:15,13.87,0.0,11,15257.0,бРел
779,10:20:21,13.87,0.0,14,19418.0,бРел
780,10:20:33,13.87,0.0,28,38836.0,бРел
781,10:20:36,13.87,0.0,57,79058.0,бРел
782,10:20:39,13.86,-0.009999999999999787,5,6934.0,бТел
783,10:20:45,13.87,0.009999999999999787,15,20805.0,бРел
784,10:20:48,13.87,0.0,5,6932.0,бРел
785,10:20:51,13.87,0.0,4,5548.0,бРел
786,10:20:54,13.87,0.0,1,1387.0,бРел
787,10:21:00,13.87,0.0,3,4161.0,бРел
788,10:21:03,13.87,0.0,51,70727.0,бРел
789,10:21:06,13.86,-0.009999999999999787,70,97020.0,бТел
790,10:21:09,13.87,0.009999999999999787,16,22192.0,бРел
791,10:21:12,13.86,-0.009999999999999787,127,176022.0,бТел
792,10:21:15,13.86,0.0,23,31878.0,бРел
793,10:21:18,13.86,0.0,29,40194.0,бРел
794,10:21:21,13.85,-0.009999999999999787,146,202222.0,бТел
795,10:21:30,13.85,0.0,3,4155.0,бРел
796,10:21:33,13.85,0.0,317,438742.0,бРел
797,10:21:36,13.85,0.0,10,13845.0,бРел
798,10:21:39,13.84,-0.009999999999999787,31,42904.0,бТел
799,10:21:45,13.84,0.0,226,312784.0,бТел
800,10:21:48,13.84,0.0,4,5536.0,бРел
801,10:21:51,13.84,0.0,4,5536.0,бРел
802,10:21:57,13.84,0.0,6,8304.0,бРел
803,10:22:00,13.84,0.0,23,31812.0,бРел
804,10:22:03,13.84,0.0,4,5536.0,бРел
805,10:22:09,13.84,0.0,44,60896.0,бРел
806,10:22:12,13.83,-0.009999999999999787,92,127253.0,бТел
807,10:22:15,13.83,0.0,100,138300.0,бРел
808,10:22:18,13.85,0.019999999999999574,80,110749.0,бРел
809,10:22:21,13.85,0.0,3,4151.0,бРел
810,10:22:33,13.85,0.0,118,163430.0,бРел
811,10:22:36,13.85,0.0,1,1385.0,бРел
812,10:22:39,13.85,0.0,16,22160.0,бРел
813,10:22:42,13.85,0.0,71,98335.0,бРел
814,10:22:45,13.85,0.0,60,83100.0,бРел
815,10:22:48,13.86,0.009999999999999787,3,4158.0,бРел
816,10:22:51,13.87,0.009999999999999787,16,22192.0,бРел
817,10:22:57,13.87,0.0,7,9710.0,бТел
818,10:23:00,13.85,-0.019999999999999574,100,138604.0,бТел
819,10:23:03,13.89,0.040000000000000924,5,6941.0,бРел
820,10:23:06,13.87,-0.02000000000000135,147,203651.0,бТел
821,10:23:09,13.87,0.0,7,9701.0,бРел
822,10:23:15,13.87,0.0,22,30514.0,бРел
823,10:23:21,13.89,0.02000000000000135,1,1389.0,бРел
824,10:23:30,13.89,0.0,2,2778.0,бРел
825,10:23:33,13.87,-0.02000000000000135,100,138712.0,бТел
826,10:23:36,13.9,0.030000000000001137,15,20840.0,бРел
827,10:23:39,13.89,-0.009999999999999787,27,37526.0,бТел
828,10:23:42,13.89,0.0,8,11112.0,бРел
829,10:23:51,13.89,0.0,25,34725.0,бРел
830,10:24:00,13.89,0.0,61,84729.0,бТел
831,10:24:03,13.89,0.0,35,48615.0,бРел
832,10:24:06,13.92,0.02999999999999936,4,5562.0,бРел
833,10:24:12,13.91,-0.009999999999999787,12,16692.0,бТел
834,10:24:15,13.92,0.009999999999999787,11,15302.0,бРел
835,10:24:18,13.92,0.0,8,11136.0,бРел
836,10:24:27,13.92,0.0,13,18096.0,бТел
837,10:24:30,13.91,-0.009999999999999787,33,45903.0,бТел
838,10:24:36,13.91,0.0,11,15301.0,бРел
839,10:24:39,13.91,0.0,3,4173.0,бРел
840,10:24:42,13.9,-0.009999999999999787,9,12515.0,бТел
841,10:24:45,13.91,0.009999999999999787,5,6955.0,бРел
842,10:24:48,13.91,0.0,30,41730.0,бРел
843,10:24:57,13.92,0.009999999999999787,16,22272.0,бРел
844,10:25:00,13.91,-0.009999999999999787,13,18087.0,бТел
845,10:25:03,13.92,0.009999999999999787,24,33387.0,бРел
846,10:25:09,13.91,-0.009999999999999787,17,23647.0,бРел
847,10:25:15,13.91,0.0,11,15301.0,бРел
848,10:25:18,13.91,0.0,4,5564.0,бРел
849,10:25:21,13.91,0.0,12,16692.0,бРел
850,10:25:24,13.91,0.0,5,6955.0,бРел
851,10:25:27,13.91,0.0,34,47294.0,бРел
852,10:25:33,13.9,-0.009999999999999787,29,40313.0,бТел
853,10:25:54,13.91,0.009999999999999787,1,1391.0,бРел
854,10:25:57,13.91,0.0,9,12519.0,бРел
855,10:26:03,13.91,0.0,5,6955.0,бТел
856,10:26:06,13.91,0.0,27,37557.0,бТел
857,10:26:09,13.92,0.009999999999999787,23,32006.0,бРел
858,10:26:15,13.91,-0.009999999999999787,11,15301.0,бРел
859,10:26:18,13.91,0.0,2,2782.0,бТел
860,10:26:24,13.91,0.0,10,13910.0,бТел
861,10:26:27,13.92,0.009999999999999787,39,54288.0,бРел
862,10:26:30,13.92,0.0,33,45936.0,бРел
863,10:26:33,13.92,0.0,6,8352.0,бРел
864,10:26:36,13.92,0.0,4,5568.0,бРел
865,10:26:39,13.92,0.0,10,13920.0,бРел
866,10:26:42,13.92,0.0,22,30624.0,бРел
867,10:26:45,13.93,0.009999999999999787,15,20882.0,бРел
868,10:26:51,13.93,0.0,29,40372.0,бРел
869,10:26:54,13.93,0.0,91,126763.0,бРел
870,10:26:57,13.92,-0.009999999999999787,9,12528.0,бТел
871,10:27:03,13.93,0.009999999999999787,23,32039.0,бРел
872,10:27:06,13.94,0.009999999999999787,23,32062.0,бРел
873,10:27:09,13.94,0.0,4,5576.0,бРел
874,10:27:12,13.94,0.0,4,5576.0,бРел
875,10:27:15,13.94,0.0,84,117046.0,бРел
876,10:27:18,13.92,-0.019999999999999574,17,23678.0,бТел
877,10:27:21,13.95,0.02999999999999936,7,9759.0,бРел
878,10:27:24,13.94,-0.009999999999999787,14,19526.0,бТел
879,10:27:27,13.95,0.009999999999999787,90,125550.0,бРел
880,10:27:30,13.93,-0.019999999999999574,30,41809.0,бТел
881,10:27:33,13.94,0.009999999999999787,30,41830.0,бТел
882,10:27:36,13.93,-0.009999999999999787,1,1393.0,бРел
883,10:27:39,13.92,-0.009999999999999787,60,83647.0,бТел
884,10:27:42,13.94,0.019999999999999574,9,12548.0,бРел
885,10:27:54,13.96,0.02000000000000135,4,5584.0,бРел
886,10:28:00,13.96,0.0,62,86552.0,бРел
887,10:28:03,13.96,0.0,45,62787.0,бРел
888,10:28:06,13.96,0.0,104,145184.0,бТел
889,10:28:09,13.96,0.0,10,13960.0,бТел
890,10:28:12,13.96,0.0,10,13960.0,бТел
891,10:28:21,13.97,0.009999999999999787,1,1397.0,бРел
892,10:28:24,13.96,-0.009999999999999787,32,44675.0,бТел
893,10:28:27,13.97,0.009999999999999787,31,43297.0,бРел
894,10:28:30,13.96,-0.009999999999999787,71,99116.0,бТел
895,10:28:33,13.9,-0.0600000000000005,43,59830.0,бТел
896,10:28:36,13.95,0.049999999999998934,5,6975.0,бРел
897,10:28:51,13.94,-0.009999999999999787,5,6970.0,бРел
898,10:28:54,13.94,0.0,1,1394.0,бРел
899,10:28:57,13.94,0.0,13,18122.0,бРел
900,10:29:09,13.94,0.0,1,1394.0,бТел
901,10:29:12,13.94,0.0,30,41820.0,бТел
902,10:29:15,13.95,0.009999999999999787,49,68316.0,бРел
903,10:29:18,13.95,0.0,16,22320.0,бРел
904,10:29:24,13.94,-0.009999999999999787,10,13940.0,бТел
905,10:29:27,13.95,0.009999999999999787,7,9765.0,бРел
906,10:29:30,13.95,0.0,8,11160.0,бРел
907,10:29:36,13.94,-0.009999999999999787,14,19516.0,бТел
908,10:29:39,13.95,0.009999999999999787,15,20919.0,бРел
909,10:29:51,13.94,-0.009999999999999787,8,11152.0,бРел
910,10:29:54,13.94,0.0,1,1394.0,бРел
911,10:29:57,13.93,-0.009999999999999787,5,6965.0,бТел
912,10:30:06,13.93,0.0,1,1393.0,бРел
913,10:30:09,13.93,0.0,7,9751.0,бРел
914,10:30:27,13.91,-0.019999999999999574,50,69575.0,бТел
915,10:30:33,13.91,0.0,9,12519.0,бРел
916,10:30:39,13.93,0.019999999999999574,10,13930.0,бРел
917,10:30:51,13.93,0.0,20,27860.0,бРел
918,10:31:06,13.92,-0.009999999999999787,13,18096.0,бРел
919,10:31:09,13.93,0.009999999999999787,21,29246.0,бРел
920,10:31:15,13.91,-0.019999999999999574,8,11133.0,бТел
921,10:31:18,13.93,0.019999999999999574,3,4175.0,бРел
922,10:31:21,13.93,0.0,1,1393.0,бРел
923,10:31:24,13.91,-0.019999999999999574,15,20865.0,бТел
924,10:31:27,13.91,0.0,30,41730.0,бРел
925,10:31:30,13.93,0.019999999999999574,21,29243.0,бРел
926,10:31:33,13.93,0.0,26,36218.0,бРел
927,10:31:42,13.9,-0.02999999999999936,78,108535.0,бТел
928,10:31:51,13.94,0.03999999999999915,19,26480.0,бРел
929,10:32:06,13.94,0.0,1,1394.0,бРел
930,10:32:09,13.94,0.0,8,11152.0,бРел
931,10:32:15,13.95,0.009999999999999787,42,58590.0,бРел
932,10:32:18,13.95,0.0,1,1395.0,бРел
933,10:32:21,13.95,0.0,9,12555.0,бРел
934,10:32:24,13.93,-0.019999999999999574,20,27860.0,бТел
935,10:32:36,13.94,0.009999999999999787,1,1394.0,бРел
936,10:32:45,13.94,0.0,6,8364.0,бРел
937,10:32:48,13.92,-0.019999999999999574,54,75212.0,бТел
938,10:32:51,13.92,0.0,5,6960.0,бРел
939,10:32:54,13.92,0.0,82,114144.0,бРел
940,10:32:57,13.92,0.0,94,130848.0,бРел
941,10:33:00,13.92,0.0,12,16704.0,бРел
942,10:33:03,13.92,0.0,2,2784.0,бТел
943,10:33:06,13.94,0.019999999999999574,1,1394.0,бРел
944,10:33:12,13.94,0.0,19,26486.0,бРел
945,10:33:15,13.95,0.009999999999999787,3,4185.0,бРел
946,10:33:21,13.95,0.0,9,12555.0,бРел
947,10:33:24,13.94,-0.009999999999999787,50,69700.0,бТел
948,10:33:27,13.95,0.009999999999999787,21,29295.0,бРел
949,10:33:30,13.95,0.0,16,22320.0,бТел
950,10:33:36,13.95,0.0,1,1395.0,бРел
951,10:33:54,13.96,0.010000000000001563,74,103270.0,бРел
952,10:33:57,13.95,-0.010000000000001563,105,146572.0,бТел
953,10:34:00,13.96,0.010000000000001563,57,79572.0,бРел
954,10:34:06,13.97,0.009999999999999787,34,47494.0,бРел
955,10:34:09,13.96,-0.009999999999999787,13,18148.0,бТел
956,10:34:12,13.97,0.009999999999999787,25,34925.0,бРел
957,10:34:15,13.97,0.0,50,69837.0,бРел
958,10:34:18,13.98,0.009999999999999787,3,4194.0,бРел
959,10:34:24,13.98,0.0,11,15376.0,бРел
960,10:34:27,13.99,0.009999999999999787,266,372126.0,бРел
961,10:34:30,13.99,0.0,169,236580.0,бТел
962,10:34:33,14.0,0.009999999999999787,10,14000.0,жпптел
963,10:34:36,14.01,0.009999999999999787,1,1401.0,бРел
964,10:34:42,14.01,0.0,32,44832.0,бРел
965,10:34:45,14.01,0.0,16,22416.0,бРел
966,10:34:48,14.0,-0.009999999999999787,44,61629.0,бТел
967,10:34:51,14.03,0.02999999999999936,56,78510.0,бРел
968,10:34:54,14.03,0.0,13,18239.0,бРел
969,10:34:57,14.03,0.0,10,14031.0,бТел
970,10:35:00,14.03,0.0,10,14030.0,бТел
971,10:35:03,14.05,0.02000000000000135,6,8430.0,бРел
972,10:35:06,14.05,0.0,3,4213.0,бРел
973,10:35:09,14.05,0.0,3,4215.0,бРел
974,10:35:12,14.05,0.0,15,21075.0,бРел
975,10:35:15,14.05,0.0,6,8430.0,бРел
976,10:35:18,14.05,0.0,5,7025.0,бТел
977,10:35:21,14.05,0.0,11,15461.0,бТел
978,10:35:24,14.06,0.009999999999999787,62,87111.0,бРел
979,10:35:27,14.05,-0.009999999999999787,26,36548.0,бТел
980,10:35:30,14.02,-0.030000000000001137,96,134814.0,бТел
981,10:35:33,14.04,0.019999999999999574,9,12641.0,жпптел
982,10:35:39,14.04,0.0,18,25272.0,бРел
983,10:35:42,14.03,-0.009999999999999787,11,15433.0,жпптел
984,10:35:45,14.02,-0.009999999999999787,1,1402.0,бТел
985,10:35:48,14.03,0.009999999999999787,38,53296.0,бРел
986,10:35:57,14.03,0.0,12,16831.0,бРел
987,10:36:06,14.02,-0.009999999999999787,1,1402.0,жпптел
988,10:36:12,14.01,-0.009999999999999787,4,5604.0,бТел
989,10:36:15,14.01,0.0,46,64489.0,бТел
990,10:36:18,14.0,-0.009999999999999787,57,79829.0,бТел
991,10:36:21,14.0,0.0,2,2800.0,бТел
992,10:36:24,14.01,0.009999999999999787,27,37827.0,бРел
993,10:36:27,14.01,0.0,27,37827.0,бРел
994,10:36:30,14.01,0.0,38,53228.0,бРел
995,10:36:36,14.01,0.0,14,19614.0,бРел
996,10:36:39,14.02,0.009999999999999787,31,43449.0,бРел
997,10:36:42,14.01,-0.009999999999999787,18,25235.0,бТел
998,10:36:45,14.0,-0.009999999999999787,62,86912.0,бТел
999,10:36:48,14.01,0.009999999999999787,30,42030.0,бРел
1000,10:36:54,14.0,-0.009999999999999787,38,53226.0,бТел
1001,10:36:57,14.0,0.0,136,190400.0,бТел
1002,10:37:09,14.0,0.0,66,92340.0,бРел
1003,10:37:12,13.99,-0.009999999999999787,285,398730.0,бТел
1004,10:37:15,13.99,0.0,36,50364.0,бРел
1005,10:37:21,13.98,-0.009999999999999787,9,12583.0,бТел
1006,10:37:27,13.97,-0.009999999999999787,11,15376.0,бТел
1007,10:37:36,13.97,0.0,3,4191.0,бРел
1008,10:37:42,13.97,0.0,17,23749.0,бРел
1009,10:37:45,13.97,0.0,54,75438.0,бРел
1010,10:37:48,13.97,0.0,29,40513.0,бРел
1011,10:37:51,13.97,0.0,5,6985.0,бРел
1012,10:37:54,13.97,0.0,26,36322.0,бРел
1013,10:38:00,13.97,0.0,55,76835.0,бРел
1014,10:38:03,13.96,-0.009999999999999787,24,33506.0,бТел
1015,10:38:06,13.98,0.019999999999999574,40,55920.0,бРел
1016,10:38:09,13.99,0.009999999999999787,1,1399.0,бРел
1017,10:38:12,13.98,-0.009999999999999787,23,32175.0,бТел
1018,10:38:15,14.0,0.019999999999999574,51,71325.0,бРел
1019,10:38:18,14.0,0.0,6,8400.0,бРел
1020,10:38:21,13.99,-0.009999999999999787,5,6996.0,бТел
1021,10:38:30,14.0,0.009999999999999787,12,16800.0,бРел
1022,10:38:39,14.0,0.0,2,2800.0,бРел
1023,10:38:42,14.0,0.0,16,22400.0,бРел
1024,10:38:45,14.0,0.0,10,14000.0,бРел
1025,10:38:48,14.0,0.0,11,15391.0,бРел
1026,10:38:51,14.0,0.0,4,5600.0,бТел
1027,10:38:57,14.01,0.009999999999999787,42,58813.0,бРел
1028,10:39:06,14.01,0.0,1,1401.0,бРел
1029,10:39:12,13.99,-0.019999999999999574,4,5597.0,бТел
1030,10:39:15,14.0,0.009999999999999787,14,19600.0,бРел
1031,10:39:18,13.99,-0.009999999999999787,14,19590.0,бТел
1032,10:39:21,14.0,0.009999999999999787,1,1400.0,бРел
1033,10:39:24,13.99,-0.009999999999999787,52,72748.0,бТел
1034,10:39:27,13.99,0.0,10,13990.0,бРел
1035,10:39:36,13.97,-0.019999999999999574,8,11176.0,бТел
1036,10:39:39,13.97,0.0,66,92204.0,бТел
1037,10:39:42,13.95,-0.02000000000000135,11,15345.0,бТел
1038,10:39:45,13.95,0.0,13,18135.0,бРел
1039,10:39:48,13.95,0.0,7,9765.0,бРел
1040,10:39:54,13.95,0.0,31,43245.0,бРел
1041,10:40:09,13.91,-0.03999999999999915,33,45935.0,бТел
1042,10:40:15,13.91,0.0,1,1391.0,бТел
1043,10:40:18,13.92,0.009999999999999787,10,13915.0,бРел
1044,10:40:21,13.92,0.0,67,93264.0,бРел
1045,10:40:27,13.93,0.009999999999999787,11,15316.0,бРел
1046,10:40:30,13.93,0.0,2,2786.0,бРел
1047,10:40:36,13.92,-0.009999999999999787,58,80752.0,бТел
1048,10:40:39,13.92,0.0,24,33408.0,бРел
1049,10:40:45,13.92,0.0,50,69600.0,бРел
1050,10:40:48,13.92,0.0,16,22272.0,бРел
1051,10:40:51,13.91,-0.009999999999999787,38,52874.0,бТел
1052,10:40:54,13.9,-0.009999999999999787,2,2780.0,бТел
1053,10:40:57,13.91,0.009999999999999787,25,34775.0,бРел
1054,10:41:00,13.9,-0.009999999999999787,17,23630.0,бТел
1055,10:41:03,13.9,0.0,43,59809.0,бТел
1056,10:41:06,13.9,0.0,17,23631.0,бТел
1057,10:41:09,13.9,0.0,4,5560.0,бРел
1058,10:41:12,13.9,0.0,81,112590.0,бРел
1059,10:41:15,13.9,0.0,16,22240.0,бРел
1060,10:41:18,13.91,0.009999999999999787,26,36151.0,бРел
1061,10:41:21,13.91,0.0,6,8346.0,бРел
1062,10:41:24,13.91,0.0,5,6955.0,бРел
1063,10:41:39,13.93,0.019999999999999574,4,5572.0,бРел
1064,10:41:42,13.95,0.019999999999999574,30,41841.0,бРел
1065,10:41:51,13.94,-0.009999999999999787,4,5576.0,бТел
1066,10:42:00,13.95,0.009999999999999787,30,41850.0,бРел
1067,10:42:03,13.95,0.0,3,4185.0,бРел
1068,10:42:06,13.95,0.0,2,2790.0,бРел
1069,10:42:09,13.95,0.0,5,6975.0,бРел
1070,10:42:18,13.96,0.010000000000001563,10,13960.0,бРел
1071,10:42:24,13.96,0.0,23,32108.0,бТел
1072,10:42:51,13.95,-0.010000000000001563,8,11161.0,бТел
1073,10:42:54,13.95,0.0,9,12555.0,бТел
1074,10:43:00,13.95,0.0,11,15345.0,бТел
1075,10:43:06,13.95,0.0,1,1395.0,бРел
1076,10:43:09,13.95,0.0,2,2790.0,бРел
1077,10:43:12,13.95,0.0,2,2790.0,бРел
1078,10:43:18,13.95,0.0,6,8370.0,бРел
1079,10:43:33,13.94,-0.009999999999999787,56,78114.0,бТел
1080,10:43:36,13.93,-0.009999999999999787,13,18109.0,бТел
1081,10:43:39,13.95,0.019999999999999574,39,54377.0,бРел
1082,10:43:42,13.96,0.010000000000001563,8,11168.0,бРел
1083,10:43:45,13.96,0.0,12,16752.0,бРел
1084,10:43:54,13.96,0.0,7,9774.0,бТел
1085,10:43:57,13.96,0.0,15,20940.0,бТел
1086,10:44:00,13.97,0.009999999999999787,4,5588.0,бРел
1087,10:44:03,13.96,-0.009999999999999787,13,18154.0,бТел
1088,10:44:06,13.97,0.009999999999999787,35,48895.0,бРел
1089,10:44:09,13.97,0.0,52,72644.0,бРел
1090,10:44:12,13.97,0.0,5,6985.0,бТел
1091,10:44:18,13.98,0.009999999999999787,7,9786.0,бРел
1092,10:44:21,13.97,-0.009999999999999787,16,22352.0,бТел
1093,10:44:24,13.97,0.0,14,19558.0,бРел
1094,10:44:36,13.97,0.0,6,8382.0,бРел
1095,10:44:39,13.97,0.0,1,1397.0,бРел
1096,10:44:48,13.97,0.0,4,5588.0,бРел
1097,10:44:57,13.96,-0.009999999999999787,10,13960.0,бТел
1098,10:45:06,13.97,0.009999999999999787,2,2794.0,бРел
1099,10:45:09,13.96,-0.009999999999999787,20,27935.0,бТел
1100,10:45:15,13.97,0.009999999999999787,39,54448.0,бРел
1101,10:45:21,13.97,0.0,3,4191.0,бРел
1102,10:45:36,13.97,0.0,1,1397.0,бРел
1103,10:45:45,13.96,-0.009999999999999787,32,44672.0,бТел
1104,10:46:00,13.95,-0.010000000000001563,5,6975.0,бТел
1105,10:46:09,13.95,0.0,1,1395.0,бТел
1106,10:46:21,13.96,0.010000000000001563,3,4188.0,бРел
1107,10:46:30,13.96,0.0,4,5584.0,бРел
1108,10:46:36,13.96,0.0,1,1396.0,бРел
1109,10:46:39,13.95,-0.010000000000001563,29,40455.0,бТел
1110,10:46:42,13.96,0.010000000000001563,11,15355.0,бРел
1111,10:46:57,13.96,0.0,1,1396.0,бРел
1112,10:47:06,13.96,0.0,1,1396.0,бРел
1113,10:47:15,13.95,-0.010000000000001563,4,5580.0,бТел
1114,10:47:33,13.95,0.0,15,20925.0,бТел
1115,10:47:36,13.96,0.010000000000001563,6,8371.0,бРел
1116,10:47:48,13.95,-0.010000000000001563,19,26505.0,бТел
1117,10:47:54,13.95,0.0,1,1395.0,бРел
1118,10:47:57,13.95,0.0,7,9765.0,бРел
1119,10:48:03,13.95,0.0,20,27900.0,бРел
1120,10:48:06,13.97,0.02000000000000135,47,65633.0,бРел
1121,10:48:09,13.94,-0.030000000000001137,2,2788.0,бТел
1122,10:48:12,13.94,0.0,2,2788.0,бТел
1123,10:48:21,13.97,0.030000000000001137,8,11176.0,бРел
1124,10:48:33,13.95,-0.02000000000000135,6,8370.0,бТел
1125,10:48:36,13.96,0.010000000000001563,1,1396.0,бРел
1126,10:48:42,13.95,-0.010000000000001563,17,23715.0,бТел
1127,10:48:48,13.96,0.010000000000001563,59,82314.0,бРел
1128,10:48:51,13.97,0.009999999999999787,1,1397.0,бРел
1129,10:49:06,13.97,0.0,8,11176.0,бРел
1130,10:49:12,13.97,0.0,2,2794.0,бТел
1131,10:49:15,13.96,-0.009999999999999787,12,16752.0,бТел
1132,10:49:21,13.96,0.0,1,1396.0,бРел
1133,10:49:27,13.96,0.0,8,11168.0,бРел
1134,10:50:06,13.96,0.0,1,1396.0,бРел
1135,10:50:09,13.94,-0.02000000000000135,30,41860.0,бТел
1136,10:50:12,13.94,0.0,7,9758.0,жпптел
1137,10:50:15,13.95,0.009999999999999787,13,18135.0,бТел
1138,10:50:18,13.95,0.0,5,6975.0,бТел
1139,10:50:24,13.95,0.0,1,1395.0,бРел
1140,10:50:27,13.96,0.010000000000001563,19,26524.0,бРел
1141,10:50:30,13.92,-0.040000000000000924,17,23701.0,бТел
1142,10:50:42,13.92,0.0,8,11136.0,бТел
1143,10:50:51,13.94,0.019999999999999574,19,26450.0,бРел
1144,10:50:57,13.92,-0.019999999999999574,28,38965.0,бРел
1145,10:51:03,13.93,0.009999999999999787,71,98903.0,бТел
1146,10:51:06,13.94,0.009999999999999787,1,1394.0,бРел
1147,10:51:09,13.93,-0.009999999999999787,13,18109.0,бТел
1148,10:51:15,13.92,-0.009999999999999787,20,27840.0,бРел
1149,10:51:24,13.92,0.0,4,5568.0,бРел
1150,10:51:39,13.92,0.0,10,13920.0,бТел
1151,10:51:42,13.92,0.0,8,11136.0,бТел
1152,10:51:57,13.92,0.0,10,13920.0,бТел
1153,10:52:06,13.94,0.019999999999999574,10,13930.0,бРел
1154,10:52:15,13.94,0.0,8,11152.0,бРел
1155,10:52:33,13.94,0.0,12,16728.0,бРел
1156,10:52:39,13.93,-0.009999999999999787,23,32039.0,бТел
1157,10:52:51,13.93,0.0,9,12537.0,бРел
1158,10:53:00,13.93,0.0,9,12537.0,бРел
1159,10:53:06,13.91,-0.019999999999999574,207,288011.0,бТел
1160,10:53:24,13.91,0.0,64,88935.0,бРел
1161,10:53:30,13.91,0.0,18,25038.0,бРел
1162,10:53:36,13.9,-0.009999999999999787,3,4171.0,бТел
1163,10:53:48,13.92,0.019999999999999574,1,1392.0,бРел
1164,10:53:51,13.91,-0.009999999999999787,20,27821.0,бТел
1165,10:54:06,13.91,0.0,1,1391.0,бРел
1166,10:54:09,13.91,0.0,4,5564.0,бРел
1167,10:54:12,13.91,0.0,21,29201.0,бРел
1168,10:54:15,13.91,0.0,10,13910.0,бРел
1169,10:54:18,13.9,-0.009999999999999787,1,1390.0,бТел
1170,10:54:24,13.9,0.0,3,4170.0,бТел
1171,10:54:27,13.9,0.0,60,83408.0,бТел
1172,10:54:30,13.9,0.0,4,5560.0,бТел
1173,10:54:33,13.88,-0.019999999999999574,100,138859.0,бТел
1174,10:54:36,13.9,0.019999999999999574,1,1390.0,бРел
1175,10:54:45,13.88,-0.019999999999999574,65,90220.0,бТел
1176,10:54:51,13.9,0.019999999999999574,1,1390.0,бРел
1177,10:54:54,13.88,-0.019999999999999574,46,63848.0,бТел
1178,10:55:12,13.87,-0.010000000000001563,114,158070.0,бТел
1179,10:55:15,13.86,-0.009999999999999787,19,26348.0,бТел
1180,10:55:24,13.86,0.0,1,1386.0,бРел
1181,10:55:27,13.85,-0.009999999999999787,13,18009.0,бТел
1182,10:55:30,13.85,0.0,123,170380.0,бТел
1183,10:55:36,13.85,0.0,8,11080.0,бРел
1184,10:55:39,13.85,0.0,28,38780.0,бРел
1185,10:55:42,13.84,-0.009999999999999787,11,15225.0,бТел
1186,10:55:45,13.84,0.0,1,1384.0,бРел
1187,10:55:48,13.84,0.0,42,58128.0,бРел
1188,10:55:54,13.85,0.009999999999999787,72,99679.0,бРел
1189,10:55:57,13.85,0.0,5,6925.0,бРел
1190,10:56:00,13.85,0.0,7,9695.0,бРел
1191,10:56:03,13.83,-0.019999999999999574,30,41517.0,бТел
1192,10:56:06,13.86,0.02999999999999936,1,1386.0,бРел
1193,10:56:12,13.86,0.0,7,9702.0,бРел
1194,10:56:21,13.87,0.009999999999999787,6,8322.0,бРел
1195,10:56:24,13.87,0.0,1,1387.0,бРел
1196,10:56:30,13.86,-0.009999999999999787,35,48533.0,бТел
1197,10:56:33,13.87,0.009999999999999787,8,11096.0,бРел
1198,10:56:36,13.86,-0.009999999999999787,5,6930.0,бТел
1199,10:56:39,13.86,0.0,1,1386.0,бТел
1200,10:56:51,13.87,0.009999999999999787,1,1387.0,бРел
1201,10:57:03,13.86,-0.009999999999999787,15,20790.0,бРел
1202,10:57:06,13.86,0.0,5,6930.0,бРел
1203,10:57:21,13.86,0.0,10,13860.0,бТел
1204,10:57:27,13.87,0.009999999999999787,32,44377.0,бРел
1205,10:57:30,13.86,-0.009999999999999787,14,19404.0,бТел
1206,10:57:36,13.87,0.009999999999999787,37,51309.0,бРел
1207,10:57:45,13.87,0.0,16,22192.0,бРел
1208,10:57:48,13.87,0.0,5,6935.0,бТел
1209,10:57:51,13.86,-0.009999999999999787,43,59609.0,бТел
1210,10:58:09,13.85,-0.009999999999999787,90,124692.0,бТел
1211,10:58:12,13.86,0.009999999999999787,4,5542.0,бРел
1212,10:58:18,13.86,0.0,6,8316.0,бРел
1213,10:58:24,13.88,0.02000000000000135,4,5548.0,бРел
1214,10:58:27,13.86,-0.02000000000000135,1,1386.0,бТел
1215,10:58:30,13.88,0.02000000000000135,2,2776.0,бРел
1216,10:58:51,13.89,0.009999999999999787,1,1389.0,бРел
1217,10:59:18,13.89,0.0,4,5556.0,бРел
1218,10:59:21,13.88,-0.009999999999999787,7,9716.0,бТел
1219,10:59:24,13.88,0.0,97,134780.0,бРел
1220,10:59:27,13.88,0.0,27,37476.0,бРел
1221,10:59:30,13.88,0.0,13,18044.0,бРел
1222,10:59:33,13.88,0.0,9,12492.0,бРел
1223,10:59:39,13.88,0.0,8,11109.0,бТел
1224,10:59:45,13.88,0.0,12,16656.0,бРел
1225,10:59:51,13.88,0.0,2,2776.0,бРел
1226,10:59:57,13.86,-0.02000000000000135,29,40208.0,бТел
1227,11:00:06,13.88,0.02000000000000135,23,31917.0,бРел
1228,11:00:18,13.89,0.009999999999999787,22,30558.0,бРел
1229,11:00:21,13.89,0.0,17,23613.0,бРел
1230,11:00:24,13.88,-0.009999999999999787,54,74966.0,бТел
1231,11:00:30,13.88,0.0,22,30536.0,бРел
1232,11:00:42,13.88,0.0,280,388640.0,бРел
1233,11:00:48,13.89,0.009999999999999787,1,1389.0,бРел
1234,11:00:54,13.88,-0.009999999999999787,52,72225.0,бТел
1235,11:01:06,13.9,0.019999999999999574,1,1390.0,бРел
1236,11:01:09,13.9,0.0,4,5560.0,бРел
1237,11:01:21,13.9,0.0,11,15290.0,бТел
1238,11:01:24,13.91,0.009999999999999787,5,6955.0,бРел
1239,11:01:30,13.91,0.0,6,9554.29999999702,бРел
1240,11:01:36,13.91,0.0,2,2782.0,бРел
1241,11:01:39,13.91,0.0,71,98722.0,бРел
1242,11:01:45,13.91,0.0,30,41730.0,бРел
1243,11:01:48,13.91,0.0,9,12519.0,бРел
1244,11:01:51,13.92,0.009999999999999787,1,1392.0,бРел
1245,11:02:06,13.92,0.0,10,13920.0,бРел
1246,11:02:24,13.92,0.0,9,12528.0,бРел
1247,11:02:30,13.92,0.0,2,2784.0,бТел
1248,11:02:36,13.92,0.0,1,1392.0,бРел
1249,11:02:39,13.91,-0.009999999999999787,2,2782.0,бТел
1250,11:02:42,13.91,0.0,100,139100.0,бТел
1251,11:02:45,13.91,0.0,25,34760.0,бРел
1252,11:02:48,13.91,0.0,21,29210.0,бРел
1253,11:02:51,13.9,-0.009999999999999787,35,48650.0,бТел
1254,11:02:54,13.88,-0.019999999999999574,208,288944.26000000536,бТел
1255,11:03:15,13.89,0.009999999999999787,10,13890.0,жпптел
1256,11:03:18,13.91,0.019999999999999574,14,19465.0,бРел
1257,11:03:21,13.9,-0.009999999999999787,27,37500.0,жпптел
1258,11:03:24,13.9,0.0,7,9730.0,бРел
1259,11:03:27,13.88,-0.019999999999999574,56,77908.43999999762,бТел
1260,11:03:33,13.88,0.0,8,11104.0,бРел
1261,11:03:36,13.88,0.0,10,13880.0,бРел
1262,11:03:48,13.88,0.0,10,13880.0,бРел
1263,11:03:51,13.88,0.0,3,4164.0,бРел
1264,11:04:03,13.88,0.0,10,13880.0,бРел
1265,11:04:36,13.88,0.0,1,1388.0,бРел
1266,11:04:39,13.88,0.0,3,4164.0,бРел
1267,11:04:51,13.88,0.0,10,13880.0,бРел
1268,11:04:54,13.87,-0.010000000000001563,10,13870.0,бТел
1269,11:05:06,13.87,0.0,1,1387.0,бРел
1270,11:05:21,13.87,0.0,1,1387.0,бРел
1271,11:05:24,13.86,-0.009999999999999787,31,42966.0,бТел
1272,11:05:36,13.86,0.0,3,4158.0,бРел
1273,11:05:42,13.86,0.0,10,15065.819999992847,бРел
1274,11:05:51,13.86,0.0,1,1386.0,бТел
1275,11:05:57,13.87,0.009999999999999787,2,2774.0,бРел
1276,11:06:00,13.87,0.0,20,27740.0,бРел
1277,11:06:06,13.87,0.0,1,1387.0,бРел
1278,11:06:12,13.87,0.0,1,1387.0,бРел
1279,11:06:21,13.86,-0.009999999999999787,8,11268.180000007153,бТел
1280,11:06:30,13.86,0.0,9,13679.819999992847,бРел
1281,11:06:42,13.85,-0.009999999999999787,64,88910.18000000715,бТел
1282,11:06:45,13.86,0.009999999999999787,5,6930.0,бРел
1283,11:06:51,13.87,0.009999999999999787,60,83183.12999999523,бРел
1284,11:06:54,13.85,-0.019999999999999574,5,6925.0,бТел
1285,11:07:00,13.87,0.019999999999999574,2,2774.0,бРел
1286,11:07:09,13.87,0.0,1,1387.0,бРел
1287,11:07:15,13.88,0.010000000000001563,11,15267.130000010133,бРел
1288,11:07:36,13.88,0.0,1,1388.0,бРел
1289,11:07:39,13.87,-0.010000000000001563,20,27740.0,бТел
1290,11:07:51,13.87,0.0,12,16644.0,бТел
1291,11:07:54,13.88,0.010000000000001563,3,4164.0,бРел
1292,11:08:03,13.88,0.0,2,2776.0,бРел
1293,11:08:09,13.88,0.0,1,1388.0,бРел
1294,11:08:15,13.88,0.0,1,1388.0,бРел
1295,11:08:36,13.88,0.0,1,1388.0,бРел
1296,11:08:45,13.88,0.0,19,26372.0,бРел
1297,11:08:48,13.88,0.0,6,8327.0,бРел
1298,11:08:51,13.88,0.0,21,29150.0,бТел
1299,11:09:12,13.9,0.019999999999999574,2,2780.0,бРел
1300,11:09:21,13.9,0.0,2,2780.0,бРел
1301,11:09:24,13.87,-0.030000000000001137,93,129047.0,бТел
1302,11:09:30,13.87,0.0,2,2774.0,бРел
1303,11:09:36,13.86,-0.009999999999999787,2,2773.0,бТел
1304,11:10:12,13.86,0.0,1,1386.0,бТел
1305,11:10:15,13.86,0.0,15,20796.0,бТел
1306,11:10:21,13.86,0.0,5,6926.0,бРел
1307,11:10:24,13.86,0.0,8,11081.0,бРел
1308,11:10:33,13.84,-0.019999999999999574,12,16608.0,бТел
1309,11:10:36,13.87,0.02999999999999936,28,38779.0,бРел
1310,11:10:45,13.83,-0.03999999999999915,22,30430.0,бТел
1311,11:10:51,13.86,0.02999999999999936,1,1386.0,жпптел
1312,11:10:54,13.82,-0.03999999999999915,200,276474.0,бТел
1313,11:11:06,13.83,0.009999999999999787,12,16596.0,бТел
1314,11:11:12,13.83,0.0,10,13830.0,бРел
1315,11:11:15,13.83,0.0,25,34575.0,бРел
1316,11:11:18,13.83,0.0,10,13829.0,бРел
1317,11:11:21,13.81,-0.019999999999999574,253,349424.0,бТел
1318,11:11:27,13.81,0.0,1,1381.0,бРел
1319,11:11:30,13.81,0.0,1,1381.0,бРел
1320,11:11:33,13.81,0.0,14,19334.0,бРел
1321,11:11:36,13.8,-0.009999999999999787,12,16560.0,бТел
1322,11:11:39,13.8,0.0,55,75920.0,бТел
1323,11:11:45,13.8,0.0,61,84224.0,бТел
1324,11:11:48,13.81,0.009999999999999787,173,238913.0,бРел
1325,11:11:51,13.84,0.02999999999999936,1,1384.0,бРел
1326,11:11:54,13.8,-0.03999999999999915,36,49697.0,бТел
1327,11:12:09,13.84,0.03999999999999915,31,42869.0,бРел
1328,11:12:12,13.84,0.0,29,40143.0,бРел
1329,11:12:18,13.8,-0.03999999999999915,274,378184.0,бТел
1330,11:12:21,13.8,0.0,20,27600.0,бРел
1331,11:12:24,13.83,0.02999999999999936,8,11046.0,бРел
1332,11:12:27,13.85,0.019999999999999574,5,6925.0,бРел
1333,11:12:36,13.86,0.009999999999999787,14,19394.0,бРел
1334,11:12:42,13.85,-0.009999999999999787,9,12465.0,бРел
1335,11:12:48,13.85,0.0,7,9695.0,бРел
1336,11:12:51,13.85,0.0,4,5540.0,бРел
1337,11:13:15,13.81,-0.03999999999999915,40,55280.0,бТел
1338,11:13:21,13.83,0.019999999999999574,1,1383.0,бРел
1339,11:13:27,13.83,0.0,2,2766.0,бРел
1340,11:13:36,13.83,0.0,1,1383.0,бРел
1341,11:13:39,13.83,0.0,9,12447.0,бРел
1342,11:13:42,13.83,0.0,9,12447.0,бРел
1343,11:13:45,13.81,-0.019999999999999574,70,96670.0,бТел
1344,11:13:48,13.83,0.019999999999999574,37,51171.0,бРел
1345,11:13:54,13.83,0.0,13,17959.0,бРел
1346,11:13:57,13.82,-0.009999999999999787,7,9674.0,бТел
1347,11:14:09,13.82,0.0,4,5529.0,бТел
1348,11:14:15,13.81,-0.009999999999999787,4,5524.0,бТел
1349,11:14:21,13.82,0.009999999999999787,14,19335.0,бРел
1350,11:14:24,13.81,-0.009999999999999787,25,34545.0,бТел
1351,11:14:33,13.81,0.0,3,4143.0,бТел
1352,11:14:39,13.8,-0.009999999999999787,20,27600.0,бТел
1353,11:14:45,13.81,0.009999999999999787,15,20715.0,бРел
1354,11:14:48,13.8,-0.009999999999999787,83,114544.0,бТел
1355,11:14:54,13.81,0.009999999999999787,9,12429.0,бРел
1356,11:15:00,13.8,-0.009999999999999787,61,84180.0,бТел
1357,11:15:03,13.8,0.0,3,4140.0,бРел
1358,11:15:06,13.78,-0.02000000000000135,228,314304.0,бТел
1359,11:15:09,13.81,0.030000000000001137,184,253898.0,бРел
1360,11:15:12,13.8,-0.009999999999999787,20,27600.0,бТел
1361,11:15:15,13.8,0.0,12,16560.0,бТел
1362,11:15:21,13.8,0.0,1,1380.0,бРел
1363,11:15:24,13.8,0.0,46,63480.0,бРел
1364,11:15:27,13.79,-0.010000000000001563,1,1379.0,жпптел
1365,11:15:33,13.79,0.0,5,6895.0,бТел
1366,11:15:42,13.8,0.010000000000001563,98,135240.0,бРел
1367,11:15:54,13.82,0.019999999999999574,4,5528.0,бРел
1368,11:16:00,13.8,-0.019999999999999574,1,1380.0,бТел
1369,11:16:03,13.82,0.019999999999999574,7,9674.0,бРел
1370,11:16:06,13.82,0.0,6,8292.0,бРел
1371,11:16:09,13.82,0.0,22,30394.0,бРел
1372,11:16:15,13.83,0.009999999999999787,25,34559.0,бРел
1373,11:16:21,13.83,0.0,10,13830.0,бРел
1374,11:16:27,13.83,0.0,4,5532.0,бРел
1375,11:16:51,13.83,0.0,1,1383.0,бРел
1376,11:16:57,13.82,-0.009999999999999787,41,56662.0,бТел
1377,11:17:06,13.82,0.0,7,9674.0,бРел
1378,11:17:12,13.82,0.0,23,31766.0,бРел
1379,11:17:15,13.81,-0.009999999999999787,21,29001.0,бТел
1380,11:17:18,13.81,0.0,10,13810.0,бРел
1381,11:17:21,13.81,0.0,5,6905.0,бРел
1382,11:17:30,13.81,0.0,17,23477.0,бРел
1383,11:17:39,13.8,-0.009999999999999787,13,17940.0,бТел
1384,11:17:45,13.81,0.009999999999999787,2,2762.0,бРел
1385,11:17:48,13.8,-0.009999999999999787,20,27600.0,бТел
1386,11:17:57,13.81,0.009999999999999787,15,20715.0,бРел
1387,11:18:00,13.81,0.0,25,34510.0,бРел
1388,11:18:06,13.81,0.0,40,55208.0,бРел
1389,11:18:09,13.81,0.0,81,111861.0,бРел
1390,11:18:12,13.82,0.009999999999999787,3,4146.0,бРел
1391,11:18:15,13.82,0.0,21,29002.0,бРел
1392,11:18:18,13.82,0.0,3,4146.0,бРел
1393,11:18:21,13.8,-0.019999999999999574,160,220870.0,бТел
1394,11:18:30,13.79,-0.010000000000001563,125,172385.0,бТел
1395,11:18:36,13.8,0.010000000000001563,5,6901.0,бТел
1396,11:18:39,13.79,-0.010000000000001563,130,179297.0,бТел
1397,11:18:45,13.79,0.0,20,27580.0,бРел
1398,11:18:51,13.78,-0.009999999999999787,259,356902.0,бТел
1399,11:18:57,13.78,0.0,55,75790.0,бРел
1400,11:19:06,13.78,0.0,11,15158.0,бРел
1401,11:19:09,13.78,0.0,37,50986.0,бРел
1402,11:19:12,13.77,-0.009999999999999787,13,17901.0,бТел
1403,11:19:15,13.78,0.009999999999999787,35,48230.0,бРел
1404,11:19:21,13.78,0.0,14,19292.0,бРел
1405,11:19:24,13.78,0.0,3,4134.0,бРел
1406,11:19:36,13.77,-0.009999999999999787,97,133591.0,бТел
1407,11:19:42,13.77,0.0,4,5508.0,бТел
1408,11:19:51,13.79,0.019999999999999574,1,1379.0,бРел
1409,11:19:57,13.78,-0.009999999999999787,33,45474.0,бТел
1410,11:20:00,13.78,0.0,10,13780.0,бРел
1411,11:20:09,13.78,0.0,40,55095.0,бРел
1412,11:20:12,13.77,-0.009999999999999787,46,63342.0,бТел
1413,11:20:15,13.77,0.0,2,2754.0,бТел
1414,11:20:18,13.78,0.009999999999999787,14,19282.0,бРел
1415,11:20:21,13.77,-0.009999999999999787,13,17901.0,бТел
1416,11:20:24,13.78,0.009999999999999787,19,26182.0,бРел
1417,11:20:27,13.78,0.0,2,2756.0,бРел
1418,11:20:30,13.79,0.009999999999999787,118,162567.0,бРел
1419,11:20:36,13.79,0.0,8,11025.0,бРел
1420,11:20:42,13.78,-0.009999999999999787,6,8268.0,бТел
1421,11:20:48,13.78,0.0,1,1378.0,бТел
1422,11:20:57,13.78,0.0,16,22059.0,бТел
1423,11:21:06,13.82,0.040000000000000924,101,139106.0,бРел
1424,11:21:12,13.78,-0.040000000000000924,18,24806.0,бРел
1425,11:21:21,13.78,0.0,9,12402.0,бТел
1426,11:21:30,13.79,0.009999999999999787,2,2758.0,бТел
1427,11:21:39,13.82,0.030000000000001137,17,23461.0,бРел
1428,11:21:42,13.79,-0.030000000000001137,9,12418.0,бТел
1429,11:21:45,13.82,0.030000000000001137,6,8292.0,бРел
1430,11:21:51,13.82,0.0,7,9656.0,бРел
1431,11:22:00,13.82,0.0,12,16584.0,бРел
1432,11:22:06,13.78,-0.040000000000000924,220,303274.0,бТел
1433,11:22:12,13.78,0.0,12,16536.0,бРел
1434,11:22:15,13.78,0.0,8,11024.0,бРел
1435,11:22:36,13.78,0.0,25,34455.0,бТел
1436,11:22:45,13.78,0.0,8,11030.0,бТел
1437,11:22:48,13.78,0.0,6,8268.0,бРел
1438,11:22:57,13.78,0.0,26,35828.0,бРел
1439,11:23:00,13.78,0.0,15,20670.0,бТел
1440,11:23:06,13.83,0.05000000000000071,1,1383.0,бРел
1441,11:23:51,13.8,-0.02999999999999936,5,6900.0,бТел
1442,11:23:54,13.81,0.009999999999999787,7,9668.0,жпптел
1443,11:23:57,13.78,-0.030000000000001137,60,82680.0,бТел
1444,11:24:00,13.82,0.040000000000000924,12,16564.0,бРел
1445,11:24:27,13.8,-0.019999999999999574,1,1380.0,бТел
1446,11:24:33,13.81,0.009999999999999787,4,5524.0,бРел
1447,11:24:36,13.82,0.009999999999999787,2,2763.0,бРел
1448,11:24:51,13.81,-0.009999999999999787,2,2762.0,бТел
1449,11:24:54,13.82,0.009999999999999787,1,1382.0,бРел
1450,11:25:06,13.82,0.0,2,2762.0,бРел
1451,11:25:09,13.8,-0.019999999999999574,12,16560.0,бТел
1452,11:25:30,13.8,0.0,19,26220.0,бТел
1453,11:25:36,13.8,0.0,2,2760.0,бРел
1454,11:25:42,13.8,0.0,13,17940.0,бРел
1455,11:25:48,13.8,0.0,11,15180.0,бРел
1456,11:25:51,13.8,0.0,9,12420.0,бРел
1457,11:25:54,13.8,0.0,18,24840.0,бРел
1458,11:26:03,13.8,0.0,3,4141.0,бТел
1459,11:26:06,13.81,0.009999999999999787,2,2762.0,бРел
1460,11:26:09,13.81,0.0,2,2762.0,бРел
1461,11:26:12,13.8,-0.009999999999999787,5,6902.0,бТел
1462,11:26:21,13.82,0.019999999999999574,2,2764.0,бРел
1463,11:26:27,13.82,0.0,2,2764.0,бРел
1464,11:26:54,13.81,-0.009999999999999787,68,93858.0,бРел
1465,11:26:57,13.82,0.009999999999999787,9,12438.0,бРел
1466,11:27:00,13.82,0.0,3,4146.0,бРел
1467,11:27:03,13.81,-0.009999999999999787,34,46954.0,бТел
1468,11:27:06,13.82,0.009999999999999787,5,6907.0,бРел
1469,11:27:33,13.82,0.0,7,9674.0,бРел
1470,11:27:42,13.81,-0.009999999999999787,2,2762.0,бТел
1471,11:28:00,13.81,0.0,49,67669.0,бРел
1472,11:28:15,13.81,0.0,6,8286.0,бТел
1473,11:28:27,13.81,0.0,4,5524.0,бТел
1474,11:28:30,13.82,0.009999999999999787,29,40078.0,бРел
1475,11:28:36,13.82,0.0,3,4146.0,бРел
1476,11:28:48,13.82,0.0,37,51134.0,бРел
1477,11:29:00,13.81,-0.009999999999999787,13,17963.0,бТел
1478,11:29:06,13.81,0.0,14,19324.0,бРел
1479,11:29:18,13.81,0.0,1,1381.0,бРел
1480,11:29:21,13.81,0.0,2,2762.0,бРел
1481,11:29:24,13.8,-0.009999999999999787,25,34500.0,бТел
1482,11:29:30,13.8,0.0,6,8280.0,бРел
1483,11:29:36,13.78,-0.02000000000000135,209,288045.0,бТел
1484,11:29:45,13.78,0.0,18,24804.0,бРел
1485,11:29:48,13.78,0.0,2,2756.0,бРел
1486,11:29:51,13.77,-0.009999999999999787,24,33063.0,бТел
1487,11:29:54,13.78,0.009999999999999787,30,41340.0,бРел
1488,11:29:57,13.77,-0.009999999999999787,34,46831.0,бТел
1489,11:30:00,13.78,0.009999999999999787,9,12402.0,бРел
1490,13:00:03,13.78,0.0,160,220345.0,бТел
1491,13:00:09,13.78,0.0,664,914063.0,бТел
1492,13:00:12,13.78,0.0,81,111618.0,бРел
1493,13:00:15,13.78,0.0,5,6890.0,бРел
1494,13:00:18,13.78,0.0,43,59254.0,бРел
1495,13:00:21,13.78,0.0,32,44096.0,бРел
1496,13:00:27,13.78,0.0,30,41340.0,бРел
1497,13:00:36,13.8,0.02000000000000135,8,11040.0,бТел
1498,13:00:39,13.82,0.019999999999999574,2,2763.0,бРел
1499,13:00:42,13.81,-0.009999999999999787,1,1381.0,бТел
1500,13:00:45,13.82,0.009999999999999787,10,13820.0,бРел
1501,13:00:48,13.82,0.0,17,23486.0,бРел
1502,13:00:51,13.82,0.0,1,1382.0,бРел
1503,13:00:54,13.81,-0.009999999999999787,1,1381.0,бТел
1504,13:01:00,13.81,0.0,1,1381.0,бРел
1505,13:01:09,13.81,0.0,8,11048.0,бРел
1506,13:01:15,13.8,-0.009999999999999787,9,12420.0,бТел
1507,13:01:18,13.8,0.0,13,17940.0,бРел
1508,13:01:21,13.8,0.0,2,2760.0,жпптел
1509,13:01:24,13.81,0.009999999999999787,1,1381.0,бРел
1510,13:01:30,13.79,-0.02000000000000135,13,17937.0,бТел
1511,13:01:33,13.81,0.02000000000000135,2,2762.0,бРел
1512,13:01:36,13.81,0.0,1,1381.0,бРел
1513,13:01:42,13.81,0.0,2,2762.0,бРел
1514,13:01:45,13.81,0.0,1,1381.0,бРел
1515,13:01:48,13.81,0.0,1,1381.0,бРел
1516,13:01:54,13.81,0.0,1,1381.0,бРел
1517,13:02:09,13.81,0.0,4,5524.0,бРел
1518,13:02:12,13.81,0.0,25,34510.0,бРел
1519,13:02:15,13.8,-0.009999999999999787,10,13800.0,бТел
1520,13:02:18,13.8,0.0,4,5520.0,бТел
1521,13:02:21,13.82,0.019999999999999574,14,19329.0,бРел
1522,13:02:24,13.81,-0.009999999999999787,29,40049.0,бТел
1523,13:02:27,13.81,0.0,16,22096.0,бТел
1524,13:02:30,13.81,0.0,1,1381.0,бРел
1525,13:02:45,13.81,0.0,47,64907.0,бРел
1526,13:02:48,13.82,0.009999999999999787,1,1382.0,бРел
1527,13:02:54,13.82,0.0,1,1382.0,бРел
1528,13:03:03,13.82,0.0,22,30404.0,бРел
1529,13:03:09,13.83,0.009999999999999787,1,1383.0,бРел
1530,13:03:12,13.83,0.0,33,45639.0,бРел
1531,13:03:15,13.83,0.0,2,2766.0,бРел
1532,13:03:21,13.85,0.019999999999999574,9,12465.0,бРел
1533,13:03:24,13.85,0.0,4,5540.0,бРел
1534,13:03:27,13.85,0.0,15,20775.0,бТел
1535,13:03:36,13.87,0.019999999999999574,45,62415.0,бРел
1536,13:03:42,13.89,0.02000000000000135,1,1389.0,бРел
1537,13:03:45,13.87,-0.02000000000000135,4,5550.0,бТел
1538,13:03:48,13.89,0.02000000000000135,3,4167.0,бРел
1539,13:03:54,13.91,0.019999999999999574,5,6947.0,бРел
1540,13:04:00,13.91,0.0,17,23629.0,бРел
1541,13:04:03,13.9,-0.009999999999999787,5,6950.0,жпптел
1542,13:04:09,13.9,0.0,22,30562.0,бРел
1543,13:04:12,13.89,-0.009999999999999787,28,38892.0,бТел
1544,13:04:21,13.89,0.0,3,4167.0,бРел
1545,13:04:27,13.89,0.0,5,6945.0,бРел
1546,13:04:30,13.89,0.0,4,5555.0,бРел
1547,13:04:33,13.89,0.0,2,2778.0,бРел
1548,13:04:48,13.87,-0.02000000000000135,30,41610.0,бТел
1549,13:04:51,13.88,0.010000000000001563,1,1388.0,жпптел
1550,13:04:54,13.88,0.0,18,24984.0,бРел
1551,13:05:00,13.88,0.0,12,16656.0,бРел
1552,13:05:03,13.88,0.0,8,11104.0,бРел
1553,13:05:06,13.88,0.0,9,12482.0,бРел
1554,13:05:27,13.88,0.0,1,1388.0,бРел
1555,13:05:30,13.88,0.0,1,1388.0,бРел
1556,13:05:36,13.88,0.0,1,1388.0,бРел
1557,13:05:42,13.88,0.0,2,2776.0,бРел
1558,13:05:45,13.88,0.0,1,1388.0,бРел
1559,13:05:48,13.86,-0.02000000000000135,2,2772.0,бТел
1560,13:05:57,13.87,0.009999999999999787,8,11097.0,жпптел
1561,13:06:21,13.87,0.0,1,1387.0,бРел
1562,13:06:36,13.87,0.0,1,1387.0,бРел
1563,13:06:48,13.87,0.0,12,16644.0,бРел
1564,13:06:51,13.87,0.0,25,34675.0,бРел
1565,13:06:54,13.88,0.010000000000001563,13,18044.0,бРел
1566,13:06:57,13.88,0.0,44,61072.0,бРел
1567,13:07:00,13.88,0.0,23,31924.0,бРел
1568,13:07:03,13.89,0.009999999999999787,18,25002.0,бРел
1569,13:07:06,13.89,0.0,23,31947.0,бРел
1570,13:07:09,13.89,0.0,24,33336.0,бРел
1571,13:07:15,13.91,0.019999999999999574,4,5564.0,бРел
1572,13:07:18,13.91,0.0,2,2782.0,бРел
1573,13:07:24,13.91,0.0,17,23647.0,бРел
1574,13:07:30,13.92,0.009999999999999787,3,4176.0,бРел
1575,13:07:36,13.92,0.0,1,1392.0,бРел
1576,13:07:39,13.92,0.0,32,44544.0,бРел
1577,13:07:42,13.91,-0.009999999999999787,9,12524.0,бТел
1578,13:07:45,13.91,0.0,6,8346.0,бРел
1579,13:07:48,13.91,0.0,10,13910.0,бРел
1580,13:07:54,13.92,0.009999999999999787,1,1392.0,бРел
1581,13:07:57,13.92,0.0,8,11136.0,бРел
1582,13:08:06,13.93,0.009999999999999787,5,6961.0,бРел
1583,13:08:12,13.93,0.0,18,25074.0,бРел
1584,13:08:15,13.92,-0.009999999999999787,10,13928.0,бТел
1585,13:08:21,13.92,0.0,5,6960.0,бТел
1586,13:08:27,13.92,0.0,26,36192.0,бТел
1587,13:08:33,13.92,0.0,7,9744.0,бРел
1588,13:08:36,13.92,0.0,1,1392.0,бРел
1589,13:08:39,13.92,0.0,62,86304.0,бРел
1590,13:08:42,13.92,0.0,8,11136.0,бТел
1591,13:08:45,13.92,0.0,41,57072.0,бТел
1592,13:08:51,13.92,0.0,1,1392.0,бРел
1593,13:08:54,13.91,-0.009999999999999787,11,15301.0,бТел
1594,13:08:57,13.92,0.009999999999999787,25,34784.0,бРел
1595,13:09:03,13.9,-0.019999999999999574,24,33397.0,бТел
1596,13:09:06,13.92,0.019999999999999574,9,12525.0,бРел
1597,13:09:12,13.93,0.009999999999999787,17,23671.0,бРел
1598,13:09:18,13.91,-0.019999999999999574,12,16692.0,бРел
1599,13:09:27,13.91,0.0,6,8346.0,бРел
1600,13:09:30,13.91,0.0,22,30602.0,бТел
1601,13:09:36,13.91,0.0,33,45903.0,бТел
1602,13:09:39,13.9,-0.009999999999999787,22,30580.0,бТел
1603,13:09:45,13.9,0.0,4,5560.0,бТел
1604,13:09:48,13.91,0.009999999999999787,1,1391.0,бРел
1605,13:09:51,13.9,-0.009999999999999787,2,2780.0,бТел
1606,13:10:45,13.9,0.0,1,1390.0,бРел
1607,13:10:51,13.9,0.0,1,1390.0,бРел
1608,13:10:54,13.87,-0.030000000000001137,7,9721.0,бТел
1609,13:10:57,13.87,0.0,24,33288.0,бТел
1610,13:11:00,13.87,0.0,1,1387.0,бРел
1611,13:11:03,13.87,0.0,1,1387.0,бРел
1612,13:11:18,13.9,0.030000000000001137,1,1390.0,бРел
1613,13:11:24,13.87,-0.030000000000001137,8,11096.0,бТел
1614,13:11:33,13.88,0.010000000000001563,9,12492.0,бТел
1615,13:11:36,13.88,0.0,3,4164.0,бТел
1616,13:11:39,13.88,0.0,1,1388.0,бТел
1617,13:11:45,13.87,-0.010000000000001563,2,2774.0,бТел
1618,13:11:48,13.88,0.010000000000001563,10,13872.0,бРел
1619,13:11:51,13.87,-0.010000000000001563,2,2774.0,бТел
1620,13:11:57,13.88,0.010000000000001563,13,18020.0,бРел
1621,13:12:00,13.88,0.0,1,1388.0,бРел
1622,13:12:06,13.87,-0.010000000000001563,1,1387.0,бРел
1623,13:12:15,13.87,0.0,4,5548.0,бРел
1624,13:12:21,13.86,-0.009999999999999787,1,1386.0,бТел
1625,13:12:27,13.87,0.009999999999999787,2,2773.0,бРел
1626,13:12:39,13.9,0.030000000000001137,9,12493.0,бРел
1627,13:12:42,13.87,-0.030000000000001137,11,15257.0,бТел
1628,13:12:45,13.88,0.010000000000001563,39,54202.0,жпптел
1629,13:12:48,13.9,0.019999999999999574,5,6950.0,бРел
1630,13:12:57,13.9,0.0,8,11120.0,бРел
1631,13:13:00,13.9,0.0,1,1390.0,бРел
1632,13:13:03,13.9,0.0,4,5560.0,бРел
1633,13:13:06,13.89,-0.009999999999999787,4,5556.0,жпптел
1634,13:13:15,13.88,-0.009999999999999787,20,27763.0,бТел
1635,13:13:21,13.9,0.019999999999999574,1,1390.0,бРел
1636,13:13:24,13.9,0.0,1,1390.0,бРел
1637,13:13:27,13.9,0.0,31,43040.0,бРел
1638,13:13:36,13.9,0.0,2,2780.0,бРел
1639,13:13:48,13.9,0.0,2,2780.0,бРел
1640,13:13:51,13.9,0.0,7,9730.0,бРел
1641,13:14:03,13.89,-0.009999999999999787,3,4167.0,бТел
1642,13:14:18,13.89,0.0,2,2778.0,бТел
1643,13:14:21,13.9,0.009999999999999787,1,1390.0,бРел
1644,13:14:27,13.89,-0.009999999999999787,4,5556.0,бТел
1645,13:14:33,13.89,0.0,2,2778.0,бТел
1646,13:14:36,13.9,0.009999999999999787,1,1390.0,бРел
1647,13:14:42,13.87,-0.030000000000001137,1002,1389789.0,бТел
1648,13:14:51,13.88,0.010000000000001563,1,1388.0,бРел
1649,13:14:54,13.87,-0.010000000000001563,11,15257.0,жпптел
1650,13:15:00,13.86,-0.009999999999999787,8,11088.0,бТел
1651,13:15:06,13.87,0.009999999999999787,9,12484.0,бТел
1652,13:15:09,13.87,0.0,9,12483.0,бРел
1653,13:15:12,13.87,0.0,4,5548.0,бРел
1654,13:15:15,13.87,0.0,2,2774.0,бТел
1655,13:15:30,13.88,0.010000000000001563,1,1388.0,бРел
1656,13:15:33,13.87,-0.010000000000001563,2,2774.0,бТел
1657,13:15:36,13.86,-0.009999999999999787,18,24949.0,бТел
1658,13:15:39,13.86,0.0,21,29106.0,бРел
1659,13:15:42,13.86,0.0,2,2772.0,бРел
1660,13:15:45,13.86,0.0,6,8316.0,бТел
1661,13:15:51,13.85,-0.009999999999999787,13,18015.0,бТел
1662,13:16:03,13.86,0.009999999999999787,4,5544.0,бТел
1663,13:16:09,13.85,-0.009999999999999787,3,4155.0,бТел
1664,13:16:12,13.85,0.0,7,9695.0,бТел
1665,13:16:15,13.85,0.0,7,9695.0,бТел
1666,13:16:18,13.85,0.0,7,9695.0,бТел
1667,13:16:21,13.86,0.009999999999999787,1,1386.0,бРел
1668,13:16:24,13.85,-0.009999999999999787,1,1385.0,бТел
1669,13:16:36,13.85,0.0,22,30456.0,бРел
1670,13:16:39,13.83,-0.019999999999999574,21,29043.0,бТел
1671,13:16:45,13.83,0.0,3,4149.0,бТел
1672,13:16:48,13.83,0.0,1,1383.0,бРел
1673,13:16:51,13.83,0.0,1,1383.0,бРел
1674,13:16:57,13.83,0.0,12,16596.0,бРел
1675,13:17:00,13.83,0.0,3,4149.0,бРел
1676,13:17:03,13.83,0.0,27,37341.0,бРел
1677,13:17:06,13.84,0.009999999999999787,13,17989.0,бРел
1678,13:17:09,13.83,-0.009999999999999787,7,9685.0,бТел
1679,13:17:12,13.85,0.019999999999999574,2,2770.0,бРел
1680,13:17:15,13.85,0.0,3,4155.0,бРел
1681,13:17:18,13.88,0.030000000000001137,2,2773.0,бРел
1682,13:17:21,13.84,-0.040000000000000924,15,20765.0,бТел
1683,13:17:24,13.84,0.0,3,4152.0,бТел
1684,13:17:36,13.88,0.040000000000000924,1,1388.0,бРел
1685,13:17:39,13.83,-0.05000000000000071,10,13840.0,бТел
1686,13:17:57,13.85,0.019999999999999574,1,1385.0,бРел
1687,13:18:00,13.85,0.0,1,1385.0,бТел
1688,13:18:03,13.87,0.019999999999999574,11,15257.0,бРел
1689,13:18:21,13.87,0.0,1,1387.0,бРел
1690,13:18:36,13.87,0.0,1,1387.0,бРел
1691,13:18:42,13.84,-0.02999999999999936,1,1384.0,бТел
1692,13:18:48,13.87,0.02999999999999936,6,8322.0,бРел
1693,13:18:54,13.87,0.0,1,1387.0,бРел
1694,13:19:00,13.87,0.0,51,70723.0,бРел
1695,13:19:12,13.87,0.0,1,1387.0,бРел
1696,13:19:15,13.85,-0.019999999999999574,10,13850.0,бТел
1697,13:19:21,13.87,0.019999999999999574,5,6935.0,бРел
1698,13:19:24,13.85,-0.019999999999999574,2,2770.0,бТел
1699,13:19:30,13.85,0.0,9,12465.0,бРел
1700,13:19:33,13.85,0.0,24,33240.0,бРел
1701,13:19:36,13.86,0.009999999999999787,1,1386.0,бРел
1702,13:19:39,13.84,-0.019999999999999574,16,22157.0,бТел
1703,13:19:54,13.86,0.019999999999999574,6,8316.0,бРел
1704,13:19:57,13.86,0.0,3,4158.0,бТел
1705,13:20:06,13.87,0.009999999999999787,2,2774.0,бРел
1706,13:20:12,13.87,0.0,1,1387.0,бРел
1707,13:20:15,13.86,-0.009999999999999787,15,20797.0,жпптел
1708,13:20:18,13.87,0.009999999999999787,59,81700.0,бРел
1709,13:20:21,13.87,0.0,9,12477.0,бРел
1710,13:20:36,13.87,0.0,1,1387.0,бРел
1711,13:20:42,13.87,0.0,24,33288.0,бРел
1712,13:20:45,13.85,-0.019999999999999574,7,9695.0,бТел
1713,13:20:54,13.87,0.019999999999999574,3,4161.0,бРел
1714,13:20:57,13.88,0.010000000000001563,59,81841.0,бРел
1715,13:21:03,13.87,-0.010000000000001563,4,5548.0,бТел
1716,13:21:06,13.88,0.010000000000001563,5,6936.0,бРел
1717,13:21:09,13.87,-0.010000000000001563,17,23579.0,бТел
1718,13:21:12,13.87,0.0,2,2774.0,бТел
1719,13:21:15,13.88,0.010000000000001563,9,12492.0,бРел
1720,13:21:18,13.88,0.0,1,1388.0,бРел
1721,13:21:21,13.88,0.0,5,6940.0,бРел
1722,13:21:24,13.87,-0.010000000000001563,10,13870.0,бТел
1723,13:21:48,13.87,0.0,30,41629.0,бТел
1724,13:21:51,13.87,0.0,1,1387.0,бРел
1725,13:22:06,13.84,-0.02999999999999936,101,139833.0,бТел
1726,13:22:15,13.87,0.02999999999999936,1,1387.0,бРел
1727,13:22:21,13.86,-0.009999999999999787,3,4158.0,бРел
1728,13:22:24,13.85,-0.009999999999999787,3,4155.0,бТел
1729,13:22:33,13.85,0.0,5,6925.0,бРел
1730,13:22:36,13.86,0.009999999999999787,16,22170.0,бРел
1731,13:22:39,13.86,0.0,1,1386.0,бРел
1732,13:22:45,13.85,-0.009999999999999787,4,5540.0,бТел
1733,13:22:54,13.86,0.009999999999999787,2,2772.0,бРел
1734,13:22:57,13.85,-0.009999999999999787,1,1385.0,бТел
1735,13:23:03,13.86,0.009999999999999787,1,1386.0,бРел
1736,13:23:09,13.85,-0.009999999999999787,2,2770.0,бТел
1737,13:23:15,13.86,0.009999999999999787,4,5544.0,бРел
1738,13:23:18,13.86,0.0,9,12474.0,бРел
1739,13:23:33,13.86,0.0,11,15236.0,бРел
1740,13:23:36,13.86,0.0,9,12474.0,бРел
1741,13:23:39,13.86,0.0,1,1386.0,бРел
1742,13:23:48,13.85,-0.009999999999999787,8,11080.0,бТел
1743,13:23:54,13.85,0.0,5,6925.0,бТел
1744,13:24:12,13.86,0.009999999999999787,36,49896.0,бРел
1745,13:24:15,13.86,0.0,27,37422.0,бРел
1746,13:24:21,13.87,0.009999999999999787,29,40223.0,бРел
1747,13:24:24,13.87,0.0,11,15257.0,бРел
1748,13:24:30,13.89,0.02000000000000135,27,37503.0,бРел
1749,13:24:33,13.9,0.009999999999999787,201,279390.0,бРел
1750,13:24:36,13.9,0.0,290,403100.0,бРел
1751,13:24:39,13.9,0.0,36,50040.0,бРел
1752,13:24:42,13.96,0.0600000000000005,385,536481.0,бРел
1753,13:24:54,13.95,-0.010000000000001563,1,1395.0,бРел
1754,13:24:57,13.95,0.0,38,53010.0,бРел
1755,13:25:00,13.95,0.0,1,1395.0,бРел
1756,13:25:06,13.95,0.0,19,26505.0,бРел
1757,13:25:09,13.95,0.0,2,2791.0,бТел
1758,13:25:15,13.96,0.010000000000001563,20,27920.0,бРел
1759,13:25:18,13.97,0.009999999999999787,4,5588.0,бРел
1760,13:25:21,13.97,0.0,5,6985.0,бРел
1761,13:25:24,13.96,-0.009999999999999787,35,48869.0,бТел
1762,13:25:30,13.96,0.0,31,43294.0,бТел
1763,13:25:33,13.96,0.0,19,26524.0,бТел
1764,13:25:36,13.96,0.0,1,1396.0,бРел
1765,13:25:42,13.95,-0.010000000000001563,86,119970.0,бТел
1766,13:25:48,13.95,0.0,20,27901.0,бТел
1767,13:25:51,13.96,0.010000000000001563,1,1396.0,бРел
1768,13:25:54,13.95,-0.010000000000001563,16,22328.0,бТел
1769,13:25:57,13.95,0.0,12,16740.0,бРел
1770,13:26:06,13.94,-0.009999999999999787,1,1394.0,бРел
1771,13:26:18,13.94,0.0,1,1394.0,бРел
1772,13:26:27,13.94,0.0,12,16728.0,бРел
1773,13:26:36,13.95,0.009999999999999787,14,19522.0,бРел
1774,13:26:39,13.95,0.0,29,40455.0,бРел
1775,13:26:54,13.92,-0.02999999999999936,41,57100.0,бТел
1776,13:26:57,13.92,0.0,8,11136.0,бРел
1777,13:27:18,13.92,0.0,1,1392.0,бРел
1778,13:27:21,13.92,0.0,1,1392.0,бРел
1779,13:27:24,13.92,0.0,7,9744.0,бРел
1780,13:27:33,13.93,0.009999999999999787,3,4179.0,бРел
1781,13:27:36,13.93,0.0,1,1393.0,бРел
1782,13:27:39,13.93,0.0,8,11144.0,бРел
1783,13:27:45,13.93,0.0,1,1393.0,бРел
1784,13:27:57,13.93,0.0,8,11144.0,бРел
1785,13:28:06,13.93,0.0,1,1393.0,бРел
1786,13:28:09,13.92,-0.009999999999999787,12,16704.0,бТел
1787,13:28:15,13.92,0.0,59,82140.0,бТел
1788,13:28:21,13.92,0.0,93,129411.0,бТел
1789,13:28:24,13.92,0.0,1,1392.0,бРел
1790,13:28:27,13.92,0.0,13,18096.0,бРел
1791,13:28:39,13.92,0.0,2,2784.0,бРел
1792,13:28:45,13.92,0.0,32,44503.0,бРел
1793,13:28:48,13.92,0.0,1,1392.0,бРел
1794,13:28:51,13.92,0.0,1,1392.0,бРел
1795,13:28:54,13.92,0.0,19,26448.0,бРел
1796,13:28:57,13.9,-0.019999999999999574,24,33365.0,бТел
1797,13:29:12,13.9,0.0,6,8342.0,бТел
1798,13:29:15,13.9,0.0,29,40310.0,бТел
1799,13:29:18,13.91,0.009999999999999787,9,12519.0,жпптел
1800,13:29:24,13.92,0.009999999999999787,5,6960.0,бРел
1801,13:29:30,13.92,0.0,9,12528.0,бРел
1802,13:29:36,13.92,0.0,2,2784.0,бРел
1803,13:29:42,13.9,-0.019999999999999574,37,51463.0,бТел
1804,13:29:51,13.92,0.019999999999999574,1,1392.0,бРел
1805,13:29:54,13.9,-0.019999999999999574,11,15290.0,бТел
1806,13:30:00,13.92,0.019999999999999574,8,11134.0,бРел
1807,13:30:03,13.92,0.0,1,1392.0,бРел
1808,13:30:09,13.92,0.0,1,1392.0,бРел
1809,13:30:12,13.9,-0.019999999999999574,10,13908.0,бТел
1810,13:30:15,13.92,0.019999999999999574,8,11136.0,бРел
1811,13:30:21,13.92,0.0,1,1392.0,бРел
1812,13:30:24,13.91,-0.009999999999999787,17,23647.0,жпптел
1813,13:30:27,13.9,-0.009999999999999787,5,6950.0,бТел
1814,13:30:39,13.9,0.0,97,134830.0,бТел
1815,13:30:45,13.89,-0.009999999999999787,18,25002.0,бТел
1816,13:30:48,13.89,0.0,11,15279.0,бТел
1817,13:30:51,13.9,0.009999999999999787,10,13893.0,бРел
1818,13:30:57,13.88,-0.019999999999999574,9,12492.0,бТел
1819,13:31:00,13.88,0.0,3,4164.0,бТел
1820,13:31:06,13.87,-0.010000000000001563,8,11099.0,бТел
1821,13:31:09,13.89,0.02000000000000135,20,27777.0,бРел
1822,13:31:12,13.87,-0.02000000000000135,4,5548.0,бТел
1823,13:31:15,13.89,0.02000000000000135,2,2778.0,бРел
1824,13:31:18,13.89,0.0,1,1389.0,бРел
1825,13:31:21,13.88,-0.009999999999999787,11,15273.0,бТел
1826,13:31:27,13.88,0.0,13,18038.0,бРел
1827,13:31:30,13.88,0.0,8,11104.0,бРел
1828,13:31:33,13.88,0.0,17,23596.0,бРел
1829,13:31:36,13.88,0.0,37,51356.0,бРел
1830,13:31:39,13.91,0.02999999999999936,29,40318.0,бРел
1831,13:31:45,13.91,0.0,2,2782.0,бРел
1832,13:31:48,13.91,0.0,5,6955.0,бРел
1833,13:31:54,13.92,0.009999999999999787,35,48713.0,бРел
1834,13:31:57,13.92,0.0,22,30624.0,бРел
1835,13:32:00,13.92,0.0,2,2784.0,бРел
1836,13:32:03,13.93,0.009999999999999787,4,5572.0,бРел
1837,13:32:15,13.92,-0.009999999999999787,7,9744.0,бРел
1838,13:32:18,13.92,0.0,7,9744.0,бРел
1839,13:32:21,13.92,0.0,3,4176.0,бРел
1840,13:32:27,13.91,-0.009999999999999787,3,4173.0,бТел
1841,13:32:30,13.92,0.009999999999999787,1,1392.0,бРел
1842,13:32:33,13.92,0.0,3,4176.0,бРел
1843,13:32:36,13.91,-0.009999999999999787,3,4173.0,бТел
1844,13:32:42,13.91,0.0,2,2782.0,бТел
1845,13:32:51,13.91,0.0,70,97370.0,бТел
1846,13:32:57,13.91,0.0,1,1391.0,бРел
1847,13:33:00,13.91,0.0,7,9737.0,бРел
1848,13:33:03,13.91,0.0,2,2782.0,бРел
1849,13:33:06,13.91,0.0,15,20851.0,бРел
1850,13:33:09,13.91,0.0,10,13910.0,бРел
1851,13:33:15,13.91,0.0,6,8346.0,бРел
1852,13:33:18,13.92,0.009999999999999787,4,5565.0,бРел
1853,13:33:30,13.92,0.0,12,16704.0,бРел
1854,13:33:33,13.92,0.0,4,5568.0,бРел
1855,13:33:45,13.92,0.0,42,58464.0,бРел
1856,13:33:48,13.91,-0.009999999999999787,6,8346.0,бТел
1857,13:33:51,13.92,0.009999999999999787,1,1392.0,бРел
1858,13:33:57,13.92,0.0,2,2784.0,бРел
1859,13:34:03,13.93,0.009999999999999787,1,1393.0,бРел
1860,13:34:06,13.93,0.0,1,1393.0,бРел
1861,13:34:09,13.93,0.0,16,22288.0,бРел
1862,13:34:15,13.93,0.0,2,2786.0,бРел
1863,13:34:18,13.92,-0.009999999999999787,10,13920.0,бТел
1864,13:34:36,13.93,0.009999999999999787,105,146238.0,бРел
1865,13:34:39,13.93,0.0,4,5572.0,бРел
1866,13:34:42,13.93,0.0,9,12537.0,бРел
1867,13:34:48,13.94,0.009999999999999787,34,47363.0,бРел
1868,13:34:57,13.94,0.0,8,11152.0,бРел
1869,13:35:00,13.95,0.009999999999999787,16,22320.0,бРел
1870,13:35:03,13.95,0.0,14,19530.0,бРел
1871,13:35:06,13.94,-0.009999999999999787,7,9761.0,бТел
1872,13:35:12,13.94,0.0,11,15334.0,бРел
1873,13:35:15,13.94,0.0,11,15334.0,бРел
1874,13:35:18,13.94,0.0,3,4182.0,бРел
1875,13:35:21,13.95,0.009999999999999787,5,6975.0,бРел
1876,13:35:24,13.94,-0.009999999999999787,15,20910.0,бТел
1877,13:35:30,13.95,0.009999999999999787,4,5580.0,бРел
1878,13:35:36,13.94,-0.009999999999999787,36,50210.0,бТел
1879,13:35:39,13.95,0.009999999999999787,1,1395.0,бРел
1880,13:35:45,13.94,-0.009999999999999787,29,40426.0,бТел
1881,13:35:48,13.95,0.009999999999999787,1,1395.0,бРел
1882,13:35:51,13.95,0.0,6,8369.0,бРел
1883,13:35:57,13.95,0.0,12,16740.0,бРел
1884,13:36:00,13.95,0.0,142,198085.0,бРел
1885,13:36:06,13.95,0.0,10,13950.0,бТел
1886,13:36:09,13.96,0.010000000000001563,7,9772.0,бРел
1887,13:36:15,13.96,0.0,18,25128.0,бРел
1888,13:36:24,13.95,-0.010000000000001563,7,9765.0,бТел
1889,13:36:27,13.94,-0.009999999999999787,14,19522.0,бТел
1890,13:36:30,13.94,0.0,11,15334.0,бРел
1891,13:36:33,13.97,0.030000000000001137,161,224776.0,бРел
1892,13:36:36,13.98,0.009999999999999787,2,2795.0,бРел
1893,13:36:39,13.97,-0.009999999999999787,11,15367.0,бТел
1894,13:36:42,13.96,-0.009999999999999787,11,15356.0,бТел
1895,13:36:48,13.96,0.0,7,9772.0,бРел
1896,13:36:54,13.96,0.0,11,15356.0,бРел
1897,13:37:00,13.96,0.0,2,2792.0,бРел
1898,13:37:06,13.96,0.0,1,1396.0,бРел
1899,13:37:12,13.96,0.0,12,16752.0,бРел
1900,13:37:15,13.96,0.0,5,6980.0,бРел
1901,13:37:21,13.95,-0.010000000000001563,10,13950.0,бТел
1902,13:37:24,13.96,0.010000000000001563,9,12564.0,бРел
1903,13:37:27,13.96,0.0,21,29316.0,бРел
1904,13:37:30,13.96,0.0,6,8376.0,бРел
1905,13:37:36,13.96,0.0,6,8376.0,бРел
1906,13:37:39,13.96,0.0,4,5584.0,бРел
1907,13:37:48,13.96,0.0,4,5584.0,бРел
1908,13:37:51,13.95,-0.010000000000001563,14,19532.0,бТел
1909,13:37:57,13.96,0.010000000000001563,7,9768.0,бРел
1910,13:38:06,13.95,-0.010000000000001563,9,12556.0,бТел
1911,13:38:09,13.95,0.0,32,44640.0,бТел
1912,13:38:21,13.95,0.0,11,15345.0,бРел
1913,13:38:24,13.95,0.0,34,47416.0,бРел
1914,13:38:30,13.95,0.0,14,19530.0,бРел
1915,13:38:33,13.95,0.0,19,26505.0,бРел
1916,13:38:36,13.95,0.0,1,1395.0,бРел
1917,13:38:42,13.94,-0.009999999999999787,9,12546.0,бТел
1918,13:39:00,13.94,0.0,4,5576.0,бРел
1919,13:39:03,13.93,-0.009999999999999787,5,6965.0,бТел
1920,13:39:15,13.93,0.0,8,11144.0,бТел
1921,13:39:18,13.93,0.0,13,18109.0,бРел
1922,13:39:21,13.93,0.0,10,13930.0,бРел
1923,13:39:24,13.93,0.0,1,1393.0,бРел
1924,13:39:27,13.93,0.0,12,16717.0,бТел
1925,13:39:33,13.94,0.009999999999999787,5,6970.0,бРел
1926,13:39:36,13.94,0.0,4,5576.0,бРел
1927,13:39:45,13.94,0.0,1,1394.0,бРел
1928,13:39:54,13.94,0.0,1,1394.0,бРел
1929,13:40:03,13.93,-0.009999999999999787,10,13930.0,бТел
1930,13:40:09,13.93,0.0,35,48755.0,бТел
1931,13:40:12,13.93,0.0,1,1393.0,бРел
1932,13:40:15,13.92,-0.009999999999999787,16,22272.0,бТел
1933,13:40:18,13.93,0.009999999999999787,68,94628.0,бРел
1934,13:40:21,13.91,-0.019999999999999574,25,34789.0,бТел
1935,13:40:30,13.91,0.0,20,27820.0,бРел
1936,13:40:48,13.9,-0.009999999999999787,18,25020.0,бТел
1937,13:40:51,13.92,0.019999999999999574,3,4176.0,бРел
1938,13:40:57,13.91,-0.009999999999999787,1,1391.0,бТел
1939,13:41:00,13.91,0.0,4,5564.0,бТел
1940,13:41:15,13.91,0.0,6,8346.0,бРел
1941,13:41:18,13.91,0.0,10,13910.0,бРел
1942,13:41:21,13.91,0.0,10,13910.0,бРел
1943,13:41:24,13.91,0.0,2,2782.0,бРел
1944,13:41:27,13.91,0.0,8,11128.0,бРел
1945,13:41:30,13.91,0.0,15,20865.0,бРел
1946,13:41:33,13.91,0.0,5,6955.0,бРел
1947,13:41:51,13.91,0.0,7,9737.0,бТел
1948,13:41:57,13.91,0.0,18,25038.0,бТел
1949,13:42:00,13.92,0.009999999999999787,14,19482.0,бРел
1950,13:42:03,13.91,-0.009999999999999787,4,5564.0,бТел
1951,13:42:06,13.92,0.009999999999999787,3,4176.0,бРел
1952,13:42:09,13.92,0.0,1,1392.0,бРел
1953,13:42:15,13.91,-0.009999999999999787,3,4173.0,бТел
1954,13:42:18,13.91,0.0,13,18083.0,бТел
1955,13:42:21,13.91,0.0,8,11128.0,бТел
1956,13:42:27,13.91,0.0,10,13910.0,бТел
1957,13:42:30,13.91,0.0,2,2782.0,бРел
1958,13:42:33,13.9,-0.009999999999999787,35,48659.0,бТел
1959,13:42:36,13.92,0.019999999999999574,3,4175.0,бРел
1960,13:42:39,13.91,-0.009999999999999787,1,1391.0,бТел
1961,13:42:45,13.92,0.009999999999999787,70,97440.0,бРел
1962,13:42:48,13.92,0.0,7,9744.0,бРел
1963,13:42:54,13.92,0.0,8,11136.0,бТел
1964,13:42:57,13.92,0.0,1,1392.0,бРел
1965,13:43:00,13.92,0.0,8,11136.0,бРел
1966,13:43:06,13.91,-0.009999999999999787,12,16692.0,бТел
1967,13:43:09,13.92,0.009999999999999787,1,1392.0,бРел
1968,13:43:12,13.92,0.0,6,8352.0,бРел
1969,13:43:21,13.92,0.0,13,18096.0,бТел
1970,13:43:24,13.92,0.0,10,13920.0,бТел
1971,13:43:27,13.93,0.009999999999999787,11,15323.0,бРел
1972,13:43:30,13.92,-0.009999999999999787,12,16704.0,бТел
1973,13:43:33,13.92,0.0,1,1392.0,бРел
1974,13:43:36,13.92,0.0,11,15312.0,бРел
1975,13:43:39,13.93,0.009999999999999787,10,13925.0,бРел
1976,13:43:42,13.93,0.0,3,4179.0,бРел
1977,13:43:48,13.93,0.0,2,2786.0,бРел
1978,13:43:54,13.92,-0.009999999999999787,2,2784.0,бТел
1979,13:43:57,13.93,0.009999999999999787,17,23681.0,бРел
1980,13:44:00,13.93,0.0,13,18109.0,бРел
1981,13:44:03,13.93,0.0,2,2786.0,бРел
1982,13:44:12,13.93,0.0,9,12537.0,бРел
1983,13:44:18,13.93,0.0,7,9751.0,бРел
1984,13:44:21,13.94,0.009999999999999787,8,11142.0,бРел
1985,13:44:51,13.94,0.0,4,5576.0,бРел
1986,13:44:54,13.93,-0.009999999999999787,6,8359.0,бТел
1987,13:44:57,13.94,0.009999999999999787,8,11152.0,бРел
1988,13:45:03,13.94,0.0,29,40426.0,бРел
1989,13:45:06,13.95,0.009999999999999787,2,2790.0,бРел
1990,13:45:09,13.94,-0.009999999999999787,2,2788.0,бТел
1991,13:45:18,13.95,0.009999999999999787,8,11160.0,бРел
1992,13:45:21,13.95,0.0,13,18135.0,бРел
1993,13:45:24,13.94,-0.009999999999999787,100,139400.0,бТел
1994,13:45:30,13.95,0.009999999999999787,7,9765.0,бРел
1995,13:45:33,13.94,-0.009999999999999787,24,33456.0,бТел
1996,13:45:36,13.94,0.0,8,11152.0,бРел
1997,13:45:42,13.94,0.0,8,11152.0,бРел
1998,13:45:45,13.94,0.0,11,15334.0,бРел
1999,13:45:51,13.94,0.0,7,9758.0,бРел
2000,13:45:54,13.93,-0.009999999999999787,38,52934.0,бТел
2001,13:46:09,13.93,0.0,4,5572.0,бРел
2002,13:46:12,13.93,0.0,4,5572.0,бРел
2003,13:46:15,13.93,0.0,5,6965.0,бРел
2004,13:46:18,13.93,0.0,4,5572.0,бРел
2005,13:46:21,13.93,0.0,6,8353.0,бРел
2006,13:46:24,13.93,0.0,1,1393.0,бРел
2007,13:46:27,13.92,-0.009999999999999787,10,13929.0,бТел
2008,13:46:45,13.93,0.009999999999999787,6,8353.0,бРел
2009,13:46:48,13.93,0.0,14,19492.0,бРел
2010,13:46:54,13.93,0.0,8,11144.0,бРел
2011,13:46:57,13.93,0.0,4,5572.0,бРел
2012,13:47:00,13.93,0.0,9,12537.0,бРел
2013,13:47:03,13.93,0.0,1,1393.0,бРел
2014,13:47:09,13.93,0.0,1,1393.0,бРел
2015,13:47:12,13.93,0.0,18,25074.0,бРел
2016,13:47:18,13.93,0.0,24,33432.0,бРел
2017,13:47:24,13.92,-0.009999999999999787,15,20880.0,бТел
2018,13:47:30,13.93,0.009999999999999787,22,30632.0,бРел
2019,13:47:42,13.93,0.0,12,16713.0,бРел
2020,13:47:45,13.93,0.0,35,48755.0,бРел
2021,13:47:48,13.93,0.0,14,19502.0,бРел
2022,13:47:51,13.92,-0.009999999999999787,35,48720.0,бТел
2023,13:48:09,13.93,0.009999999999999787,1,1393.0,бРел
2024,13:48:12,13.93,0.0,8,11144.0,бРел
2025,13:48:21,13.93,0.0,31,43158.0,бРел
2026,13:48:24,13.93,0.0,4,5572.0,бРел
2027,13:48:27,13.93,0.0,3,4179.0,бРел
2028,13:48:36,13.93,0.0,4,5572.0,бРел
2029,13:48:42,13.93,0.0,4,5572.0,бРел
2030,13:48:45,13.94,0.009999999999999787,15,20903.0,бРел
2031,13:48:51,13.93,-0.009999999999999787,20,27861.0,бТел
2032,13:48:54,13.93,0.0,4,5572.0,бРел
2033,13:48:57,13.93,0.0,4,5572.0,бРел
2034,13:49:03,13.92,-0.009999999999999787,8,11136.0,бТел
2035,13:49:06,13.93,0.009999999999999787,3,4177.0,бРел
2036,13:49:09,13.93,0.0,3,4179.0,бРел
2037,13:49:18,13.93,0.0,5,6965.0,бРел
2038,13:49:21,13.93,0.0,7,9751.0,бРел
2039,13:49:24,13.93,0.0,12,16716.0,бРел
2040,13:49:33,13.93,0.0,4,5572.0,бРел
2041,13:49:36,13.93,0.0,1,1393.0,бРел
2042,13:49:48,13.93,0.0,4,5572.0,бРел
2043,13:49:54,13.9,-0.02999999999999936,45,62610.0,бТел
2044,13:49:57,13.93,0.02999999999999936,37,51433.0,бРел
2045,13:50:06,13.9,-0.02999999999999936,20,27800.0,бТел
2046,13:50:12,13.92,0.019999999999999574,10,13920.0,бРел
2047,13:50:15,13.93,0.009999999999999787,6,8353.0,бРел
2048,13:50:30,13.93,0.0,8,11144.0,бРел
2049,13:50:33,13.92,-0.009999999999999787,11,15312.0,бТел
2050,13:50:36,13.92,0.0,4,5568.0,бРел
2051,13:50:39,13.92,0.0,4,5568.0,бРел
2052,13:50:42,13.92,0.0,2,2783.0,бРел
2053,13:50:54,13.91,-0.009999999999999787,9,12519.0,бТел
2054,13:50:57,13.92,0.009999999999999787,7,9744.0,бРел
2055,13:51:00,13.92,0.0,1,1392.0,бРел
2056,13:51:03,13.91,-0.009999999999999787,59,82073.0,бТел
2057,13:51:06,13.92,0.009999999999999787,5,6960.0,бРел
2058,13:51:09,13.91,-0.009999999999999787,18,25038.0,бТел
2059,13:51:18,13.9,-0.009999999999999787,46,63944.0,бТел
2060,13:51:27,13.91,0.009999999999999787,13,18083.0,бРел
2061,13:51:30,13.91,0.0,4,5564.0,бТел
2062,13:51:33,13.91,0.0,6,8346.0,бРел
2063,13:51:39,13.91,0.0,7,9737.0,бТел
2064,13:51:45,13.91,0.0,16,22256.0,бРел
2065,13:51:48,13.9,-0.009999999999999787,17,23630.0,бТел
2066,13:51:51,13.91,0.009999999999999787,8,11122.0,бРел
2067,13:51:54,13.91,0.0,11,15300.0,бРел
2068,13:52:00,13.91,0.0,4,5564.0,бРел
2069,13:52:03,13.91,0.0,10,13910.0,бРел
2070,13:52:06,13.91,0.0,4,5564.0,бРел
2071,13:52:12,13.91,0.0,1,1391.0,бРел
2072,13:52:15,13.9,-0.009999999999999787,40,55600.0,бТел
2073,13:52:18,13.9,0.0,3,4170.0,бТел
2074,13:52:21,13.9,0.0,15,20855.0,бТел
2075,13:52:36,13.91,0.009999999999999787,1,1391.0,бРел
2076,13:52:42,13.91,0.0,13,18083.0,бРел
2077,13:52:54,13.91,0.0,16,22256.0,бРел
2078,13:52:57,13.91,0.0,8,11128.0,бРел
2079,13:53:18,13.92,0.009999999999999787,38,52881.0,бРел
2080,13:53:21,13.92,0.0,47,65384.0,бРел
2081,13:53:24,13.92,0.0,23,32016.0,бРел
2082,13:53:27,13.92,0.0,4,5568.0,бРел
2083,13:53:33,13.92,0.0,4,5568.0,бРел
2084,13:53:36,13.92,0.0,23,32016.0,бРел
2085,13:53:39,13.92,0.0,9,12528.0,бРел
2086,13:53:42,13.92,0.0,19,26448.0,бРел
2087,13:53:45,13.92,0.0,24,33408.0,бРел
2088,13:53:48,13.91,-0.009999999999999787,32,44534.0,бТел
2089,13:53:51,13.92,0.009999999999999787,15,20879.0,бРел
2090,13:53:54,13.92,0.0,1,1392.0,бРел
2091,13:53:57,13.93,0.009999999999999787,30,41776.0,бРел
2092,13:54:00,13.93,0.0,5,6965.0,бРел
2093,13:54:15,13.93,0.0,4,5572.0,бРел
2094,13:54:18,13.93,0.0,12,16716.0,бРел
2095,13:54:24,13.93,0.0,4,5572.0,бРел
2096,13:54:27,13.93,0.0,9,12537.0,бРел
2097,13:54:33,13.93,0.0,9,12537.0,бРел
2098,13:54:36,13.93,0.0,2,2786.0,жпптел
2099,13:54:45,13.94,0.009999999999999787,1,1394.0,бРел
2100,13:54:54,13.94,0.0,4,5576.0,бРел
2101,13:54:57,13.94,0.0,66,92004.0,бРел
2102,13:55:00,13.94,0.0,10,13940.0,бРел
2103,13:55:06,13.94,0.0,28,39010.0,бРел
2104,13:55:12,13.94,0.0,8,11152.0,бРел
2105,13:55:15,13.94,0.0,2,2788.0,бРел
2106,13:55:18,13.94,0.0,1,1394.0,бРел
2107,13:55:21,13.94,0.0,6,8364.0,бРел
2108,13:55:24,13.94,0.0,1,1394.0,бРел
2109,13:55:30,13.95,0.009999999999999787,167,232827.0,бРел
2110,13:55:39,13.95,0.0,1,1395.0,бРел
2111,13:55:42,13.94,-0.009999999999999787,36,50184.0,бТел
2112,13:55:54,13.95,0.009999999999999787,16,22320.0,бРел
2113,13:55:57,13.95,0.0,3,4185.0,бРел
2114,13:56:06,13.94,-0.009999999999999787,3,4182.0,бТел
2115,13:56:09,13.95,0.009999999999999787,1,1395.0,бРел
2116,13:56:15,13.95,0.0,9,12555.0,бРел
2117,13:56:18,13.95,0.0,6,8370.0,бРел
2118,13:56:24,13.96,0.010000000000001563,1,1396.0,бРел
2119,13:56:30,13.96,0.0,5,6980.0,бРел
2120,13:56:36,13.96,0.0,4,5584.0,бРел
2121,13:56:39,13.96,0.0,16,22330.0,бРел
2122,13:56:42,13.95,-0.010000000000001563,51,71145.0,бТел
2123,13:56:48,13.95,0.0,4,5580.0,бРел
2124,13:57:00,13.96,0.010000000000001563,11,15353.0,бРел
2125,13:57:09,13.96,0.0,2,2792.0,бРел
2126,13:57:15,13.95,-0.010000000000001563,15,20925.0,бТел
2127,13:57:18,13.95,0.0,16,22320.0,бРел
2128,13:57:21,13.95,0.0,10,13950.0,бРел
2129,13:57:27,13.95,0.0,9,12555.0,бРел
2130,13:57:30,13.95,0.0,12,16740.0,бРел
2131,13:57:36,13.94,-0.009999999999999787,27,37664.0,бТел
2132,13:57:39,13.95,0.009999999999999787,9,12548.0,бРел
2133,13:57:42,13.95,0.0,8,11160.0,бРел
2134,13:57:45,13.95,0.0,4,5580.0,бРел
2135,13:57:48,13.95,0.0,7,9765.0,бРел
2136,13:57:54,13.95,0.0,7,9765.0,бРел
2137,13:58:00,13.95,0.0,3,4185.0,бРел
2138,13:58:03,13.94,-0.009999999999999787,29,40426.0,бТел
2139,13:58:06,13.91,-0.02999999999999936,147,204586.0,бТел
2140,13:58:09,13.93,0.019999999999999574,13,18110.0,жпптел
2141,13:58:21,13.9,-0.02999999999999936,55,76504.0,бТел
2142,13:58:24,13.91,0.009999999999999787,12,16692.0,бРел
2143,13:58:27,13.9,-0.009999999999999787,54,75067.0,бТел
2144,13:58:30,13.91,0.009999999999999787,39,54249.0,бРел
2145,13:58:33,13.92,0.009999999999999787,18,25038.0,бРел
2146,13:58:45,13.92,0.0,2,2784.0,бРел
2147,13:58:48,13.92,0.0,9,12528.0,бРел
2148,13:58:57,13.92,0.0,17,23664.0,бРел
2149,13:59:06,13.92,0.0,2,2784.0,бРел
2150,13:59:09,13.92,0.0,25,34800.0,бРел
2151,13:59:15,13.92,0.0,5,6960.0,бРел
2152,13:59:18,13.91,-0.009999999999999787,3,4173.0,бТел
2153,13:59:21,13.92,0.009999999999999787,5,6960.0,бРел
2154,13:59:27,13.92,0.0,5,6960.0,бРел
2155,13:59:30,13.92,0.0,21,29232.0,бРел
2156,13:59:36,13.92,0.0,1,1392.0,бРел
2157,13:59:39,13.92,0.0,1,1392.0,бРел
2158,13:59:48,13.92,0.0,7,9744.0,бРел
2159,13:59:51,13.92,0.0,20,27840.0,бРел
2160,13:59:54,13.92,0.0,1,1392.0,бТел
2161,13:59:57,13.95,0.02999999999999936,9,12550.0,бРел
2162,14:00:00,13.95,0.0,15,20925.0,бРел
2163,14:00:06,13.95,0.0,2,2789.0,бРел
2164,14:00:15,13.95,0.0,5,6975.0,бРел
2165,14:00:18,13.95,0.0,6,8370.0,бРел
2166,14:00:21,13.94,-0.009999999999999787,6,8364.0,бТел
2167,14:00:24,13.95,0.009999999999999787,14,19517.0,бРел
2168,14:00:27,13.93,-0.019999999999999574,13,18109.0,бТел
2169,14:00:30,13.93,0.0,1,1393.0,бРел
2170,14:00:36,13.95,0.019999999999999574,12,16726.0,бРел
2171,14:00:42,13.93,-0.019999999999999574,22,30645.0,бТел
2172,14:00:48,13.94,0.009999999999999787,9,12546.0,бРел
2173,14:00:51,13.93,-0.009999999999999787,49,68257.0,бТел
2174,14:00:54,13.92,-0.009999999999999787,3,4176.0,бТел
2175,14:00:57,13.92,0.0,76,105792.0,бТел
2176,14:01:03,13.91,-0.009999999999999787,10,13910.0,бТел
2177,14:01:06,13.9,-0.009999999999999787,149,207180.0,бТел
2178,14:01:09,13.92,0.019999999999999574,17,23652.0,бРел
2179,14:01:12,13.91,-0.009999999999999787,10,13913.0,бТел
2180,14:01:15,13.91,0.0,3,4173.0,бРел
2181,14:01:24,13.91,0.0,12,16692.0,бТел
2182,14:01:27,13.91,0.0,10,13910.0,бРел
2183,14:01:30,13.91,0.0,10,13910.0,бРел
2184,14:01:33,13.9,-0.009999999999999787,4,5560.0,бТел
2185,14:01:42,13.9,0.0,60,83407.0,бТел
2186,14:01:45,13.9,0.0,34,47260.0,бТел
2187,14:01:54,13.89,-0.009999999999999787,1,1389.0,жпптел
2188,14:01:57,13.88,-0.009999999999999787,21,29148.0,бТел
2189,14:02:00,13.88,0.0,28,38864.0,бРел
2190,14:02:03,13.87,-0.010000000000001563,3,4161.0,бТел
2191,14:02:06,13.87,0.0,60,83220.0,бТел
2192,14:02:09,13.88,0.010000000000001563,69,95751.0,бРел
2193,14:02:18,13.89,0.009999999999999787,2,2778.0,бРел
2194,14:02:21,13.88,-0.009999999999999787,1,1388.0,бТел
2195,14:02:27,13.88,0.0,1,1388.0,бТел
2196,14:02:33,13.86,-0.02000000000000135,76,105418.0,бТел
2197,14:02:39,13.9,0.040000000000000924,2,2778.0,бРел
2198,14:02:42,13.88,-0.019999999999999574,23,31924.0,бТел
2199,14:02:57,13.86,-0.02000000000000135,19,26336.0,бТел
2200,14:03:00,13.87,0.009999999999999787,1,1387.0,бРел
2201,14:03:03,13.87,0.0,5,6935.0,бРел
2202,14:03:06,13.87,0.0,20,27755.0,бТел
2203,14:03:09,13.87,0.0,11,15257.0,бРел
2204,14:03:12,13.87,0.0,13,18031.0,бРел
2205,14:03:15,13.87,0.0,19,26353.0,бРел
2206,14:03:18,13.87,0.0,44,61028.0,бРел
2207,14:03:21,13.87,0.0,8,11096.0,бРел
2208,14:03:27,13.87,0.0,8,11096.0,бРел
2209,14:03:30,13.88,0.010000000000001563,1,1388.0,бРел
2210,14:03:33,13.88,0.0,40,55520.0,бРел
2211,14:03:36,13.88,0.0,8,11104.0,бРел
2212,14:03:39,13.88,0.0,47,65236.0,бРел
2213,14:03:45,13.88,0.0,14,19432.0,бРел
2214,14:03:48,13.9,0.019999999999999574,1,1390.0,бРел
2215,14:03:57,13.9,0.0,10,13900.0,бРел
2216,14:04:03,13.89,-0.009999999999999787,35,48595.0,бРел
2217,14:04:06,13.88,-0.009999999999999787,4,5553.0,бТел
2218,14:04:09,13.89,0.009999999999999787,4,5553.0,бРел
2219,14:04:12,13.88,-0.009999999999999787,2,2776.0,бТел
2220,14:04:21,13.89,0.009999999999999787,78,108291.0,бРел
2221,14:04:24,13.89,0.0,4,5556.0,бРел
2222,14:04:27,13.89,0.0,4,5553.0,бРел
2223,14:04:39,13.88,-0.009999999999999787,75,104100.0,бТел
2224,14:04:45,13.89,0.009999999999999787,5,6945.0,бРел
2225,14:04:54,13.88,-0.009999999999999787,1,1388.0,бТел
2226,14:04:57,13.88,0.0,14,19432.0,бТел
2227,14:05:12,13.88,0.0,55,76340.0,бТел
2228,14:05:18,13.88,0.0,9,12492.0,бТел
2229,14:05:21,13.88,0.0,1,1388.0,бРел
2230,14:05:24,13.89,0.009999999999999787,6,8334.0,бРел
2231,14:05:27,13.89,0.0,170,236130.0,бРел
2232,14:05:30,13.9,0.009999999999999787,1,1390.0,бРел
2233,14:05:36,13.89,-0.009999999999999787,1,1389.0,бТел
2234,14:05:39,13.9,0.009999999999999787,30,41700.0,бРел
2235,14:05:42,13.9,0.0,9,12510.0,бРел
2236,14:05:51,13.9,0.0,1,1390.0,бРел
2237,14:06:03,13.89,-0.009999999999999787,10,13890.0,бТел
2238,14:06:06,13.89,0.0,1,1389.0,бТел
2239,14:06:15,13.9,0.009999999999999787,8,11120.0,бРел
2240,14:06:21,13.89,-0.009999999999999787,50,69450.0,бТел
2241,14:06:30,13.9,0.009999999999999787,13,18070.0,бРел
2242,14:06:33,13.9,0.0,7,9730.0,бРел
2243,14:06:39,13.91,0.009999999999999787,1,1391.0,бРел
2244,14:06:51,13.9,-0.009999999999999787,11,15290.0,бТел
2245,14:06:57,13.91,0.009999999999999787,49,68075.0,бРел
2246,14:07:00,13.91,0.0,1,1391.0,бРел
2247,14:07:09,13.91,0.0,2,2781.0,бРел
2248,14:07:12,13.91,0.0,5,6955.0,бРел
2249,14:07:21,13.91,0.0,1,1391.0,бРел
2250,14:07:27,13.9,-0.009999999999999787,10,13900.0,бТел
2251,14:07:30,13.9,0.0,32,44482.0,бТел
2252,14:07:33,13.91,0.009999999999999787,5,6955.0,бРел
2253,14:07:51,13.89,-0.019999999999999574,2,2780.0,бТел
2254,14:07:57,13.91,0.019999999999999574,6,8346.0,бРел
2255,14:08:06,13.91,0.0,37,51467.0,бТел
2256,14:08:09,13.91,0.0,8,11128.0,бТел
2257,14:08:15,13.92,0.009999999999999787,12,16696.0,бРел
2258,14:08:18,13.92,0.0,1,1392.0,бРел
2259,14:08:21,13.91,-0.009999999999999787,5,6955.0,бТел
2260,14:08:27,13.92,0.009999999999999787,9,12528.0,бРел
2261,14:08:48,13.92,0.0,1,1392.0,бРел
2262,14:08:54,13.92,0.0,11,15307.0,бРел
2263,14:09:12,13.92,0.0,2,2784.0,бРел
2264,14:09:15,13.92,0.0,3,4176.0,бРел
2265,14:09:18,13.91,-0.009999999999999787,6,8346.0,бТел
2266,14:09:24,13.91,0.0,8,11128.0,бТел
2267,14:09:27,13.91,0.0,1,1391.0,бТел
2268,14:09:30,13.92,0.009999999999999787,1,1392.0,бРел
2269,14:09:33,13.91,-0.009999999999999787,12,16693.0,бТел
2270,14:09:36,13.92,0.009999999999999787,3,4176.0,бРел
2271,14:09:39,13.91,-0.009999999999999787,1,1391.0,бТел
2272,14:09:48,13.91,0.0,1,1391.0,бТел
2273,14:10:00,13.91,0.0,3,4173.0,бТел
2274,14:10:03,13.91,0.0,2,2782.0,бТел
2275,14:10:06,13.91,0.0,1,1391.0,бРел
2276,14:10:09,13.9,-0.009999999999999787,1,1390.0,бТел
2277,14:10:12,13.91,0.009999999999999787,12,16692.0,бТел
2278,14:10:15,13.91,0.0,6,8346.0,бРел
2279,14:10:18,13.9,-0.009999999999999787,5,6950.0,бТел
2280,14:10:24,13.91,0.009999999999999787,10,13910.0,бТел
2281,14:10:27,13.91,0.0,4,5564.0,жпптел
2282,14:10:30,13.92,0.009999999999999787,13,18083.0,бРел
2283,14:10:33,13.91,-0.009999999999999787,4,5564.0,жпптел
2284,14:10:36,13.9,-0.009999999999999787,33,45874.0,бТел
2285,14:10:42,13.91,0.009999999999999787,15,20865.0,бРел
2286,14:10:54,13.91,0.0,4,5564.0,бРел
2287,14:10:57,13.9,-0.009999999999999787,2,2780.0,бТел
2288,14:11:03,13.89,-0.009999999999999787,3,4167.0,бТел
2289,14:11:06,13.89,0.0,31,43059.0,бТел
2290,14:11:09,13.89,0.0,32,44448.0,бТел
2291,14:11:12,13.89,0.0,1,1389.0,бРел
2292,14:11:15,13.88,-0.009999999999999787,5,6940.0,бТел
2293,14:11:18,13.88,0.0,28,38864.0,бТел
2294,14:11:21,13.87,-0.010000000000001563,32,44423.0,бТел
2295,14:11:24,13.88,0.010000000000001563,17,23604.0,бТел
2296,14:11:30,13.87,-0.010000000000001563,6,8322.0,бТел
2297,14:11:33,13.88,0.010000000000001563,20,27750.0,бРел
2298,14:11:36,13.88,0.0,6,8327.0,бРел
2299,14:11:39,13.87,-0.010000000000001563,1,1387.0,бТел
2300,14:11:42,13.87,0.0,12,16646.0,бТел
2301,14:11:45,13.87,0.0,46,63802.0,бТел
2302,14:11:54,13.88,0.010000000000001563,41,56868.0,бРел
2303,14:12:00,13.86,-0.02000000000000135,63,87351.0,бТел
2304,14:12:06,13.86,0.0,84,116424.0,бТел
2305,14:12:18,13.85,-0.009999999999999787,7,9701.0,бТел
2306,14:12:21,13.86,0.009999999999999787,2,2771.0,бРел
2307,14:12:27,13.86,0.0,6,8316.0,бРел
2308,14:12:36,13.86,0.0,2,2773.0,бТел
2309,14:12:48,13.86,0.0,3,4158.0,бТел
2310,14:13:00,13.86,0.0,35,48510.0,бТел
2311,14:13:06,13.86,0.0,4,5543.0,бРел
2312,14:13:15,13.87,0.009999999999999787,14,19418.0,бРел
2313,14:13:18,13.88,0.010000000000001563,4,5551.0,бРел
2314,14:13:30,13.87,-0.010000000000001563,1,1387.0,бТел
2315,14:13:33,13.88,0.010000000000001563,1,1388.0,бРел
2316,14:13:36,13.88,0.0,5,6939.0,бРел
2317,14:13:42,13.88,0.0,3,4164.0,бРел
2318,14:13:45,13.88,0.0,1,1388.0,бРел
2319,14:13:48,13.88,0.0,11,15258.0,бРел
2320,14:13:54,13.87,-0.010000000000001563,14,19424.0,бТел
2321,14:13:57,13.89,0.02000000000000135,7,9723.0,бРел
2322,14:14:00,13.88,-0.009999999999999787,30,41640.0,бТел
2323,14:14:06,13.88,0.0,1,1388.0,бТел
2324,14:14:18,13.88,0.0,26,36088.0,бТел
2325,14:14:21,13.88,0.0,13,18044.0,бРел
2326,14:14:27,13.88,0.0,11,15268.0,бРел
2327,14:14:30,13.88,0.0,2,2776.0,бРел
2328,14:14:39,13.88,0.0,1,1388.0,бРел
2329,14:14:51,13.87,-0.010000000000001563,2,2775.0,бТел
2330,14:14:57,13.87,0.0,6,8322.0,бТел
2331,14:15:00,13.87,0.0,30,41610.0,бТел
2332,14:15:06,13.86,-0.009999999999999787,2,2773.0,бТел
2333,14:15:09,13.86,0.0,1,1386.0,бТел
2334,14:15:15,13.86,0.0,161,223146.0,бТел
2335,14:15:18,13.86,0.0,14,19404.0,бРел
2336,14:15:24,13.86,0.0,7,9702.0,бРел
2337,14:15:27,13.86,0.0,6,8316.0,бРел
2338,14:15:33,13.86,0.0,11,15246.0,бРел
2339,14:15:39,13.85,-0.009999999999999787,46,63710.0,бТел
2340,14:15:48,13.86,0.009999999999999787,1,1386.0,бРел
2341,14:15:51,13.85,-0.009999999999999787,7,9695.0,бТел
2342,14:16:00,13.85,0.0,25,34625.0,бТел
2343,14:16:12,13.85,0.0,5,6925.0,бРел
2344,14:16:18,13.85,0.0,4,5540.0,бРел
2345,14:16:24,13.85,0.0,2,2770.0,бРел
2346,14:16:27,13.85,0.0,59,81715.0,бРел
2347,14:16:30,13.84,-0.009999999999999787,100,138406.0,бТел
2348,14:16:39,13.85,0.009999999999999787,158,218901.0,бТел
2349,14:16:42,13.85,0.0,31,42935.0,бТел
2350,14:16:48,13.84,-0.009999999999999787,1,1384.0,бТел
2351,14:16:54,13.85,0.009999999999999787,25,34625.0,бРел
2352,14:17:00,13.85,0.0,2,2770.0,бРел
2353,14:17:06,13.85,0.0,21,29067.0,бРел
2354,14:17:09,13.85,0.0,9,12465.0,бРел
2355,14:17:24,13.85,0.0,3,4155.0,бТел
2356,14:17:27,13.87,0.019999999999999574,7,9709.0,бРел
2357,14:17:33,13.85,-0.019999999999999574,48,66489.0,бТел
2358,14:17:36,13.85,0.0,1,1385.0,бТел
2359,14:17:57,13.87,0.019999999999999574,7,9709.0,бРел
2360,14:18:03,13.85,-0.019999999999999574,2,2772.0,бТел
2361,14:18:06,13.85,0.0,293,405804.0,бТел
2362,14:18:15,13.84,-0.009999999999999787,43,59512.0,бТел
2363,14:18:21,13.84,0.0,28,38752.0,бТел
2364,14:18:24,13.84,0.0,26,35984.0,бТел
2365,14:18:27,13.85,0.009999999999999787,10,13850.0,бРел
2366,14:18:36,13.87,0.019999999999999574,3,4161.0,бРел
2367,14:18:39,13.85,-0.019999999999999574,3,4155.0,бТел
2368,14:18:45,13.85,0.0,11,15235.0,бРел
2369,14:18:51,13.85,0.0,2,2769.0,бРел
2370,14:18:57,13.85,0.0,9,12465.0,бРел
2371,14:19:03,13.84,-0.009999999999999787,17,23528.0,бТел
2372,14:19:12,13.85,0.009999999999999787,1,1385.0,бРел
2373,14:19:18,13.84,-0.009999999999999787,2,2768.0,бТел
2374,14:19:21,13.85,0.009999999999999787,19,26315.0,бРел
2375,14:19:24,13.85,0.0,29,40165.0,бТел
2376,14:19:27,13.85,0.0,5,6925.0,бРел
2377,14:19:33,13.85,0.0,3,4155.0,бРел
2378,14:19:36,13.85,0.0,6,8310.0,бРел
2379,14:19:45,13.84,-0.009999999999999787,1,1384.0,бТел
2380,14:19:51,13.85,0.009999999999999787,15,20775.0,бРел
2381,14:19:57,13.85,0.0,15,20775.0,бРел
2382,14:20:06,13.84,-0.009999999999999787,63,87231.0,бТел
2383,14:20:09,13.85,0.009999999999999787,2,2772.0,бТел
2384,14:20:12,13.87,0.019999999999999574,2,2774.0,бРел
2385,14:20:15,13.86,-0.009999999999999787,10,13860.0,бТел
2386,14:20:18,13.87,0.009999999999999787,54,74859.0,бРел
2387,14:20:21,13.87,0.0,9,12483.0,бРел
2388,14:20:24,13.87,0.0,11,15257.0,бРел
2389,14:20:27,13.85,-0.019999999999999574,32,44351.0,бТел
2390,14:20:36,13.85,0.0,4,5543.0,бТел
2391,14:20:45,13.86,0.009999999999999787,8,11088.0,бРел
2392,14:20:48,13.86,0.0,1,1386.0,бРел
2393,14:20:57,13.86,0.0,2,2772.0,бРел
2394,14:21:03,13.86,0.0,0,679.140000000596,бТел
2395,14:21:09,13.86,0.0,3,4158.0,бРел
2396,14:21:24,13.86,0.0,3,4158.0,бРел
2397,14:21:36,13.85,-0.009999999999999787,66,91430.0,бТел
2398,14:21:39,13.86,0.009999999999999787,2,2772.0,бРел
2399,14:21:45,13.85,-0.009999999999999787,12,16627.0,бТел
2400,14:21:48,13.86,0.009999999999999787,9,12474.0,бРел
2401,14:21:51,13.86,0.0,4,5543.0,бРел
2402,14:21:57,13.86,0.0,2,2772.0,бРел
2403,14:22:03,13.86,0.0,13,18018.0,бТел
2404,14:22:06,13.86,0.0,6,8316.0,бРел
2405,14:22:09,13.85,-0.009999999999999787,89,123292.0,бТел
2406,14:22:12,13.87,0.019999999999999574,10,13870.0,бРел
2407,14:22:18,13.87,0.0,5,6935.0,бРел
2408,14:22:21,13.87,0.0,8,11096.0,бРел
2409,14:22:24,13.87,0.0,3,4161.0,бРел
2410,14:22:33,13.86,-0.009999999999999787,15,20791.0,бТел
2411,14:22:36,13.86,0.0,1,1386.0,бРел
2412,14:22:42,13.86,0.0,7,9702.0,бРел
2413,14:22:45,13.86,0.0,13,18018.0,бРел
2414,14:22:48,13.86,0.0,102,141372.0,бРел
2415,14:22:54,13.87,0.009999999999999787,2,2773.0,бРел
2416,14:22:57,13.87,0.0,1,1387.0,бРел
2417,14:23:00,13.87,0.0,10,13870.0,бРел
2418,14:23:03,13.87,0.0,6,8322.0,бРел
2419,14:23:06,13.88,0.010000000000001563,15,20819.0,бРел
2420,14:23:12,13.88,0.0,1,1388.0,бРел
2421,14:23:15,13.88,0.0,10,13880.0,бРел
2422,14:23:18,13.88,0.0,8,11104.0,бРел
2423,14:23:24,13.88,0.0,2,2776.0,бРел
2424,14:23:30,13.88,0.0,1,1388.0,бТел
2425,14:23:33,13.88,0.0,5,6940.0,бТел
2426,14:23:36,13.87,-0.010000000000001563,1,1387.0,бТел
2427,14:23:39,13.88,0.010000000000001563,3,4164.0,бРел
2428,14:23:45,13.88,0.0,4,5552.0,бРел
2429,14:23:51,13.87,-0.010000000000001563,30,41621.0,бТел
2430,14:23:54,13.87,0.0,12,16644.0,бТел
2431,14:23:57,13.88,0.010000000000001563,7,9713.0,бРел
2432,14:24:03,13.88,0.0,1,1388.0,бРел
2433,14:24:09,13.87,-0.010000000000001563,19,26353.0,бТел
2434,14:24:12,13.88,0.010000000000001563,7,9716.0,бРел
2435,14:24:15,13.87,-0.010000000000001563,64,88786.0,бТел
2436,14:24:18,13.88,0.010000000000001563,7,9716.0,бРел
2437,14:24:21,13.87,-0.010000000000001563,20,27740.0,бТел
2438,14:24:24,13.88,0.010000000000001563,1,1388.0,бРел
2439,14:24:30,13.88,0.0,16,22208.0,бРел
2440,14:24:33,13.88,0.0,97,134540.0,бРел
2441,14:24:51,13.87,-0.010000000000001563,11,15257.0,бТел
2442,14:24:57,13.87,0.0,67,92929.0,бТел
2443,14:25:06,13.86,-0.009999999999999787,4,5544.0,бТел
2444,14:25:09,13.87,0.009999999999999787,12,16644.0,бРел
2445,14:25:12,13.87,0.0,3,4161.0,бРел
2446,14:25:18,13.87,0.0,11,15257.0,бРел
2447,14:25:21,13.87,0.0,20,27740.0,бРел
2448,14:25:39,13.87,0.0,2,2773.0,бРел
2449,14:25:42,13.87,0.0,1,1387.0,бРел
2450,14:25:48,13.87,0.0,10,13870.0,бРел
2451,14:25:54,13.87,0.0,156,216222.0,бРел
2452,14:25:57,13.86,-0.009999999999999787,3,4158.0,бТел
2453,14:26:06,13.87,0.009999999999999787,28,38828.0,бРел
2454,14:26:09,13.87,0.0,6,8319.0,бРел
2455,14:26:12,13.87,0.0,12,16644.0,бТел
2456,14:26:15,13.87,0.0,3,4161.0,бРел
2457,14:26:21,13.86,-0.009999999999999787,11,15256.0,бТел
2458,14:26:27,13.86,0.0,23,31878.0,бТел
2459,14:26:30,13.87,0.009999999999999787,36,49904.0,бРел
2460,14:26:33,13.86,-0.009999999999999787,9,12481.0,бТел
2461,14:26:39,13.86,0.0,52,72083.0,бТел
2462,14:26:45,13.87,0.009999999999999787,5,6931.0,бРел
2463,14:26:57,13.86,-0.009999999999999787,3,4158.0,бТел
2464,14:27:03,13.86,0.0,386,534996.0,бТел
2465,14:27:06,13.86,0.0,9,12473.0,бРел
2466,14:27:09,13.86,0.0,19,26321.0,бРел
2467,14:27:12,13.86,0.0,1,1386.0,бТел
2468,14:27:15,13.87,0.009999999999999787,1,1387.0,бРел
2469,14:27:18,13.86,-0.009999999999999787,4,5544.0,бТел
2470,14:27:24,13.87,0.009999999999999787,1,1387.0,бРел
2471,14:27:27,13.87,0.0,7,9709.0,бРел
2472,14:27:30,13.86,-0.009999999999999787,20,27720.0,бТел
2473,14:27:33,13.87,0.009999999999999787,5,6935.0,бРел
2474,14:27:36,13.86,-0.009999999999999787,3,4159.0,бТел
2475,14:27:39,13.87,0.009999999999999787,6,8322.0,бРел
2476,14:27:42,13.87,0.0,1,1387.0,бРел
2477,14:27:45,13.86,-0.009999999999999787,28,38808.0,бТел
2478,14:27:48,13.87,0.009999999999999787,12,16642.0,бРел
2479,14:27:51,13.86,-0.009999999999999787,7,9702.0,бТел
2480,14:27:54,13.86,0.0,57,79002.0,бТел
2481,14:28:00,13.86,0.0,20,27720.0,бТел
2482,14:28:09,13.86,0.0,14,19407.0,бТел
2483,14:28:12,13.86,0.0,3,4158.0,бТел
2484,14:28:21,13.87,0.009999999999999787,13,18031.0,бРел
2485,14:28:27,13.87,0.0,60,83168.0,бРел
2486,14:28:30,13.87,0.0,29,40213.0,бРел
2487,14:28:33,13.86,-0.009999999999999787,20,27730.0,бТел
2488,14:28:36,13.86,0.0,41,56826.0,бТел
2489,14:28:48,13.87,0.009999999999999787,6,8322.0,бРел
2490,14:28:51,13.86,-0.009999999999999787,22,30494.0,бТел
2491,14:28:54,13.86,0.0,56,77616.0,бТел
2492,14:28:57,13.87,0.009999999999999787,16,22182.0,бРел
2493,14:29:00,13.87,0.0,25,34675.0,бРел
2494,14:29:03,13.86,-0.009999999999999787,1,1386.0,бТел
2495,14:29:09,13.87,0.009999999999999787,12,16633.0,бРел
2496,14:29:12,13.87,0.0,4,5548.0,бРел
2497,14:29:21,13.87,0.0,5,6935.0,бРел
2498,14:29:24,13.86,-0.009999999999999787,50,69310.0,бТел
2499,14:29:27,13.87,0.009999999999999787,17,23576.0,бРел
2500,14:29:30,13.87,0.0,6,8322.0,бРел
2501,14:29:33,13.86,-0.009999999999999787,33,45738.0,бТел
2502,14:29:36,13.87,0.009999999999999787,31,42967.0,бРел
2503,14:29:42,13.87,0.0,3,4161.0,бРел
2504,14:29:48,13.86,-0.009999999999999787,7,9702.0,бТел
2505,14:29:51,13.87,0.009999999999999787,2,2773.0,бРел
2506,14:30:00,13.86,-0.009999999999999787,6,8316.0,бТел
2507,14:30:06,13.88,0.02000000000000135,64,88769.0,бРел
2508,14:30:09,13.88,0.0,10,13871.0,бРел
2509,14:30:12,13.88,0.0,9,12487.0,бРел
2510,14:30:15,13.87,-0.010000000000001563,18,24974.0,бТел
2511,14:30:21,13.87,0.0,133,184491.0,бТел
2512,14:30:24,13.86,-0.009999999999999787,3,4158.0,бТел
2513,14:30:27,13.86,0.0,15,20790.0,бТел
2514,14:30:30,13.86,0.0,84,116424.0,бТел
2515,14:30:36,13.86,0.0,32,44332.0,бРел
2516,14:30:39,13.86,0.0,21,29096.0,бРел
2517,14:30:42,13.86,0.0,38,52633.0,бРел
2518,14:30:45,13.85,-0.009999999999999787,1,1385.0,бТел
2519,14:30:51,13.85,0.0,1,1385.0,бТел
2520,14:30:54,13.86,0.009999999999999787,29,40194.0,бРел
2521,14:31:00,13.86,0.0,20,27720.0,бТел
2522,14:31:03,13.86,0.0,8,11088.0,бТел
2523,14:31:09,13.87,0.009999999999999787,19,26353.0,бРел
2524,14:31:12,13.87,0.0,1,1387.0,бРел
2525,14:31:18,13.87,0.0,38,52694.0,бРел
2526,14:31:21,13.87,0.0,1,1387.0,бРел
2527,14:31:24,13.87,0.0,14,19403.0,бРел
2528,14:31:27,13.87,0.0,8,11096.0,бРел
2529,14:31:30,13.86,-0.009999999999999787,16,22187.0,бТел
2530,14:31:36,13.87,0.009999999999999787,10,13870.0,бРел
2531,14:31:42,13.86,-0.009999999999999787,10,13860.0,бТел
2532,14:31:45,13.87,0.009999999999999787,3,4161.0,бРел
2533,14:31:48,13.86,-0.009999999999999787,11,15247.0,бТел
2534,14:31:51,13.87,0.009999999999999787,20,27740.0,бРел
2535,14:32:00,13.87,0.0,1,1387.0,бРел
2536,14:32:06,13.85,-0.019999999999999574,279,386439.0,бТел
2537,14:32:09,13.85,0.0,8,11080.0,бРел
2538,14:32:12,13.86,0.009999999999999787,45,62383.0,бРел
2539,14:32:18,13.87,0.009999999999999787,4,5548.0,бРел
2540,14:32:21,13.87,0.0,6,8322.0,бРел
2541,14:32:30,13.88,0.010000000000001563,21,29143.0,бРел
2542,14:32:48,13.88,0.0,20,27747.0,бРел
2543,14:32:51,13.86,-0.02000000000000135,1,1386.0,бТел
2544,14:32:57,13.86,0.0,7,9702.0,бТел
2545,14:33:03,13.86,0.0,1,1386.0,бТел
2546,14:33:06,13.88,0.02000000000000135,69,95683.0,бРел
2547,14:33:21,13.88,0.0,16,22208.0,бРел
2548,14:33:24,13.88,0.0,10,13880.0,бРел
2549,14:33:33,13.88,0.0,1,1388.0,бРел
2550,14:33:36,13.87,-0.010000000000001563,2,2774.0,бТел
2551,14:33:45,13.87,0.0,2,2774.0,бТел
2552,14:33:48,13.88,0.010000000000001563,20,27760.0,бРел
2553,14:33:51,13.88,0.0,1,1388.0,бРел
2554,14:33:54,13.88,0.0,21,29148.0,бРел
2555,14:34:00,13.88,0.0,13,18044.0,бРел
2556,14:34:03,13.87,-0.010000000000001563,9,12483.0,бТел
2557,14:34:09,13.88,0.010000000000001563,59,81892.0,бРел
2558,14:34:12,13.88,0.0,10,13880.0,бРел
2559,14:34:15,13.89,0.009999999999999787,9,12496.0,бРел
2560,14:34:18,13.87,-0.02000000000000135,3,4163.0,бТел
2561,14:34:30,13.89,0.02000000000000135,21,29169.0,бРел
2562,14:34:33,13.88,-0.009999999999999787,4,5552.0,бТел
2563,14:34:51,13.89,0.009999999999999787,6,8334.0,бРел
2564,14:34:54,13.88,-0.009999999999999787,20,27779.0,бТел
2565,14:35:00,13.9,0.019999999999999574,30,41676.0,бРел
2566,14:35:12,13.9,0.0,1,1390.0,бРел
2567,14:35:24,13.9,0.0,5,6950.0,бРел
2568,14:35:27,13.9,0.0,38,52820.0,бРел
2569,14:35:30,13.9,0.0,1,1390.0,бРел
2570,14:35:39,13.91,0.009999999999999787,1,1391.0,бРел
2571,14:35:45,13.91,0.0,1,1391.0,бРел
2572,14:35:48,13.9,-0.009999999999999787,10,13900.0,бТел
2573,14:35:51,13.9,0.0,2,2780.0,бРел
2574,14:35:57,13.9,0.0,14,19460.0,бРел
2575,14:36:06,13.9,0.0,1,1390.0,бРел
2576,14:36:09,13.9,0.0,13,18070.0,бРел
2577,14:36:12,13.91,0.009999999999999787,21,29206.0,бРел
2578,14:36:15,13.91,0.0,3,4173.0,бРел
2579,14:36:18,13.91,0.0,1,1391.0,бРел
2580,14:36:21,13.9,-0.009999999999999787,4,5560.0,бТел
2581,14:36:30,13.91,0.009999999999999787,35,48674.0,бРел
2582,14:36:33,13.92,0.009999999999999787,28,38969.0,бРел
2583,14:36:36,13.91,-0.009999999999999787,3,4173.0,бТел
2584,14:36:39,13.9,-0.009999999999999787,14,19471.0,бТел
2585,14:36:42,13.9,0.0,18,25020.0,бТел
2586,14:36:45,13.9,0.0,10,13900.0,бРел
2587,14:36:51,13.9,0.0,39,54210.0,бРел
2588,14:36:57,13.91,0.009999999999999787,46,63951.0,бРел
2589,14:37:00,13.9,-0.009999999999999787,2,2780.0,бТел
2590,14:37:03,13.91,0.009999999999999787,5,6955.0,бРел
2591,14:37:06,13.9,-0.009999999999999787,2,2780.0,бТел
2592,14:37:09,13.91,0.009999999999999787,12,16692.0,бРел
2593,14:37:12,13.91,0.0,1,1391.0,бРел
2594,14:37:18,13.91,0.0,9,12519.0,бРел
2595,14:37:24,13.91,0.0,1,1391.0,бРел
2596,14:37:27,13.9,-0.009999999999999787,20,27804.0,бТел
2597,14:37:30,13.91,0.009999999999999787,3,4173.0,жпптел
2598,14:37:33,13.9,-0.009999999999999787,25,34750.0,бТел
2599,14:37:39,13.9,0.0,1,1390.0,бРел
2600,14:37:42,13.9,0.0,25,34750.0,бРел
2601,14:37:45,13.9,0.0,6,8340.0,бРел
2602,14:37:48,13.9,0.0,2,2780.0,бРел
2603,14:37:51,13.9,0.0,11,15290.0,бРел
2604,14:38:00,13.9,0.0,2,2780.0,бРел
2605,14:38:06,13.9,0.0,27,37530.0,бРел
2606,14:38:12,13.9,0.0,24,33360.0,бРел
2607,14:38:15,13.89,-0.009999999999999787,10,13890.0,бТел
2608,14:38:21,13.91,0.019999999999999574,20,27814.0,бРел
2609,14:38:27,13.91,0.0,1,1391.0,бРел
2610,14:38:39,13.91,0.0,9,12519.0,бРел
2611,14:38:42,13.9,-0.009999999999999787,1,1390.0,бТел
2612,14:38:48,13.91,0.009999999999999787,10,13910.0,бРел
2613,14:38:54,13.91,0.0,41,56992.0,бРел
2614,14:38:57,13.91,0.0,8,11128.0,бРел
2615,14:39:06,13.9,-0.009999999999999787,8,11120.0,бТел
2616,14:39:09,13.91,0.009999999999999787,6,8341.0,бРел
2617,14:39:15,13.9,-0.009999999999999787,30,41708.0,бТел
2618,14:39:18,13.9,0.0,9,12510.0,бРел
2619,14:39:21,13.9,0.0,3,4170.0,бРел
2620,14:39:24,13.9,0.0,8,11120.0,бРел
2621,14:39:27,13.9,0.0,18,25020.0,бРел
2622,14:39:36,13.91,0.009999999999999787,20,27820.0,бРел
2623,14:39:39,13.91,0.0,6,8346.0,бРел
2624,14:39:51,13.92,0.009999999999999787,11,15312.0,бРел
2625,14:39:54,13.91,-0.009999999999999787,5,6955.0,бТел
2626,14:39:57,13.91,0.0,10,13910.0,бТел
2627,14:40:00,13.91,0.0,40,55640.0,бРел
2628,14:40:03,13.91,0.0,18,25038.0,бРел
2629,14:40:06,13.92,0.009999999999999787,2,2783.0,бРел
2630,14:40:15,13.91,-0.009999999999999787,55,76505.0,бТел
2631,14:40:18,13.91,0.0,34,47294.0,бТел
2632,14:40:21,13.91,0.0,11,15301.0,бРел
2633,14:40:24,13.91,0.0,90,125128.0,бРел
2634,14:40:30,13.9,-0.009999999999999787,21,29197.0,бТел
2635,14:40:33,13.89,-0.009999999999999787,16,22224.0,бТел
2636,14:40:36,13.9,0.009999999999999787,5,6950.0,бРел
2637,14:40:39,13.9,0.0,2,2780.0,бРел
2638,14:40:45,13.9,0.0,2,2780.0,бРел
2639,14:40:48,13.89,-0.009999999999999787,26,36119.0,бТел
2640,14:40:51,13.9,0.009999999999999787,3,4170.0,бРел
2641,14:40:54,13.9,0.0,9,12502.0,бРел
2642,14:40:57,13.9,0.0,8,11119.0,бРел
2643,14:41:00,13.9,0.0,24,33360.0,бРел
2644,14:41:03,13.9,0.0,10,13900.0,бТел
2645,14:41:09,13.9,0.0,30,41700.0,бТел
2646,14:41:15,13.9,0.0,11,15290.0,бТел
2647,14:41:21,13.91,0.009999999999999787,4,5561.0,бРел
2648,14:41:24,13.91,0.0,15,20857.0,бРел
2649,14:41:27,13.9,-0.009999999999999787,1,1390.0,бТел
2650,14:41:33,13.91,0.009999999999999787,45,62595.0,бРел
2651,14:41:39,13.91,0.0,1,1391.0,бРел
2652,14:41:45,13.9,-0.009999999999999787,120,166800.0,бТел
2653,14:41:51,13.9,0.0,20,27801.0,бТел
2654,14:41:54,13.9,0.0,2,2780.0,бТел
2655,14:41:57,13.91,0.009999999999999787,22,30601.0,бРел
2656,14:42:09,13.91,0.0,47,65335.0,бРел
2657,14:42:21,13.9,-0.009999999999999787,21,29198.0,бТел
2658,14:42:24,13.91,0.009999999999999787,14,19474.0,бРел
2659,14:42:27,13.91,0.0,1,1391.0,бРел
2660,14:42:30,13.91,0.0,6,8346.0,бРел
2661,14:42:33,13.91,0.0,1,1391.0,бРел
2662,14:42:39,13.91,0.0,15,20854.0,бРел
2663,14:42:42,13.9,-0.009999999999999787,10,13900.0,бТел
2664,14:42:45,13.9,0.0,3,4170.0,бТел
2665,14:42:48,13.9,0.0,8,11120.0,бТел
2666,14:42:51,13.9,0.0,5,6950.0,бТел
2667,14:43:00,13.9,0.0,18,25028.0,бТел
2668,14:43:03,13.91,0.009999999999999787,3,4173.0,бРел
2669,14:43:06,13.91,0.0,16,22242.0,бРел
2670,14:43:09,13.91,0.0,27,37557.0,бРел
2671,14:43:12,13.91,0.0,11,15301.0,бРел
2672,14:43:21,13.91,0.0,7,9737.0,бРел
2673,14:43:27,13.9,-0.009999999999999787,50,69500.0,бТел
2674,14:43:30,13.91,0.009999999999999787,8,11128.0,бРел
2675,14:43:33,13.9,-0.009999999999999787,72,100082.0,бТел
2676,14:43:36,13.9,0.0,11,15290.0,бРел
2677,14:43:39,13.9,0.0,11,15290.0,бРел
2678,14:43:42,13.9,0.0,15,20850.0,бРел
2679,14:43:51,13.89,-0.009999999999999787,10,13890.0,бТел
2680,14:43:54,13.9,0.009999999999999787,106,147340.0,бРел
2681,14:44:03,13.9,0.0,1,1390.0,бРел
2682,14:44:12,13.89,-0.009999999999999787,30,41671.0,бТел
2683,14:44:15,13.9,0.009999999999999787,17,23624.0,бРел
2684,14:44:21,13.9,0.0,10,13891.0,бРел
2685,14:44:24,13.9,0.0,47,65330.0,бРел
2686,14:44:27,13.9,0.0,17,23630.0,бРел
2687,14:44:30,13.9,0.0,7,9730.0,бРел
2688,14:44:33,13.9,0.0,1,1390.0,бТел
2689,14:44:39,13.91,0.009999999999999787,6,8345.0,бРел
2690,14:44:48,13.91,0.0,1,1391.0,бРел
2691,14:44:54,13.91,0.0,1,1391.0,бРел
2692,14:45:00,13.91,0.0,8,11128.0,бРел
2693,14:45:06,13.91,0.0,1,1391.0,бРел
2694,14:45:12,13.9,-0.009999999999999787,7,9730.0,бТел
2695,14:45:15,13.91,0.009999999999999787,1,1391.0,бРел
2696,14:45:18,13.91,0.0,5,6952.0,бРел
2697,14:45:21,13.9,-0.009999999999999787,33,45870.0,бТел
2698,14:45:24,13.9,0.0,10,13900.0,бТел
2699,14:45:27,13.9,0.0,5,6950.0,бРел
2700,14:45:30,13.91,0.009999999999999787,13,18082.0,бРел
2701,14:45:48,13.91,0.0,15,20860.0,бРел
2702,14:45:51,13.9,-0.009999999999999787,23,31970.0,бТел
2703,14:46:06,13.89,-0.009999999999999787,4,5556.0,бТел
2704,14:46:09,13.89,0.0,20,27787.0,бТел
2705,14:46:15,13.9,0.009999999999999787,6,8340.0,бРел
2706,14:46:18,13.89,-0.009999999999999787,15,20835.0,бТел
2707,14:46:24,13.9,0.009999999999999787,18,25020.0,бРел
2708,14:46:27,13.89,-0.009999999999999787,106,147240.0,бТел
2709,14:46:30,13.9,0.009999999999999787,9,12510.0,бРел
2710,14:46:33,13.89,-0.009999999999999787,79,109731.0,бТел
2711,14:46:42,13.88,-0.009999999999999787,2,2777.0,бТел
2712,14:46:45,13.88,0.0,17,23603.0,бТел
2713,14:46:48,13.89,0.009999999999999787,14,19446.0,бРел
2714,14:46:51,13.86,-0.030000000000001137,226,313493.0,бТел
2715,14:47:00,13.86,0.0,24,33264.0,бРел
2716,14:47:06,13.85,-0.009999999999999787,64,88641.0,бТел
2717,14:47:09,13.86,0.009999999999999787,10,13851.0,бРел
2718,14:47:18,13.86,0.0,7,9700.0,бРел
2719,14:47:21,13.86,0.0,15,20790.0,бРел
2720,14:47:24,13.86,0.0,1,1386.0,бРел
2721,14:47:30,13.85,-0.009999999999999787,21,29086.0,бТел
2722,14:47:36,13.85,0.0,6,8315.0,бТел
2723,14:47:39,13.85,0.0,10,13850.0,бТел
2724,14:47:42,13.86,0.009999999999999787,101,139986.0,бРел
2725,14:47:45,13.86,0.0,20,27720.0,бТел
2726,14:47:51,13.86,0.0,20,27720.0,бТел
2727,14:47:57,13.89,0.030000000000001137,1,1389.0,бРел
2728,14:48:09,13.88,-0.009999999999999787,1,1388.0,бРел
2729,14:48:12,13.88,0.0,5,6940.0,бРел
2730,14:48:15,13.88,0.0,3,4164.0,бРел
2731,14:48:18,13.87,-0.010000000000001563,16,22192.0,бТел
2732,14:48:21,13.87,0.0,3,4161.0,бРел
2733,14:48:24,13.87,0.0,4,5548.0,бРел
2734,14:48:30,13.87,0.0,7,9709.0,бРел
2735,14:48:36,13.87,0.0,9,12483.0,бРел
2736,14:48:39,13.87,0.0,1,1387.0,бРел
2737,14:48:42,13.87,0.0,11,15257.0,бРел
2738,14:48:48,13.87,0.0,61,84603.0,бРел
2739,14:48:51,13.88,0.010000000000001563,4,5550.0,бРел
2740,14:48:57,13.88,0.0,72,99902.0,бРел
2741,14:49:00,13.86,-0.02000000000000135,69,95634.0,бТел
2742,14:49:03,13.87,0.009999999999999787,20,27739.0,бРел
2743,14:49:09,13.87,0.0,1,1387.0,бРел
2744,14:49:15,13.88,0.010000000000001563,10,13880.0,бРел
2745,14:49:27,13.87,-0.010000000000001563,44,61028.0,бТел
2746,14:49:30,13.88,0.010000000000001563,16,22208.0,бРел
2747,14:49:33,13.88,0.0,6,8328.0,бРел
2748,14:49:36,13.88,0.0,2,2776.0,бРел
2749,14:49:39,13.88,0.0,20,27760.0,бРел
2750,14:49:48,13.88,0.0,10,13880.0,бРел
2751,14:49:51,13.88,0.0,21,29128.0,бРел
2752,14:49:57,13.88,0.0,8,11104.0,бРел
2753,14:50:00,13.88,0.0,5,6940.0,бРел
2754,14:50:06,13.87,-0.010000000000001563,1,1387.0,бТел
2755,14:50:09,13.88,0.010000000000001563,4,5549.0,бРел
2756,14:50:12,13.88,0.0,26,36086.0,бРел
2757,14:50:15,13.88,0.0,2,2776.0,бРел
2758,14:50:27,13.89,0.009999999999999787,51,70821.0,бРел
2759,14:50:30,13.89,0.0,100,138892.0,бРел
2760,14:50:33,13.89,0.0,15,20835.0,бТел
2761,14:50:36,13.9,0.009999999999999787,110,152900.0,бРел
2762,14:50:42,13.91,0.009999999999999787,42,58382.0,бРел
2763,14:50:45,13.9,-0.009999999999999787,89,123712.0,бТел
2764,14:50:48,13.91,0.009999999999999787,27,37547.0,бРел
2765,14:50:51,13.91,0.0,25,34775.0,бРел
2766,14:50:57,13.91,0.0,7,9737.0,бРел
2767,14:51:00,13.9,-0.009999999999999787,17,23630.0,бТел
2768,14:51:06,13.91,0.009999999999999787,22,30602.0,бРел
2769,14:51:12,13.9,-0.009999999999999787,21,29190.0,бТел
2770,14:51:18,13.9,0.0,4,5560.0,бТел
2771,14:51:21,13.9,0.0,10,13900.0,бТел
2772,14:51:24,13.91,0.009999999999999787,8,11128.0,бРел
2773,14:51:30,13.9,-0.009999999999999787,72,100112.0,бТел
2774,14:51:33,13.91,0.009999999999999787,15,20865.0,бРел
2775,14:51:39,13.91,0.0,34,47294.0,бРел
2776,14:51:42,13.91,0.0,1,1391.0,бРел
2777,14:51:45,13.91,0.0,3,4173.0,бРел
2778,14:51:51,13.91,0.0,31,43121.0,бРел
2779,14:51:54,13.91,0.0,9,12519.0,бРел
2780,14:51:57,13.91,0.0,14,19474.0,бРел
2781,14:52:00,13.91,0.0,5,6955.0,бРел
2782,14:52:03,13.91,0.0,28,38948.0,бРел
2783,14:52:12,13.92,0.009999999999999787,2,2784.0,бРел
2784,14:52:18,13.92,0.0,3,4176.0,бРел
2785,14:52:21,13.92,0.0,36,50097.0,бРел
2786,14:52:24,13.92,0.0,3,4174.0,бРел
2787,14:52:27,13.91,-0.009999999999999787,16,22256.0,бТел
2788,14:52:30,13.91,0.0,1,1391.0,бРел
2789,14:52:33,13.91,0.0,77,107107.0,бРел
2790,14:52:36,13.91,0.0,8,11128.0,бРел
2791,14:52:45,13.92,0.009999999999999787,4,5565.0,бРел
2792,14:52:48,13.92,0.0,8,11130.0,бРел
2793,14:52:51,13.91,-0.009999999999999787,5,6956.0,жпптел
2794,14:52:54,13.91,0.0,8,11132.0,бТел
2795,14:52:57,13.92,0.009999999999999787,84,116837.0,бРел
2796,14:53:00,13.91,-0.009999999999999787,24,33374.0,бТел
2797,14:53:03,13.92,0.009999999999999787,156,217124.0,бРел
2798,14:53:09,13.92,0.0,34,47329.0,бТел
2799,14:53:12,13.91,-0.009999999999999787,59,82113.0,бТел
2800,14:53:15,13.92,0.009999999999999787,5,6956.0,бРел
2801,14:53:18,13.92,0.0,2,2784.0,бРел
2802,14:53:21,13.92,0.0,7,9744.0,бРел
2803,14:53:27,13.91,-0.009999999999999787,20,27820.0,бТел
2804,14:53:30,13.91,0.0,13,18083.0,бТел
2805,14:53:33,13.91,0.0,11,15301.0,бРел
2806,14:53:39,13.9,-0.009999999999999787,43,59782.0,бТел
2807,14:53:45,13.91,0.009999999999999787,13,18083.0,бТел
2808,14:53:48,13.91,0.0,6,8346.0,бТел
2809,14:53:51,13.92,0.009999999999999787,6,8349.0,бРел
2810,14:53:54,13.92,0.0,6,8352.0,бРел
2811,14:53:57,13.92,0.0,29,40357.0,бРел
2812,14:54:03,13.91,-0.009999999999999787,2,2782.0,бТел
2813,14:54:06,13.91,0.0,1,1391.0,бТел
2814,14:54:09,13.91,0.0,9,12526.0,бТел
2815,14:54:12,13.91,0.0,8,11135.0,бТел
2816,14:54:15,13.91,0.0,12,16692.0,бТел
2817,14:54:27,13.91,0.0,10,13910.0,бРел
2818,14:54:30,13.91,0.0,23,31991.0,бРел
2819,14:54:39,13.91,0.0,5,6955.0,бРел
2820,14:54:42,13.91,0.0,3,4173.0,бРел
2821,14:54:45,13.9,-0.009999999999999787,47,65367.0,бТел
2822,14:54:48,13.9,0.0,12,16691.0,бТел
2823,14:54:57,13.9,0.0,6,8340.0,бТел
2824,14:55:00,13.9,0.0,34,47267.0,бТел
2825,14:55:03,13.9,0.0,14,19460.0,бТел
2826,14:55:06,13.9,0.0,9,12510.0,бТел
2827,14:55:15,13.9,0.0,8,11120.0,бТел
2828,14:55:18,13.91,0.009999999999999787,79,109819.0,бРел
2829,14:55:21,13.91,0.0,136,189130.0,бРел
2830,14:55:27,13.9,-0.009999999999999787,138,191908.0,бТел
2831,14:55:30,13.89,-0.009999999999999787,73,101465.0,бТел
2832,14:55:33,13.9,0.009999999999999787,10,13900.0,бРел
2833,14:55:36,13.9,0.0,50,69450.0,бРел
2834,14:55:42,13.88,-0.019999999999999574,1,1388.0,бТел
2835,14:55:45,13.89,0.009999999999999787,41,56948.0,жпптел
2836,14:55:48,13.9,0.009999999999999787,57,79210.0,бРел
2837,14:55:54,13.9,0.0,2,2780.0,бРел
2838,14:56:06,13.88,-0.019999999999999574,112,155536.0,бТел
2839,14:56:09,13.88,0.0,9,12492.0,бРел
2840,14:56:12,13.88,0.0,78,108272.0,бТел
2841,14:56:21,13.88,0.0,105,145685.0,бРел
2842,14:56:24,13.88,0.0,38,52734.0,бТел
2843,14:56:27,13.88,0.0,33,45804.0,бРел
2844,14:56:30,13.88,0.0,3,4164.0,бТел
2845,14:56:33,13.88,0.0,15,20820.0,бТел
2846,14:56:36,13.88,0.0,116,161029.0,бТел
2847,14:56:39,13.89,0.009999999999999787,24,33335.0,бРел
2848,14:56:42,13.89,0.0,1,1389.0,бТел
2849,14:56:45,13.89,0.0,25,34725.0,бТел
2850,14:56:48,13.89,0.0,7,9723.0,бТел
2851,14:56:57,13.9,0.009999999999999787,208,289070.0,бРел
2852,15:00:06,13.9,0.0,945,1313550.0,бРел
