,Ёи╫╩й╠╪Д,Ёи╫╩╪ш,╪ш╦Я╠Д╤╞,Ёи╫╩а©ё╗йжё╘,Ёи╫╩╤Нё╗т╙ё╘,птжй
0,09:25:06,14.2,-0.07000000000000028,441,626220.0,бРел
1,09:30:09,14.16,-0.03999999999999915,520,737929.0,бТел
2,09:30:12,14.2,0.03999999999999915,72,102240.0,бРел
3,09:30:15,14.2,0.0,65,92152.0,бРел
4,09:30:18,14.18,-0.019999999999999574,1,1418.0,бРел
5,09:30:24,14.12,-0.0600000000000005,86,121490.0,бТел
6,09:30:30,14.16,0.040000000000000924,39,55216.0,бРел
7,09:30:33,14.18,0.019999999999999574,48,67922.0,бРел
8,09:30:36,14.14,-0.03999999999999915,62,87641.0,жпптел
9,09:30:39,14.14,0.0,1,1414.0,бТел
10,09:30:42,14.13,-0.009999999999999787,152,214894.0,бТел
11,09:30:45,14.13,0.0,34,48042.0,бРел
12,09:30:48,14.12,-0.010000000000001563,60,84776.0,бТел
13,09:30:54,14.12,0.0,239,337491.0,бТел
14,09:30:57,14.12,0.0,158,223146.0,бТел
15,09:31:00,14.12,0.0,18,25405.0,бРел
16,09:31:03,14.1,-0.019999999999999574,46,64879.0,бТел
17,09:31:06,14.12,0.019999999999999574,64,90368.0,бРел
18,09:31:09,14.11,-0.009999999999999787,33,46559.0,жпптел
19,09:31:12,14.1,-0.009999999999999787,63,88863.0,бТел
20,09:31:15,14.1,0.0,74,104354.0,бТел
21,09:31:21,14.1,0.0,75,105761.0,бТел
22,09:31:24,14.1,0.0,68,95877.0,бРел
23,09:31:27,14.09,-0.009999999999999787,13,18320.0,бТел
24,09:31:30,14.1,0.009999999999999787,90,126886.0,бРел
25,09:31:33,14.08,-0.019999999999999574,134,188835.0,бТел
26,09:31:36,14.1,0.019999999999999574,23,32416.0,бРел
27,09:31:39,14.09,-0.009999999999999787,293,412076.0,бТел
28,09:31:42,14.09,0.0,107,150839.0,бРел
29,09:31:45,14.1,0.009999999999999787,73,102916.0,бТел
30,09:31:48,14.1,0.0,23,32423.0,бРел
31,09:31:54,14.12,0.019999999999999574,15,21156.0,бРел
32,09:31:57,14.1,-0.019999999999999574,22,31048.0,жпптел
33,09:32:00,14.11,0.009999999999999787,100,140952.0,бТел
34,09:32:03,14.12,0.009999999999999787,37,52222.0,бРел
35,09:32:06,14.1,-0.019999999999999574,72,101592.0,бТел
36,09:32:09,14.12,0.019999999999999574,25,35296.0,бРел
37,09:32:12,14.12,0.0,106,149725.0,бРел
38,09:32:15,14.12,0.0,45,63563.0,бТел
39,09:32:18,14.12,0.0,58,81861.0,бТел
40,09:32:21,14.12,0.0,22,31074.0,бТел
41,09:32:27,14.13,0.010000000000001563,80,113100.0,бТел
42,09:32:33,14.15,0.019999999999999574,58,81961.0,бРел
43,09:32:36,14.15,0.0,5,7075.0,бРел
44,09:32:39,14.17,0.019999999999999574,5,7074.0,бРел
45,09:32:42,14.17,0.0,1,1417.0,бРел
46,09:32:48,14.15,-0.019999999999999574,1,1415.0,бРел
47,09:32:51,14.15,0.0,24,33954.0,бРел
48,09:32:57,14.13,-0.019999999999999574,75,106077.0,бТел
49,09:33:00,14.15,0.019999999999999574,18,25473.0,жпптел
50,09:33:03,14.15,0.0,67,94858.0,жпптел
51,09:33:09,14.13,-0.019999999999999574,9,12717.0,бТел
52,09:33:12,14.15,0.019999999999999574,5,7075.0,бРел
53,09:33:15,14.23,0.08000000000000007,594,842559.0,бРел
54,09:33:18,14.2,-0.030000000000001137,57,80940.0,бТел
55,09:33:21,14.23,0.030000000000001137,1,1423.0,бРел
56,09:33:24,14.23,0.0,39,55401.0,бРел
57,09:33:30,14.23,0.0,2,2846.0,бРел
58,09:33:36,14.21,-0.019999999999999574,27,38387.0,бТел
59,09:33:39,14.23,0.019999999999999574,223,317182.0,бРел
60,09:33:42,14.22,-0.009999999999999787,144,204910.0,жпптел
61,09:33:48,14.22,0.0,50,71059.0,бРел
62,09:33:51,14.23,0.009999999999999787,83,118054.0,жпптел
63,09:33:54,14.21,-0.019999999999999574,118,167760.0,жпптел
64,09:33:57,14.24,0.02999999999999936,3,4272.0,бРел
65,09:34:00,14.23,-0.009999999999999787,642,911776.0,жпптел
66,09:34:03,14.24,0.009999999999999787,12,17083.0,бРел
67,09:34:06,14.23,-0.009999999999999787,25,35575.0,бТел
68,09:34:09,14.21,-0.019999999999999574,178,253283.0,бТел
69,09:34:12,14.27,0.05999999999999872,150,213705.0,бРел
70,09:34:15,14.23,-0.03999999999999915,127,181141.0,бТел
71,09:34:18,14.25,0.019999999999999574,10,14245.0,бРел
72,09:34:24,14.29,0.03999999999999915,17,24260.0,бРел
73,09:34:27,14.28,-0.009999999999999787,72,102816.0,жпптел
74,09:34:30,14.31,0.030000000000001137,355,507532.0,бРел
75,09:34:33,14.31,0.0,22,31482.0,бТел
76,09:34:36,14.31,0.0,60,85900.0,бТел
77,09:34:42,14.34,0.02999999999999936,101,144768.0,бРел
78,09:34:45,14.35,0.009999999999999787,53,76024.0,бРел
79,09:34:51,14.35,0.0,57,81799.0,бТел
80,09:34:54,14.35,0.0,103,147970.0,бТел
81,09:34:57,14.36,0.009999999999999787,227,326314.0,жпптел
82,09:35:00,14.36,0.0,65,93469.0,бТел
83,09:35:03,14.4,0.040000000000000924,53,76164.0,бРел
84,09:35:06,14.42,0.019999999999999574,114,164162.0,бРел
85,09:35:09,14.4,-0.019999999999999574,26,37440.0,бТел
86,09:35:12,14.39,-0.009999999999999787,322,463404.0,жпптел
87,09:35:15,14.38,-0.009999999999999787,72,103541.0,жпптел
88,09:35:18,14.37,-0.010000000000001563,530,761231.0,бТел
89,09:35:21,14.37,0.0,121,173743.0,бРел
90,09:35:24,14.35,-0.019999999999999574,175,251264.0,жпптел
91,09:35:27,14.33,-0.019999999999999574,38,54462.0,бТел
92,09:35:30,14.33,0.0,101,144862.0,бТел
93,09:35:33,14.34,0.009999999999999787,259,370986.0,бРел
94,09:35:36,14.29,-0.05000000000000071,260,372367.0,бТел
95,09:35:39,14.29,0.0,28,40040.0,бТел
96,09:35:45,14.29,0.0,66,94415.0,бТел
97,09:35:48,14.32,0.030000000000001137,68,97314.0,бРел
98,09:35:51,14.33,0.009999999999999787,161,230613.0,бРел
99,09:35:54,14.32,-0.009999999999999787,167,239177.0,бТел
100,09:35:57,14.32,0.0,157,224831.0,бТел
101,09:36:00,14.33,0.009999999999999787,142,203395.0,бРел
102,09:36:03,14.32,-0.009999999999999787,55,78781.0,бРел
103,09:36:06,14.33,0.009999999999999787,204,292235.0,бРел
104,09:36:09,14.31,-0.019999999999999574,147,210435.0,бТел
105,09:36:12,14.3,-0.009999999999999787,143,204591.0,бТел
106,09:36:15,14.31,0.009999999999999787,66,94440.0,жпптел
107,09:36:18,14.32,0.009999999999999787,16,22907.0,бРел
108,09:36:21,14.3,-0.019999999999999574,66,94411.0,бТел
109,09:36:24,14.32,0.019999999999999574,187,267682.0,бРел
110,09:36:27,14.33,0.009999999999999787,231,330921.0,бРел
111,09:36:30,14.31,-0.019999999999999574,55,78723.0,бТел
112,09:36:33,14.33,0.019999999999999574,64,91631.0,бРел
113,09:36:39,14.33,0.0,36,51586.0,бРел
114,09:36:42,14.32,-0.009999999999999787,104,149012.0,бТел
115,09:36:45,14.32,0.0,24,34363.0,бРел
116,09:36:48,14.32,0.0,8,11456.0,бРел
117,09:36:51,14.32,0.0,47,67304.0,бРел
118,09:36:54,14.32,0.0,6,8589.0,бРел
119,09:36:57,14.31,-0.009999999999999787,54,77289.0,бТел
120,09:37:00,14.35,0.03999999999999915,356,510213.0,бРел
121,09:37:03,14.35,0.0,15,21522.0,бРел
122,09:37:06,14.34,-0.009999999999999787,80,114842.0,бТел
123,09:37:09,14.37,0.02999999999999936,10,14370.0,бРел
124,09:37:15,14.38,0.010000000000001563,380,546130.0,бРел
125,09:37:18,14.37,-0.010000000000001563,131,188325.0,бТел
126,09:37:21,14.38,0.010000000000001563,101,145187.0,бРел
127,09:37:24,14.38,0.0,13,18700.0,бТел
128,09:37:30,14.4,0.019999999999999574,587,844667.0,бРел
129,09:37:36,14.39,-0.009999999999999787,118,169701.0,бТел
130,09:37:39,14.37,-0.02000000000000135,291,418493.0,бТел
131,09:37:42,14.4,0.030000000000001137,295,424421.0,бРел
132,09:37:45,14.35,-0.05000000000000071,398,572272.0,бТел
133,09:37:48,14.39,0.040000000000000924,112,161089.0,бРел
134,09:37:51,14.39,0.0,48,69093.0,бТел
135,09:37:54,14.38,-0.009999999999999787,52,74868.0,бТел
136,09:37:57,14.38,0.0,111,159770.0,бТел
137,09:38:00,14.38,0.0,58,83445.0,бРел
138,09:38:03,14.4,0.019999999999999574,193,277892.0,бРел
139,09:38:06,14.38,-0.019999999999999574,125,179842.0,бТел
140,09:38:09,14.39,0.009999999999999787,163,234557.0,бРел
141,09:38:15,14.38,-0.009999999999999787,112,161136.0,бТел
142,09:38:18,14.39,0.009999999999999787,323,464601.0,бРел
143,09:38:21,14.39,0.0,198,284825.0,бТел
144,09:38:24,14.39,0.0,124,178471.0,бТел
145,09:38:27,14.39,0.0,111,159686.0,бТел
146,09:38:33,14.38,-0.009999999999999787,37,53238.0,бТел
147,09:38:36,14.37,-0.010000000000001563,126,181195.0,бТел
148,09:38:39,14.38,0.010000000000001563,35,50284.0,бРел
149,09:38:42,14.38,0.0,114,163894.0,бТел
150,09:38:45,14.37,-0.010000000000001563,49,70450.0,жпптел
151,09:38:48,14.38,0.010000000000001563,90,129420.0,бРел
152,09:38:51,14.38,0.0,177,254433.0,бРел
153,09:38:54,14.38,0.0,5,7188.0,бРел
154,09:38:57,14.37,-0.010000000000001563,104,149482.0,бТел
155,09:39:00,14.37,0.0,119,170963.0,бТел
156,09:39:03,14.36,-0.009999999999999787,79,113521.0,бТел
157,09:39:06,14.36,0.0,39,56009.0,бТел
158,09:39:09,14.36,0.0,35,50260.0,бТел
159,09:39:12,14.36,0.0,27,38777.0,бТел
160,09:39:15,14.36,0.0,31,44533.0,бТел
161,09:39:18,14.36,0.0,163,234238.0,бТел
162,09:39:21,14.36,0.0,68,97663.0,бТел
163,09:39:24,14.36,0.0,33,47388.0,бРел
164,09:39:30,14.36,0.0,33,47382.0,бРел
165,09:39:33,14.36,0.0,29,41644.0,бРел
166,09:39:36,14.36,0.0,73,104853.0,бРел
167,09:39:39,14.36,0.0,55,79007.0,бТел
168,09:39:42,14.37,0.009999999999999787,32,45982.0,бРел
169,09:39:45,14.37,0.0,21,30162.0,бРел
170,09:39:48,14.38,0.010000000000001563,53,76165.0,бРел
171,09:39:51,14.38,0.0,168,241584.0,бРел
172,09:39:54,14.38,0.0,9,12942.0,бТел
173,09:39:57,14.4,0.019999999999999574,78,112262.0,бРел
174,09:40:03,14.4,0.0,149,214554.0,бРел
175,09:40:06,14.39,-0.009999999999999787,39,56149.0,бТел
176,09:40:09,14.41,0.019999999999999574,95,136871.0,бРел
177,09:40:12,14.4,-0.009999999999999787,77,110890.0,бТел
178,09:40:15,14.4,0.0,96,138255.0,бТел
179,09:40:18,14.41,0.009999999999999787,54,77799.0,бРел
180,09:40:21,14.4,-0.009999999999999787,56,80659.0,бТел
181,09:40:24,14.41,0.009999999999999787,66,95071.0,бРел
182,09:40:30,14.41,0.0,119,171436.0,бРел
183,09:40:33,14.4,-0.009999999999999787,12,17280.0,жпптел
184,09:40:36,14.41,0.009999999999999787,27,38889.0,бРел
185,09:40:39,14.41,0.0,126,181554.0,бРел
186,09:40:42,14.41,0.0,107,154148.0,бРел
187,09:40:45,14.4,-0.009999999999999787,174,250581.0,бТел
188,09:40:48,14.42,0.019999999999999574,42,60509.0,бРел
189,09:40:51,14.41,-0.009999999999999787,224,322742.0,бТел
190,09:40:54,14.41,0.0,401,577445.0,бРел
191,09:40:57,14.4,-0.009999999999999787,156,224632.0,бРел
192,09:41:00,14.39,-0.009999999999999787,162,233159.0,бТел
193,09:41:03,14.39,0.0,14,20146.0,бРел
194,09:41:06,14.39,0.0,48,69057.0,бРел
195,09:41:09,14.4,0.009999999999999787,101,145320.0,бРел
196,09:41:12,14.39,-0.009999999999999787,95,136695.0,бТел
197,09:41:15,14.38,-0.009999999999999787,88,126561.0,бТел
198,09:41:18,14.38,0.0,85,122230.0,бРел
199,09:41:21,14.38,0.0,88,126480.0,бРел
200,09:41:27,14.41,0.02999999999999936,877,1262498.0,бРел
201,09:41:30,14.41,0.0,76,109516.0,бТел
202,09:41:33,14.42,0.009999999999999787,53,76406.0,бРел
203,09:41:36,14.41,-0.009999999999999787,11,15851.0,бТел
204,09:41:39,14.42,0.009999999999999787,21,30278.0,бРел
205,09:41:42,14.42,0.0,46,66330.0,бРел
206,09:41:45,14.42,0.0,85,122507.0,жпптел
207,09:41:48,14.44,0.019999999999999574,117,168921.0,бРел
208,09:41:51,14.43,-0.009999999999999787,39,56288.0,бТел
209,09:41:54,14.44,0.009999999999999787,37,53424.0,бРел
210,09:41:57,14.44,0.0,56,80864.0,бТел
211,09:42:00,14.47,0.030000000000001137,105,151802.0,бРел
212,09:42:03,14.45,-0.02000000000000135,93,134406.0,бТел
213,09:42:06,14.44,-0.009999999999999787,192,277462.0,бТел
214,09:42:09,14.5,0.0600000000000005,530,767793.0,бРел
215,09:42:12,14.5,0.0,162,234900.0,бТел
216,09:42:15,14.47,-0.02999999999999936,60,86891.0,бТел
217,09:42:18,14.48,0.009999999999999787,73,105688.0,бРел
218,09:42:24,14.5,0.019999999999999574,245,355210.0,бРел
219,09:42:27,14.48,-0.019999999999999574,21,30417.0,бТел
220,09:42:30,14.47,-0.009999999999999787,101,146198.0,бТел
221,09:42:33,14.48,0.009999999999999787,82,118736.0,бРел
222,09:42:36,14.51,0.02999999999999936,424,614760.0,бРел
223,09:42:39,14.49,-0.019999999999999574,187,271278.0,бТел
224,09:42:45,14.5,0.009999999999999787,155,224645.0,жпптел
225,09:42:48,14.51,0.009999999999999787,92,133479.0,бРел
226,09:42:51,14.5,-0.009999999999999787,181,262465.0,бТел
227,09:42:57,14.48,-0.019999999999999574,505,731478.0,бТел
228,09:43:00,14.47,-0.009999999999999787,172,249247.0,бТел
229,09:43:03,14.49,0.019999999999999574,163,236023.0,бРел
230,09:43:06,14.5,0.009999999999999787,102,147800.0,бРел
231,09:43:09,14.48,-0.019999999999999574,88,127428.0,бТел
232,09:43:12,14.48,0.0,133,192494.0,бРел
233,09:43:15,14.48,0.0,272,393856.0,бРел
234,09:43:21,14.48,0.0,439,635634.0,бРел
235,09:43:24,14.47,-0.009999999999999787,299,432707.0,бТел
236,09:43:27,14.47,0.0,307,443749.0,бРел
237,09:43:30,14.47,0.0,69,99833.0,бРел
238,09:43:33,14.45,-0.02000000000000135,27,39017.0,жпптел
239,09:43:36,14.44,-0.009999999999999787,8,11555.0,бТел
240,09:43:39,14.44,0.0,67,96746.0,бРел
241,09:43:45,14.43,-0.009999999999999787,116,167448.0,бТел
242,09:43:48,14.44,0.009999999999999787,31,44753.0,бРел
243,09:43:51,14.44,0.0,146,210818.0,бРел
244,09:43:57,14.43,-0.009999999999999787,111,160072.0,жпптел
245,09:44:00,14.43,0.0,25,36071.0,бРел
246,09:44:03,14.42,-0.009999999999999787,10,14420.0,бТел
247,09:44:06,14.43,0.009999999999999787,123,177434.0,бРел
248,09:44:09,14.43,0.0,30,43237.0,бРел
249,09:44:12,14.42,-0.009999999999999787,90,129770.0,бРел
250,09:44:18,14.42,0.0,50,72143.0,бТел
251,09:44:21,14.42,0.0,69,99508.0,бТел
252,09:44:24,14.4,-0.019999999999999574,52,74950.0,бТел
253,09:44:30,14.4,0.0,27,38928.0,бТел
254,09:44:33,14.4,0.0,40,57600.0,бТел
255,09:44:36,14.4,0.0,30,43200.0,бТел
256,09:44:39,14.4,0.0,58,83516.0,бТел
257,09:44:42,14.4,0.0,54,77744.0,бРел
258,09:44:45,14.39,-0.009999999999999787,155,223373.0,бТел
259,09:44:48,14.4,0.009999999999999787,25,35981.0,жпптел
260,09:44:51,14.4,0.0,2,2880.0,бТел
261,09:44:54,14.4,0.0,76,109440.0,бТел
262,09:44:57,14.4,0.0,115,165788.0,бТел
263,09:45:00,14.4,0.0,11,15841.0,бТел
264,09:45:03,14.41,0.009999999999999787,28,40340.0,бРел
265,09:45:06,14.42,0.009999999999999787,70,100852.0,бРел
266,09:45:12,14.41,-0.009999999999999787,42,60509.0,бТел
267,09:45:15,14.41,0.0,16,23063.0,бТел
268,09:45:18,14.41,0.0,19,27379.0,бТел
269,09:45:21,14.42,0.009999999999999787,54,77827.0,бРел
270,09:45:24,14.42,0.0,44,63448.0,бТел
271,09:45:27,14.42,0.0,58,83631.0,бРел
272,09:45:30,14.42,0.0,73,105272.0,бТел
273,09:45:33,14.42,0.0,39,56238.0,бТел
274,09:45:39,14.41,-0.009999999999999787,164,236380.0,бТел
275,09:45:45,14.43,0.019999999999999574,109,157183.0,бРел
276,09:45:48,14.42,-0.009999999999999787,89,128278.0,бТел
277,09:45:51,14.41,-0.009999999999999787,138,198957.0,бТел
278,09:45:54,14.41,0.0,41,59081.0,бРел
279,09:45:57,14.42,0.009999999999999787,49,70583.0,бРел
280,09:46:00,14.4,-0.019999999999999574,136,195841.0,бТел
281,09:46:03,14.43,0.02999999999999936,140,201889.0,бРел
282,09:46:06,14.41,-0.019999999999999574,28,40348.0,бТел
283,09:46:12,14.42,0.009999999999999787,18,25969.0,бТел
284,09:46:15,14.44,0.019999999999999574,748,1080060.0,бРел
285,09:46:18,14.44,0.0,90,129960.0,бТел
286,09:46:21,14.44,0.0,69,99654.0,бТел
287,09:46:24,14.44,0.0,39,56336.0,бТел
288,09:46:27,14.45,0.009999999999999787,50,72247.0,бРел
289,09:46:30,14.46,0.010000000000001563,85,122878.0,бРел
290,09:46:33,14.46,0.0,13,18798.0,бТел
291,09:46:36,14.47,0.009999999999999787,18,26045.0,бРел
292,09:46:39,14.48,0.009999999999999787,73,105635.0,бРел
293,09:46:42,14.48,0.0,54,78106.0,бРел
294,09:46:45,14.49,0.009999999999999787,257,371822.0,бРел
295,09:46:48,14.46,-0.02999999999999936,67,96924.0,бТел
296,09:46:51,14.48,0.019999999999999574,105,151944.0,бРел
297,09:46:54,14.48,0.0,139,201272.0,бРел
298,09:46:57,14.46,-0.019999999999999574,208,301099.0,бТел
299,09:47:00,14.45,-0.010000000000001563,17,24579.0,бТел
300,09:47:03,14.47,0.02000000000000135,71,102692.0,бРел
301,09:47:09,14.46,-0.009999999999999787,48,69415.0,бРел
302,09:47:12,14.46,0.0,112,161925.0,бТел
303,09:47:15,14.46,0.0,135,195288.0,бТел
304,09:47:18,14.46,0.0,133,192385.0,бТел
305,09:47:21,14.45,-0.010000000000001563,75,108416.0,бТел
306,09:47:24,14.46,0.010000000000001563,7,10116.0,бРел
307,09:47:27,14.45,-0.010000000000001563,178,257257.0,бТел
308,09:47:30,14.45,0.0,36,52020.0,бТел
309,09:47:33,14.45,0.0,226,326411.0,бРел
310,09:47:36,14.44,-0.009999999999999787,49,70755.0,бТел
311,09:47:39,14.44,0.0,6,8664.0,бРел
312,09:47:45,14.44,0.0,178,256549.0,бРел
313,09:47:48,14.4,-0.03999999999999915,48,69224.0,бТел
314,09:47:51,14.4,0.0,70,100822.0,бТел
315,09:47:54,14.4,0.0,56,80662.0,бТел
316,09:47:57,14.39,-0.009999999999999787,69,99474.0,бТел
317,09:48:00,14.39,0.0,16,23028.0,бТел
318,09:48:06,14.4,0.009999999999999787,29,41760.0,бРел
319,09:48:09,14.41,0.009999999999999787,71,102243.0,бРел
320,09:48:12,14.4,-0.009999999999999787,62,89288.0,бТел
321,09:48:15,14.4,0.0,54,77754.0,бРел
322,09:48:18,14.43,0.02999999999999936,352,507703.0,бРел
323,09:48:21,14.41,-0.019999999999999574,42,60516.0,жпптел
324,09:48:24,14.4,-0.009999999999999787,93,134040.0,бТел
325,09:48:30,14.41,0.009999999999999787,58,83705.0,бТел
326,09:48:33,14.45,0.03999999999999915,212,306114.0,бРел
327,09:48:36,14.44,-0.009999999999999787,176,254112.0,жпптел
328,09:48:39,14.44,0.0,8,11547.0,жпптел
329,09:48:42,14.44,0.0,3,4332.0,бРел
330,09:48:45,14.44,0.0,7,10108.0,бРел
331,09:48:48,14.44,0.0,31,44764.0,бРел
332,09:48:51,14.43,-0.009999999999999787,85,122690.0,бТел
333,09:48:54,14.44,0.009999999999999787,69,99633.0,бРел
334,09:49:00,14.45,0.009999999999999787,114,164676.0,бРел
335,09:49:03,14.45,0.0,16,23082.0,бРел
336,09:49:06,14.44,-0.009999999999999787,32,46208.0,жпптел
337,09:49:12,14.44,0.0,4,5776.0,бРел
338,09:49:15,14.43,-0.009999999999999787,140,202138.0,бТел
339,09:49:21,14.43,0.0,211,304747.0,бТел
340,09:49:24,14.44,0.009999999999999787,226,326196.0,бТел
341,09:49:27,14.44,0.0,32,46208.0,бТел
342,09:49:30,14.44,0.0,15,21660.0,бТел
343,09:49:33,14.43,-0.009999999999999787,9,12987.0,бТел
344,09:49:36,14.44,0.009999999999999787,6,8664.0,бРел
345,09:49:39,14.43,-0.009999999999999787,20,28870.0,бТел
346,09:49:42,14.43,0.0,15,21645.0,бТел
347,09:49:45,14.44,0.009999999999999787,15,21660.0,бРел
348,09:49:48,14.43,-0.009999999999999787,145,209206.0,бТел
349,09:49:54,14.43,0.0,39,56297.0,бТел
350,09:49:57,14.44,0.009999999999999787,167,241148.0,бРел
351,09:50:00,14.44,0.0,20,29789.719999998808,бТел
352,09:50:03,14.44,0.0,13,18772.0,бТел
353,09:50:06,14.44,0.0,30,43330.0,бТел
354,09:50:09,14.45,0.009999999999999787,46,66431.0,бРел
355,09:50:12,14.44,-0.009999999999999787,45,64997.0,бТел
356,09:50:18,14.45,0.009999999999999787,46,66457.0,бРел
357,09:50:21,14.44,-0.009999999999999787,42,60648.0,бТел
358,09:50:24,14.44,0.0,102,147335.0,бТел
359,09:50:30,14.44,0.0,221,319229.0,бТел
360,09:50:33,14.45,0.009999999999999787,175,252734.0,бРел
361,09:50:36,14.44,-0.009999999999999787,47,67868.0,бТел
362,09:50:39,14.44,0.0,24,34656.0,бТел
363,09:50:42,14.45,0.009999999999999787,62,89572.0,бРел
364,09:50:45,14.44,-0.009999999999999787,159,229677.0,бТел
365,09:50:51,14.44,0.0,105,151620.0,бТел
366,09:50:54,14.45,0.009999999999999787,157,226779.0,бРел
367,09:50:57,14.45,0.0,3,4335.0,бТел
368,09:51:00,14.45,0.0,24,34680.0,бТел
369,09:51:03,14.45,0.0,81,117045.0,бТел
370,09:51:06,14.45,0.0,72,104065.0,бТел
371,09:51:09,14.44,-0.009999999999999787,62,89596.0,бТел
372,09:51:12,14.46,0.02000000000000135,130,187866.0,бРел
373,09:51:15,14.45,-0.010000000000001563,19,27455.0,бРел
374,09:51:18,14.44,-0.009999999999999787,109,157342.37000000477,бТел
375,09:51:24,14.44,0.0,35,50567.0,бТел
376,09:51:27,14.44,0.0,12,17328.0,бРел
377,09:51:30,14.44,0.0,15,21660.0,бРел
378,09:51:33,14.43,-0.009999999999999787,94,135817.0,бТел
379,09:51:36,14.44,0.009999999999999787,8,11551.0,бРел
380,09:51:39,14.43,-0.009999999999999787,15,21645.0,бТел
381,09:51:42,14.43,0.0,98,141439.0,бТел
382,09:51:45,14.44,0.009999999999999787,41,59184.0,бРел
383,09:51:48,14.43,-0.009999999999999787,14,20208.0,бТел
384,09:51:54,14.43,0.0,58,83699.0,бТел
385,09:51:57,14.44,0.009999999999999787,32,46200.0,бРел
386,09:52:00,14.43,-0.009999999999999787,195,281385.0,бТел
387,09:52:03,14.44,0.009999999999999787,4,5774.0,бРел
388,09:52:06,14.43,-0.009999999999999787,178,256962.0,бТел
389,09:52:09,14.43,0.0,93,134737.90999999642,бТел
390,09:52:12,14.43,0.0,9,12987.0,бРел
391,09:52:15,14.43,0.0,25,36075.0,бРел
392,09:52:18,14.43,0.0,3,4329.0,бРел
393,09:52:24,14.42,-0.009999999999999787,22,31735.0,бТел
394,09:52:27,14.43,0.009999999999999787,58,84603.09000000358,бРел
395,09:52:30,14.43,0.0,8,11544.0,бТел
396,09:52:33,14.43,0.0,46,66378.0,бТел
397,09:52:36,14.42,-0.009999999999999787,14,20734.909999996424,бТел
398,09:52:39,14.41,-0.009999999999999787,118,170115.0,бТел
399,09:52:48,14.4,-0.009999999999999787,46,66258.0,бТел
400,09:52:51,14.4,0.0,10,14415.0,бТел
401,09:52:54,14.41,0.009999999999999787,32,46094.0,бТел
402,09:52:57,14.4,-0.009999999999999787,7,10084.0,бТел
403,09:53:00,14.41,0.009999999999999787,32,46110.0,жпптел
404,09:53:06,14.4,-0.009999999999999787,47,67702.0,бТел
405,09:53:09,14.43,0.02999999999999936,28,40366.0,бРел
406,09:53:18,14.41,-0.019999999999999574,107,154131.0,бТел
407,09:53:21,14.41,0.0,4,5763.0,бРел
408,09:53:27,14.41,0.0,65,93665.0,бРел
409,09:53:33,14.41,0.0,38,54759.0,бТел
410,09:53:36,14.41,0.0,1,1441.0,бТел
411,09:53:39,14.41,0.0,13,18733.0,бТел
412,09:53:45,14.42,0.009999999999999787,16,23069.0,бРел
413,09:53:48,14.41,-0.009999999999999787,100,144090.0,бТел
414,09:53:51,14.41,0.0,5,7205.0,бРел
415,09:53:54,14.42,0.009999999999999787,6,8647.0,бРел
416,09:54:03,14.42,0.0,40,57670.0,бРел
417,09:54:06,14.42,0.0,24,34608.0,бРел
418,09:54:09,14.42,0.0,12,17308.0,бТел
419,09:54:12,14.42,0.0,27,38934.0,бТел
420,09:54:15,14.42,0.0,31,44726.0,бТел
421,09:54:21,14.43,0.009999999999999787,13,18758.0,бРел
422,09:54:24,14.42,-0.009999999999999787,106,152858.0,бТел
423,09:54:27,14.43,0.009999999999999787,105,151495.0,бРел
424,09:54:30,14.42,-0.009999999999999787,20,28840.0,жпптел
425,09:54:36,14.41,-0.009999999999999787,6,8646.0,бТел
426,09:54:42,14.42,0.009999999999999787,68,98056.0,бРел
427,09:54:45,14.42,0.0,23,34084.460000000894,бТел
428,09:54:48,14.43,0.009999999999999787,9,12987.0,жпптел
429,09:54:54,14.43,0.0,15,21633.0,бРел
430,09:54:57,14.42,-0.009999999999999787,21,30299.0,бТел
431,09:55:00,14.42,0.0,123,177416.0,бТел
432,09:55:03,14.43,0.009999999999999787,16,23088.0,жпптел
433,09:55:09,14.43,0.0,31,44706.0,бРел
434,09:55:15,14.43,0.0,119,171696.0,бРел
435,09:55:18,14.43,0.0,28,40413.0,бТел
436,09:55:21,14.43,0.0,147,212124.0,бТел
437,09:55:24,14.43,0.0,19,27400.0,бРел
438,09:55:30,14.44,0.009999999999999787,87,125551.0,бРел
439,09:55:33,14.42,-0.019999999999999574,46,66865.5399999991,бТел
440,09:55:36,14.42,0.0,20,29752.460000000894,бРел
441,09:55:42,14.44,0.019999999999999574,13,18771.0,бРел
442,09:55:48,14.43,-0.009999999999999787,3,4329.0,бТел
443,09:55:51,14.44,0.009999999999999787,118,170288.0,бРел
444,09:55:54,14.43,-0.009999999999999787,15,21651.0,бРел
445,09:55:57,14.43,0.0,1,1443.0,бТел
446,09:56:00,14.44,0.009999999999999787,40,57730.0,бРел
447,09:56:03,14.43,-0.009999999999999787,189,272857.0,бТел
448,09:56:06,14.43,0.0,55,79400.0,бТел
449,09:56:12,14.45,0.019999999999999574,100,144401.0,бРел
450,09:56:15,14.43,-0.019999999999999574,93,134330.0,бТел
451,09:56:18,14.44,0.009999999999999787,1,1444.0,бРел
452,09:56:21,14.44,0.0,29,41876.0,бТел
453,09:56:24,14.45,0.009999999999999787,169,244040.0,бРел
454,09:56:27,14.45,0.0,10,14449.0,бРел
455,09:56:33,14.45,0.0,124,179074.0,бРел
456,09:56:36,14.45,0.0,15,21675.0,бТел
457,09:56:39,14.45,0.0,19,27455.0,бТел
458,09:56:42,14.45,0.0,42,60721.0,бТел
459,09:56:45,14.45,0.0,6,8672.0,бТел
460,09:56:51,14.46,0.010000000000001563,119,172009.0,бРел
461,09:56:54,14.46,0.0,19,27461.0,бРел
462,09:56:57,14.46,0.0,53,76638.0,бТел
463,09:57:03,14.46,0.0,87,125751.0,бРел
464,09:57:06,14.45,-0.010000000000001563,21,30346.0,бТел
465,09:57:09,14.45,0.0,169,244266.0,бТел
466,09:57:12,14.46,0.010000000000001563,63,91072.0,бРел
467,09:57:15,14.46,0.0,10,14452.0,бРел
468,09:57:18,14.46,0.0,49,70842.0,бРел
469,09:57:21,14.44,-0.02000000000000135,12,17328.0,бТел
470,09:57:24,14.44,0.0,2,2888.0,бТел
471,09:57:27,14.44,0.0,77,111218.0,бТел
472,09:57:33,14.44,0.0,30,43320.0,бТел
473,09:57:36,14.44,0.0,4,5776.0,бРел
474,09:57:39,14.44,0.0,9,12995.0,бРел
475,09:57:42,14.43,-0.009999999999999787,50,72160.0,бТел
476,09:57:45,14.43,0.0,25,36077.0,бТел
477,09:57:48,14.42,-0.009999999999999787,11,15862.0,бТел
478,09:57:51,14.43,0.009999999999999787,84,121189.0,бРел
479,09:57:54,14.41,-0.019999999999999574,83,119666.0,бТел
480,09:57:57,14.42,0.009999999999999787,15,21630.0,бРел
481,09:58:00,14.42,0.0,168,242256.0,бРел
482,09:58:03,14.42,0.0,53,76426.0,бТел
483,09:58:06,14.41,-0.009999999999999787,7,10093.0,бТел
484,09:58:09,14.41,0.0,114,164364.0,бТел
485,09:58:12,14.42,0.009999999999999787,32,46114.0,бРел
486,09:58:15,14.41,-0.009999999999999787,79,113839.0,бТел
487,09:58:18,14.41,0.0,27,38907.0,бРел
488,09:58:21,14.4,-0.009999999999999787,52,74886.0,бТел
489,09:58:24,14.41,0.009999999999999787,7,10084.0,бРел
490,09:58:30,14.41,0.0,10,14410.0,бРел
491,09:58:33,14.41,0.0,176,253482.0,бРел
492,09:58:36,14.41,0.0,46,66241.0,бРел
493,09:58:39,14.42,0.009999999999999787,401,578009.0,бРел
494,09:58:42,14.42,0.0,42,60564.0,бТел
495,09:58:45,14.42,0.0,12,17304.0,бТел
496,09:58:48,14.42,0.0,34,49028.0,бТел
497,09:58:51,14.4,-0.019999999999999574,86,123973.0,бТел
498,09:58:57,14.42,0.019999999999999574,63,90846.0,бРел
499,09:59:00,14.41,-0.009999999999999787,31,44671.0,бТел
500,09:59:03,14.42,0.009999999999999787,19,27398.0,бРел
501,09:59:06,14.42,0.0,1,1442.0,бТел
502,09:59:09,14.42,0.0,3,4326.0,бТел
503,09:59:15,14.42,0.0,21,30282.0,бРел
504,09:59:18,14.42,0.0,2,2884.0,бТел
505,09:59:24,14.4,-0.019999999999999574,251,361771.0,бТел
506,09:59:30,14.41,0.009999999999999787,57,82137.0,бРел
507,09:59:36,14.41,0.0,39,56165.0,бРел
508,09:59:42,14.41,0.0,644,929243.8999999985,бРел
509,09:59:45,14.41,0.0,5,7205.0,бТел
510,09:59:48,14.41,0.0,30,43230.0,бТел
511,09:59:51,14.42,0.009999999999999787,108,155690.0,бРел
512,09:59:54,14.42,0.0,36,51917.0,бТел
513,09:59:57,14.42,0.0,82,118244.0,бТел
514,10:00:00,14.42,0.0,53,76426.0,бТел
515,10:00:03,14.43,0.009999999999999787,96,138525.0,бРел
516,10:00:06,14.41,-0.019999999999999574,134,193270.0,бТел
517,10:00:09,14.42,0.009999999999999787,9,12974.0,бРел
518,10:00:12,14.43,0.009999999999999787,69,99521.0,бРел
519,10:00:15,14.42,-0.009999999999999787,36,51907.0,жпптел
520,10:00:24,14.43,0.009999999999999787,11,15873.0,бРел
521,10:00:27,14.41,-0.019999999999999574,69,99478.0,бТел
522,10:00:36,14.43,0.019999999999999574,41,59163.0,бРел
523,10:00:39,14.42,-0.009999999999999787,1,1442.0,бТел
524,10:00:42,14.42,0.0,17,24514.0,бТел
525,10:00:45,14.42,0.0,3,4326.0,бРел
526,10:00:51,14.41,-0.009999999999999787,67,96692.09999999404,бТел
527,10:00:54,14.42,0.009999999999999787,7,11386.90000000596,бРел
528,10:01:00,14.41,-0.009999999999999787,63,90957.09999999404,бТел
529,10:01:03,14.41,0.0,2,2882.0,бРел
530,10:01:06,14.4,-0.009999999999999787,6,8644.0,бТел
531,10:01:09,14.41,0.009999999999999787,6,8646.0,бРел
532,10:01:12,14.41,0.0,23,33143.10000000894,бРел
533,10:01:15,14.4,-0.009999999999999787,14,20172.0,бТел
534,10:01:21,14.41,0.009999999999999787,23,33143.0,бТел
535,10:01:24,14.42,0.009999999999999787,25,36030.0,бРел
536,10:01:27,14.42,0.0,14,20176.0,бРел
537,10:01:33,14.4,-0.019999999999999574,233,335588.0,бТел
538,10:01:36,14.4,0.0,22,31685.0,бТел
539,10:01:39,14.41,0.009999999999999787,2,2881.0,бРел
540,10:01:42,14.4,-0.009999999999999787,5,7200.0,бТел
541,10:01:48,14.4,0.0,88,126720.0,бТел
542,10:01:51,14.4,0.0,11,15840.0,бРел
543,10:01:54,14.4,0.0,2,2880.0,бРел
544,10:01:57,14.39,-0.009999999999999787,68,97852.0,бТел
545,10:02:00,14.39,0.0,23,33097.0,бТел
546,10:02:03,14.39,0.0,197,283520.0,бТел
547,10:02:06,14.38,-0.009999999999999787,68,97836.0,бТел
548,10:02:09,14.39,0.009999999999999787,207,297653.0,бРел
549,10:02:12,14.39,0.0,47,67591.0,бРел
550,10:02:21,14.37,-0.02000000000000135,14,20118.0,бТел
551,10:02:24,14.38,0.010000000000001563,50,71899.0,бРел
552,10:02:27,14.37,-0.010000000000001563,39,56043.0,бТел
553,10:02:30,14.37,0.0,16,22995.0,бТел
554,10:02:33,14.37,0.0,57,81909.0,бТел
555,10:02:39,14.36,-0.009999999999999787,2,2872.0,бТел
556,10:02:42,14.36,0.0,202,290021.0,бТел
557,10:02:45,14.35,-0.009999999999999787,67,96141.0,бТел
558,10:02:51,14.34,-0.009999999999999787,115,164866.0,бТел
559,10:02:54,14.34,0.0,5,7170.0,бРел
560,10:02:57,14.32,-0.019999999999999574,8,11461.0,бТел
561,10:03:00,14.31,-0.009999999999999787,39,55848.0,бТел
562,10:03:03,14.32,0.009999999999999787,13,18613.0,бРел
563,10:03:06,14.32,0.0,96,137436.0,бРел
564,10:03:09,14.3,-0.019999999999999574,427,611294.0,бТел
565,10:03:12,14.31,0.009999999999999787,98,140185.0,жпптел
566,10:03:21,14.3,-0.009999999999999787,93,133016.0,бТел
567,10:03:24,14.32,0.019999999999999574,69,98663.0,бРел
568,10:03:27,14.3,-0.019999999999999574,79,112974.0,бТел
569,10:03:30,14.32,0.019999999999999574,15,21470.0,бРел
570,10:03:36,14.32,0.0,34,48685.0,бРел
571,10:03:39,14.32,0.0,53,75887.0,бРел
572,10:03:45,14.31,-0.009999999999999787,47,67281.0,бТел
573,10:03:48,14.31,0.0,281,402331.0,бТел
574,10:03:51,14.31,0.0,48,68687.0,бРел
575,10:03:54,14.3,-0.009999999999999787,89,127352.0,бТел
576,10:03:57,14.3,0.0,85,121554.0,бТел
577,10:04:00,14.31,0.009999999999999787,20,28620.0,бРел
578,10:04:03,14.3,-0.009999999999999787,37,52911.0,бТел
579,10:04:06,14.3,0.0,78,111566.0,бТел
580,10:04:09,14.31,0.009999999999999787,27,38637.0,бРел
581,10:04:15,14.3,-0.009999999999999787,123,176012.0,бТел
582,10:04:18,14.32,0.019999999999999574,13,18614.0,бРел
583,10:04:21,14.33,0.009999999999999787,1,1433.0,бРел
584,10:04:24,14.32,-0.009999999999999787,28,40098.0,бТел
585,10:04:27,14.31,-0.009999999999999787,10,14311.0,бТел
586,10:04:30,14.33,0.019999999999999574,10,14330.0,бРел
587,10:04:33,14.33,0.0,4,5732.0,бРел
588,10:04:36,14.33,0.0,23,32959.0,бТел
589,10:04:39,14.33,0.0,22,31546.0,бТел
590,10:04:42,14.34,0.009999999999999787,15,21510.0,бРел
591,10:04:45,14.34,0.0,11,15768.0,бРел
592,10:04:48,14.33,-0.009999999999999787,70,100300.0,бТел
593,10:04:51,14.34,0.009999999999999787,7,10038.0,бРел
594,10:04:54,14.34,0.0,19,27246.0,бРел
595,10:04:57,14.34,0.0,12,17206.0,бРел
596,10:05:00,14.33,-0.009999999999999787,9,12897.0,бТел
597,10:05:03,14.33,0.0,40,57320.0,бТел
598,10:05:06,14.34,0.009999999999999787,8,11467.0,бРел
599,10:05:12,14.34,0.0,110,157665.0,бРел
600,10:05:15,14.33,-0.009999999999999787,17,24361.0,бТел
601,10:05:21,14.33,0.0,6,8598.0,бРел
602,10:05:24,14.32,-0.009999999999999787,7,10024.0,бТел
603,10:05:30,14.32,0.0,56,80209.0,бТел
604,10:05:33,14.32,0.0,51,73032.0,бТел
605,10:05:36,14.32,0.0,98,140365.0,бТел
606,10:05:39,14.33,0.009999999999999787,38,54430.0,бРел
607,10:05:45,14.32,-0.009999999999999787,44,63010.0,жпптел
608,10:05:48,14.31,-0.009999999999999787,108,154583.0,бТел
609,10:05:51,14.31,0.0,3,4294.0,бТел
610,10:05:54,14.31,0.0,35,50095.0,бТел
611,10:05:57,14.3,-0.009999999999999787,106,151580.0,бТел
612,10:06:00,14.31,0.009999999999999787,40,57203.0,бРел
613,10:06:03,14.31,0.0,13,18587.0,бРел
614,10:06:09,14.3,-0.009999999999999787,19,27169.0,жпптел
615,10:06:12,14.3,0.0,11,15730.0,бРел
616,10:06:15,14.29,-0.010000000000001563,38,54302.0,бТел
617,10:06:18,14.29,0.0,57,81473.0,бТел
618,10:06:21,14.28,-0.009999999999999787,110,157146.0,бТел
619,10:06:24,14.29,0.009999999999999787,191,273039.0,бРел
620,10:06:30,14.28,-0.009999999999999787,127,181366.0,бТел
621,10:06:33,14.28,0.0,84,119952.0,бРел
622,10:06:36,14.28,0.0,22,31415.0,бРел
623,10:06:39,14.29,0.009999999999999787,126,179984.0,бРел
624,10:06:42,14.29,0.0,19,27151.0,бТел
625,10:06:48,14.29,0.0,5,7145.0,бТел
626,10:06:51,14.29,0.0,1,1429.0,бТел
627,10:06:54,14.29,0.0,10,14295.0,бТел
628,10:07:00,14.29,0.0,33,47157.0,бТел
629,10:07:06,14.29,0.0,52,74328.0,бТел
630,10:07:09,14.29,0.0,28,40015.0,бТел
631,10:07:12,14.29,0.0,16,22869.0,бТел
632,10:07:15,14.29,0.0,34,48593.0,бРел
633,10:07:18,14.3,0.010000000000001563,42,60058.0,бРел
634,10:07:21,14.29,-0.010000000000001563,5,7145.0,бТел
635,10:07:24,14.3,0.010000000000001563,37,52892.0,бРел
636,10:07:27,14.3,0.0,20,28600.0,бРел
637,10:07:30,14.29,-0.010000000000001563,60,85777.0,бТел
638,10:07:33,14.3,0.010000000000001563,21,30030.0,бРел
639,10:07:36,14.3,0.0,11,15730.0,бТел
640,10:07:42,14.3,0.0,116,166005.0,бТел
641,10:07:45,14.3,0.0,1,1430.0,бТел
642,10:07:48,14.32,0.019999999999999574,190,271830.0,бРел
643,10:07:51,14.31,-0.009999999999999787,41,58720.0,жпптел
644,10:08:06,14.32,0.009999999999999787,10,14320.0,бТел
645,10:08:09,14.32,0.0,1,1432.0,бТел
646,10:08:12,14.33,0.009999999999999787,24,34373.0,бРел
647,10:08:15,14.33,0.0,2,2866.0,бРел
648,10:08:18,14.33,0.0,33,47289.0,бРел
649,10:08:21,14.33,0.0,5,7165.0,бРел
650,10:08:24,14.33,0.0,58,83113.0,бРел
651,10:08:30,14.34,0.009999999999999787,50,71657.0,бРел
652,10:08:33,14.33,-0.009999999999999787,15,21495.0,бТел
653,10:08:36,14.33,0.0,10,14330.0,бТел
654,10:08:39,14.33,0.0,1,1433.0,бТел
655,10:08:42,14.31,-0.019999999999999574,100,143227.0,бТел
656,10:08:45,14.33,0.019999999999999574,55,78854.0,бТел
657,10:08:48,14.33,0.0,3,4299.0,бРел
658,10:08:51,14.32,-0.009999999999999787,3,4298.0,бТел
659,10:08:54,14.33,0.009999999999999787,47,67351.0,бРел
660,10:08:57,14.33,0.0,50,71610.0,бРел
661,10:09:03,14.34,0.009999999999999787,70,100337.0,бРел
662,10:09:06,14.34,0.0,8,11472.0,бРел
663,10:09:09,14.33,-0.009999999999999787,1,1433.0,жпптел
664,10:09:12,14.33,0.0,1,1433.0,бТел
665,10:09:18,14.34,0.009999999999999787,1,1434.0,бРел
666,10:09:21,14.34,0.0,13,18630.0,бРел
667,10:09:24,14.33,-0.009999999999999787,68,97435.0,бТел
668,10:09:30,14.34,0.009999999999999787,50,71661.0,бРел
669,10:09:33,14.33,-0.009999999999999787,28,40100.0,бРел
670,10:09:36,14.32,-0.009999999999999787,34,48721.0,бТел
671,10:09:42,14.33,0.009999999999999787,15,21487.0,бРел
672,10:09:45,14.33,0.0,5,7165.0,бРел
673,10:09:48,14.32,-0.009999999999999787,20,28640.0,бТел
674,10:09:51,14.32,0.0,14,20045.0,бТел
675,10:09:54,14.32,0.0,18,25776.0,бРел
676,10:09:57,14.31,-0.009999999999999787,85,121635.0,бТел
677,10:10:03,14.3,-0.009999999999999787,369,527722.0,бТел
678,10:10:06,14.3,0.0,6,8580.0,бТел
679,10:10:09,14.29,-0.010000000000001563,33,47189.0,бТел
680,10:10:12,14.29,0.0,8,11432.0,бТел
681,10:10:15,14.29,0.0,14,20006.0,бТел
682,10:10:18,14.29,0.0,34,48586.0,бТел
683,10:10:21,14.28,-0.009999999999999787,63,89971.0,бТел
684,10:10:24,14.28,0.0,1,1428.0,бТел
685,10:10:27,14.29,0.009999999999999787,11,15718.0,бРел
686,10:10:30,14.28,-0.009999999999999787,294,419913.0,бТел
687,10:10:36,14.28,0.0,75,107100.0,бТел
688,10:10:39,14.28,0.0,5,7140.0,бТел
689,10:10:42,14.28,0.0,95,135660.0,бРел
690,10:10:45,14.27,-0.009999999999999787,46,65644.0,бТел
691,10:10:48,14.26,-0.009999999999999787,166,236825.0,бТел
692,10:10:51,14.28,0.019999999999999574,40,57118.0,бРел
693,10:11:00,14.26,-0.019999999999999574,5,7130.0,бТел
694,10:11:06,14.27,0.009999999999999787,35,49915.0,бРел
695,10:11:09,14.26,-0.009999999999999787,36,51406.0,бТел
696,10:11:12,14.27,0.009999999999999787,7,9989.0,жпптел
697,10:11:15,14.25,-0.019999999999999574,214,305089.0,бТел
698,10:11:21,14.27,0.019999999999999574,98,139843.0,жпптел
699,10:11:24,14.25,-0.019999999999999574,53,75546.0,бТел
700,10:11:30,14.25,0.0,49,69825.0,бРел
701,10:11:33,14.25,0.0,1,1425.0,бТел
702,10:11:36,14.25,0.0,6,8549.0,бРел
703,10:11:39,14.25,0.0,13,18525.0,бРел
704,10:11:42,14.24,-0.009999999999999787,39,55549.0,бТел
705,10:11:45,14.25,0.009999999999999787,15,21375.0,бРел
706,10:11:48,14.24,-0.009999999999999787,1,1424.0,бТел
707,10:11:51,14.24,0.0,23,32752.0,бТел
708,10:11:54,14.24,0.0,52,74060.0,бТел
709,10:12:00,14.24,0.0,33,46992.0,бТел
710,10:12:03,14.24,0.0,20,28488.0,бТел
711,10:12:06,14.25,0.009999999999999787,33,47008.0,бРел
712,10:12:15,14.25,0.0,16,22800.0,бРел
713,10:12:21,14.25,0.0,5,7125.0,бРел
714,10:12:24,14.25,0.0,153,217959.0,бРел
715,10:12:27,14.25,0.0,5,7125.0,бРел
716,10:12:30,14.26,0.009999999999999787,173,246535.0,бРел
717,10:12:33,14.24,-0.019999999999999574,49,69782.0,бТел
718,10:12:36,14.24,0.0,11,15664.0,бТел
719,10:12:42,14.26,0.019999999999999574,11,15686.0,бРел
720,10:12:54,14.25,-0.009999999999999787,2,2850.0,бТел
721,10:12:57,14.26,0.009999999999999787,60,85560.0,бРел
722,10:13:00,14.26,0.0,89,126846.0,бРел
723,10:13:03,14.25,-0.009999999999999787,29,41349.0,бТел
724,10:13:06,14.26,0.009999999999999787,49,69874.0,бРел
725,10:13:09,14.25,-0.009999999999999787,14,19950.0,бТел
726,10:13:12,14.26,0.009999999999999787,15,21390.0,бРел
727,10:13:15,14.26,0.0,4,5703.0,бРел
728,10:13:18,14.25,-0.009999999999999787,107,152495.0,бТел
729,10:13:24,14.25,0.0,1,1425.0,бРел
730,10:13:27,14.25,0.0,32,45588.0,бРел
731,10:13:36,14.25,0.0,12,17097.0,бРел
732,10:13:39,14.25,0.0,10,14248.0,бРел
733,10:13:45,14.25,0.0,61,86895.0,бРел
734,10:13:51,14.24,-0.009999999999999787,4,5696.0,бТел
735,10:13:54,14.24,0.0,35,49840.0,бТел
736,10:13:57,14.25,0.009999999999999787,67,95475.0,бРел
737,10:14:00,14.25,0.0,1,1425.0,бТел
738,10:14:03,14.26,0.009999999999999787,30,42770.0,бРел
739,10:14:06,14.25,-0.009999999999999787,27,38475.0,бТел
740,10:14:09,14.25,0.0,12,17100.0,бТел
741,10:14:12,14.25,0.0,1,1425.0,бРел
742,10:14:15,14.25,0.0,6,8550.0,бРел
743,10:14:21,14.24,-0.009999999999999787,83,118335.0,бТел
744,10:14:27,14.25,0.009999999999999787,10,14250.0,бРел
745,10:14:30,14.24,-0.009999999999999787,26,37047.0,бТел
746,10:14:33,14.26,0.019999999999999574,89,126764.0,жпптел
747,10:14:36,14.27,0.009999999999999787,11,15696.0,бРел
748,10:14:39,14.26,-0.009999999999999787,2,2852.0,бТел
749,10:14:48,14.26,0.0,2,2852.0,бРел
750,10:14:51,14.26,0.0,21,29945.0,бРел
751,10:14:54,14.25,-0.009999999999999787,21,29930.0,бТел
752,10:14:57,14.25,0.0,15,21375.0,бТел
753,10:15:00,14.26,0.009999999999999787,9,12834.0,бРел
754,10:15:03,14.26,0.0,9,12834.0,бРел
755,10:15:09,14.26,0.0,1,1426.0,бТел
756,10:15:12,14.27,0.009999999999999787,5,7135.0,бРел
757,10:15:15,14.26,-0.009999999999999787,64,91272.0,бТел
758,10:15:18,14.26,0.0,88,125535.0,бТел
759,10:15:21,14.27,0.009999999999999787,21,29949.0,бРел
760,10:15:24,14.27,0.0,14,19965.0,бРел
761,10:15:27,14.26,-0.009999999999999787,1,1426.0,бТел
762,10:15:30,14.26,0.0,52,74189.0,бТел
763,10:15:33,14.27,0.009999999999999787,1,1427.0,бРел
764,10:15:36,14.26,-0.009999999999999787,2,2852.0,бТел
765,10:15:45,14.27,0.009999999999999787,11,15696.0,бРел
766,10:15:48,14.26,-0.009999999999999787,17,24256.0,бТел
767,10:15:51,14.27,0.009999999999999787,10,14270.0,бРел
768,10:15:54,14.27,0.0,13,18550.0,бРел
769,10:16:06,14.27,0.0,9,12843.0,бТел
770,10:16:09,14.28,0.009999999999999787,29,41388.0,бРел
771,10:16:18,14.27,-0.009999999999999787,39,55663.0,бТел
772,10:16:21,14.28,0.009999999999999787,39,55684.0,бРел
773,10:16:24,14.27,-0.009999999999999787,37,52799.0,бТел
774,10:16:27,14.28,0.009999999999999787,21,29973.0,бРел
775,10:16:30,14.27,-0.009999999999999787,7,9992.0,бТел
776,10:16:33,14.28,0.009999999999999787,14,19980.0,бРел
777,10:16:36,14.27,-0.009999999999999787,236,336650.0,бТел
778,10:16:42,14.27,0.0,138,197035.0,бТел
779,10:16:45,14.27,0.0,47,67039.0,бРел
780,10:16:48,14.26,-0.009999999999999787,132,188284.0,бТел
781,10:16:51,14.28,0.019999999999999574,68,96992.0,бРел
782,10:16:54,14.26,-0.019999999999999574,30,42779.0,бТел
783,10:16:57,14.26,0.0,8,11408.0,бРел
784,10:17:00,14.26,0.0,117,166750.0,бРел
785,10:17:03,14.26,0.0,97,138233.0,бРел
786,10:17:06,14.25,-0.009999999999999787,12,17102.0,жпптел
787,10:17:09,14.24,-0.009999999999999787,112,159488.0,бТел
788,10:17:12,14.23,-0.009999999999999787,131,186424.0,бТел
789,10:17:15,14.21,-0.019999999999999574,198,281457.0,бТел
790,10:17:21,14.21,0.0,15,21315.0,бТел
791,10:17:24,14.21,0.0,41,58263.0,бТел
792,10:17:27,14.2,-0.010000000000001563,35,49732.0,бТел
793,10:17:30,14.2,0.0,43,61060.0,бТел
794,10:17:36,14.2,0.0,59,83828.0,бТел
795,10:17:39,14.2,0.0,15,21300.0,бТел
796,10:17:42,14.2,0.0,85,120700.0,бТел
797,10:17:45,14.2,0.0,266,377753.0,бТел
798,10:17:48,14.2,0.0,59,83797.0,бТел
799,10:17:51,14.2,0.0,104,147680.0,бТел
800,10:17:54,14.2,0.0,399,566573.0,бТел
801,10:18:00,14.2,0.0,14,19880.0,бРел
802,10:18:03,14.2,0.0,29,41177.0,бРел
803,10:18:06,14.18,-0.019999999999999574,6,8513.0,бТел
804,10:18:15,14.19,0.009999999999999787,50,70932.0,бРел
805,10:18:18,14.18,-0.009999999999999787,113,160234.0,бТел
806,10:18:24,14.18,0.0,258,365836.0,бРел
807,10:18:27,14.18,0.0,33,46794.0,бТел
808,10:18:33,14.18,0.0,73,103514.0,бТел
809,10:18:36,14.18,0.0,51,72318.0,бРел
810,10:18:39,14.18,0.0,429,609030.0,бРел
811,10:18:42,14.18,0.0,17,24111.0,бТел
812,10:18:48,14.18,0.0,44,62420.0,бТел
813,10:18:51,14.2,0.019999999999999574,21,29820.0,бРел
814,10:18:54,14.2,0.0,3,4260.0,бРел
815,10:18:57,14.2,0.0,218,309560.0,бРел
816,10:19:00,14.22,0.02000000000000135,23,32705.0,бРел
817,10:19:03,14.22,0.0,281,399084.0,бРел
818,10:19:06,14.22,0.0,9,12798.0,бРел
819,10:19:12,14.22,0.0,1,1422.0,бТел
820,10:19:21,14.26,0.03999999999999915,43,61275.0,бРел
821,10:19:24,14.26,0.0,22,31372.0,бРел
822,10:19:30,14.27,0.009999999999999787,61,86988.0,бРел
823,10:19:33,14.26,-0.009999999999999787,9,12834.0,бТел
824,10:19:36,14.26,0.0,25,35650.0,бТел
825,10:19:39,14.26,0.0,16,22815.0,бРел
826,10:19:42,14.27,0.009999999999999787,20,28522.0,бРел
827,10:19:45,14.26,-0.009999999999999787,23,32792.0,жпптел
828,10:19:48,14.26,0.0,12,17112.0,бРел
829,10:19:54,14.25,-0.009999999999999787,4,5701.0,бТел
830,10:19:57,14.25,0.0,17,24225.0,бТел
831,10:20:03,14.24,-0.009999999999999787,7,10060.439999997616,бТел
832,10:20:09,14.24,0.0,69,99601.56000000238,бТел
833,10:20:12,14.24,0.0,5,7120.0,бРел
834,10:20:15,14.24,0.0,10,14240.0,бРел
835,10:20:18,14.24,0.0,3,4272.0,бРел
836,10:20:21,14.23,-0.009999999999999787,1,1423.0,бТел
837,10:20:30,14.24,0.009999999999999787,12,17088.0,бРел
838,10:20:33,14.24,0.0,5,7120.0,бРел
839,10:20:36,14.24,0.0,5,7120.0,бТел
840,10:20:39,14.23,-0.009999999999999787,1,1423.0,бТел
841,10:20:42,14.24,0.009999999999999787,103,146672.0,бРел
842,10:20:45,14.24,0.0,4,5696.0,бТел
843,10:20:48,14.24,0.0,4,5696.0,бТел
844,10:20:51,14.24,0.0,17,24206.0,жпптел
845,10:20:54,14.24,0.0,133,189391.0,бРел
846,10:20:57,14.24,0.0,4,5696.0,бРел
847,10:21:03,14.23,-0.009999999999999787,10,14230.0,бТел
848,10:21:06,14.24,0.009999999999999787,3,4272.0,бРел
849,10:21:09,14.24,0.0,125,178055.0,бРел
850,10:21:18,14.24,0.0,12,17081.0,бРел
851,10:21:24,14.23,-0.009999999999999787,3,4269.0,бТел
852,10:21:27,14.25,0.019999999999999574,22,31348.0,бРел
853,10:21:39,14.23,-0.019999999999999574,24,34173.0,бТел
854,10:21:45,14.25,0.019999999999999574,7,9975.0,бРел
855,10:21:51,14.25,0.0,11,15675.0,бРел
856,10:21:54,14.25,0.0,43,61234.0,бРел
857,10:21:57,14.24,-0.009999999999999787,3,4272.0,бРел
858,10:22:03,14.25,0.009999999999999787,11,15674.0,бРел
859,10:22:06,14.24,-0.009999999999999787,1,1424.0,жпптел
860,10:22:09,14.25,0.009999999999999787,45,64125.0,бРел
861,10:22:12,14.25,0.0,21,29911.0,бТел
862,10:22:24,14.25,0.0,9,12825.0,бТел
863,10:22:27,14.25,0.0,1,1425.0,бТел
864,10:22:30,14.26,0.009999999999999787,51,72725.0,бРел
865,10:22:39,14.26,0.0,1,1426.0,бТел
866,10:22:42,14.27,0.009999999999999787,18,25670.0,бРел
867,10:22:45,14.27,0.0,4,5708.0,бРел
868,10:22:48,14.26,-0.009999999999999787,14,19964.0,бТел
869,10:22:51,14.27,0.009999999999999787,30,42785.0,бРел
870,10:22:54,14.25,-0.019999999999999574,51,72723.0,бТел
871,10:22:57,14.25,0.0,2,2850.0,бРел
872,10:23:03,14.26,0.009999999999999787,2,2852.0,бТел
873,10:23:06,14.26,0.0,2,2853.0,бТел
874,10:23:09,14.26,0.0,11,15686.0,бТел
875,10:23:12,14.26,0.0,6,8556.0,бТел
876,10:23:15,14.27,0.009999999999999787,20,28540.0,бРел
877,10:23:21,14.26,-0.009999999999999787,22,31372.0,бТел
878,10:23:24,14.26,0.0,1,1426.0,бТел
879,10:23:27,14.24,-0.019999999999999574,139,198127.0,бТел
880,10:23:30,14.26,0.019999999999999574,27,38519.0,бРел
881,10:23:39,14.27,0.009999999999999787,45,64214.0,бРел
882,10:23:45,14.26,-0.009999999999999787,11,15692.0,бТел
883,10:23:51,14.27,0.009999999999999787,4,5704.0,бРел
884,10:23:54,14.26,-0.009999999999999787,1,1426.0,бТел
885,10:24:00,14.25,-0.009999999999999787,21,29925.0,бТел
886,10:24:03,14.26,0.009999999999999787,16,22813.0,бРел
887,10:24:06,14.26,0.0,4,5704.0,бТел
888,10:24:09,14.26,0.0,6,8556.0,бТел
889,10:24:12,14.26,0.0,6,8556.0,бТел
890,10:24:18,14.27,0.009999999999999787,4,5705.0,бРел
891,10:24:21,14.26,-0.009999999999999787,58,82764.0,бТел
892,10:24:24,14.25,-0.009999999999999787,12,17111.0,бТел
893,10:24:30,14.26,0.009999999999999787,9,12834.0,бРел
894,10:24:33,14.26,0.0,28,39924.0,бРел
895,10:24:39,14.26,0.0,34,48483.0,бРел
896,10:24:42,14.27,0.009999999999999787,46,65566.0,бРел
897,10:24:51,14.26,-0.009999999999999787,7,9982.0,бТел
898,10:24:54,14.25,-0.009999999999999787,20,28502.0,бТел
899,10:24:57,14.27,0.019999999999999574,16,22832.0,бРел
900,10:25:00,14.27,0.0,1,1427.0,бТел
901,10:25:03,14.26,-0.009999999999999787,15,21403.0,бТел
902,10:25:06,14.25,-0.009999999999999787,31,44180.0,бТел
903,10:25:09,14.27,0.019999999999999574,6,8562.0,бРел
904,10:25:15,14.27,0.0,3,4281.0,бРел
905,10:25:24,14.26,-0.009999999999999787,11,15685.0,бТел
906,10:25:30,14.26,0.0,75,106950.0,бРел
907,10:25:33,14.25,-0.009999999999999787,8,11400.0,бТел
908,10:25:36,14.26,0.009999999999999787,5,7130.0,бРел
909,10:25:39,14.25,-0.009999999999999787,34,48451.0,бТел
910,10:25:42,14.25,0.0,12,17100.0,бТел
911,10:25:45,14.25,0.0,2,2850.0,бТел
912,10:25:48,14.25,0.0,5,7125.0,бТел
913,10:25:54,14.24,-0.009999999999999787,1,1424.0,бТел
914,10:25:57,14.25,0.009999999999999787,7,9975.0,бРел
915,10:26:00,14.25,0.0,2,2850.0,бТел
916,10:26:03,14.25,0.0,30,42750.0,бТел
917,10:26:06,14.25,0.0,32,45600.0,бТел
918,10:26:09,14.26,0.009999999999999787,1,1426.0,бРел
919,10:26:15,14.25,-0.009999999999999787,7,9975.0,бТел
920,10:26:21,14.26,0.009999999999999787,19,27089.0,бРел
921,10:26:24,14.26,0.0,29,41328.0,бРел
922,10:26:27,14.25,-0.009999999999999787,11,15676.0,бТел
923,10:26:30,14.25,0.0,10,14250.0,бТел
924,10:26:33,14.23,-0.019999999999999574,455,647600.0,бТел
925,10:26:36,14.24,0.009999999999999787,1,1424.0,бТел
926,10:26:42,14.25,0.009999999999999787,19,27075.0,бРел
927,10:26:45,14.25,0.0,75,106875.0,бРел
928,10:26:48,14.25,0.0,8,11400.0,бРел
929,10:26:51,14.23,-0.019999999999999574,7,9962.0,бТел
930,10:26:54,14.24,0.009999999999999787,4,5696.0,бРел
931,10:26:57,14.22,-0.019999999999999574,267,379782.0,бТел
932,10:27:03,14.22,0.0,17,24174.0,бРел
933,10:27:06,14.22,0.0,41,58302.0,бРел
934,10:27:12,14.21,-0.009999999999999787,5,7105.0,бТел
935,10:27:18,14.21,0.0,28,39808.0,бТел
936,10:27:21,14.21,0.0,16,22736.0,бТел
937,10:27:24,14.21,0.0,2,2842.0,бТел
938,10:27:27,14.22,0.009999999999999787,25,35540.0,бРел
939,10:27:30,14.21,-0.009999999999999787,29,41237.0,бТел
940,10:27:33,14.22,0.009999999999999787,18,25596.0,бРел
941,10:27:36,14.22,0.0,4,5688.0,бТел
942,10:27:42,14.22,0.0,6,8535.0,бТел
943,10:27:45,14.23,0.009999999999999787,2,2846.0,бРел
944,10:27:51,14.23,0.0,3,4267.0,жпптел
945,10:27:54,14.23,0.0,21,29883.0,бТел
946,10:27:57,14.24,0.009999999999999787,11,15664.0,бРел
947,10:28:00,14.23,-0.009999999999999787,107,152594.0,бТел
948,10:28:09,14.25,0.019999999999999574,1,1425.0,бТел
949,10:28:12,14.25,0.0,1,1425.0,бТел
950,10:28:21,14.26,0.009999999999999787,5,7130.0,бТел
951,10:28:24,14.26,0.0,33,47089.0,бТел
952,10:28:27,14.26,0.0,8,11408.0,жпптел
953,10:28:30,14.26,0.0,15,21383.0,бРел
954,10:28:33,14.26,0.0,15,21376.0,бРел
955,10:28:39,14.25,-0.009999999999999787,3,4275.0,бТел
956,10:28:42,14.26,0.009999999999999787,4,5704.0,бРел
957,10:28:48,14.27,0.009999999999999787,17,24244.0,бРел
958,10:28:54,14.26,-0.009999999999999787,1,1426.0,бТел
959,10:28:57,14.26,0.0,25,35660.0,бТел
960,10:29:03,14.27,0.009999999999999787,7,9989.0,бРел
961,10:29:09,14.26,-0.009999999999999787,44,62787.0,бТел
962,10:29:18,14.27,0.009999999999999787,24,34228.0,бРел
963,10:29:24,14.26,-0.009999999999999787,8,11408.0,бТел
964,10:29:27,14.27,0.009999999999999787,64,91284.0,бРел
965,10:29:33,14.27,0.0,12,17124.0,бРел
966,10:29:36,14.27,0.0,1,1427.0,бТел
967,10:29:39,14.27,0.0,42,59944.0,бТел
968,10:29:45,14.28,0.009999999999999787,1,1428.0,бРел
969,10:29:48,14.28,0.0,5,7140.0,бРел
970,10:29:51,14.27,-0.009999999999999787,8,11423.0,бТел
971,10:30:00,14.28,0.009999999999999787,29,41412.0,бРел
972,10:30:06,14.28,0.0,52,74256.0,бРел
973,10:30:09,14.3,0.02000000000000135,16,22878.0,бРел
974,10:30:12,14.28,-0.02000000000000135,2,2856.0,бТел
975,10:30:18,14.28,0.0,58,82882.0,бТел
976,10:30:24,14.28,0.0,21,29988.0,бТел
977,10:30:27,14.28,0.0,158,225694.0,бТел
978,10:30:30,14.28,0.0,27,38556.0,бРел
979,10:30:33,14.28,0.0,42,59980.0,бРел
980,10:30:36,14.28,0.0,18,25697.0,бРел
981,10:30:39,14.28,0.0,167,238568.0,бРел
982,10:30:42,14.28,0.0,18,25704.0,бРел
983,10:30:48,14.28,0.0,67,95623.0,бРел
984,10:30:54,14.27,-0.009999999999999787,11,15697.0,бРел
985,10:31:03,14.27,0.0,31,44212.0,бРел
986,10:31:06,14.27,0.0,70,99850.0,бРел
987,10:31:09,14.27,0.0,23,32818.0,бРел
988,10:31:21,14.27,0.0,45,64215.0,бРел
989,10:31:24,14.27,0.0,2,2854.0,бТел
990,10:31:27,14.27,0.0,29,41383.0,бТел
991,10:31:36,14.26,-0.009999999999999787,5,7133.0,бТел
992,10:31:39,14.27,0.009999999999999787,4,5708.0,бРел
993,10:31:45,14.26,-0.009999999999999787,30,42780.0,бТел
994,10:31:48,14.27,0.009999999999999787,24,34248.0,бРел
995,10:31:54,14.26,-0.009999999999999787,14,19964.0,бТел
996,10:32:06,14.25,-0.009999999999999787,10,14250.0,бТел
997,10:32:09,14.25,0.0,28,39900.0,бТел
998,10:32:12,14.25,0.0,29,41325.0,бТел
999,10:32:15,14.25,0.0,4,5700.0,бРел
1000,10:32:18,14.24,-0.009999999999999787,5,7120.0,бТел
1001,10:32:24,14.24,0.0,16,22799.0,бТел
1002,10:32:27,14.24,0.0,2,2848.0,бТел
1003,10:32:30,14.25,0.009999999999999787,22,31350.0,бРел
1004,10:32:33,14.24,-0.009999999999999787,35,49873.0,бТел
1005,10:32:39,14.25,0.009999999999999787,21,29925.0,жпптел
1006,10:32:42,14.26,0.009999999999999787,38,54165.0,бРел
1007,10:32:51,14.25,-0.009999999999999787,2,2851.0,бТел
1008,10:32:54,14.25,0.0,5,7127.0,бТел
1009,10:32:57,14.26,0.009999999999999787,24,34224.0,бРел
1010,10:33:09,14.26,0.0,1,1426.0,бТел
1011,10:33:12,14.27,0.009999999999999787,32,45634.0,бРел
1012,10:33:18,14.27,0.0,50,71350.0,бРел
1013,10:33:24,14.27,0.0,203,289819.0,бРел
1014,10:33:27,14.27,0.0,160,228320.0,бТел
1015,10:33:33,14.29,0.019999999999999574,29,41432.0,жпптел
1016,10:33:36,14.28,-0.009999999999999787,1,1428.0,бТел
1017,10:33:39,14.29,0.009999999999999787,26,37154.0,бРел
1018,10:33:42,14.28,-0.009999999999999787,17,24291.0,бТел
1019,10:33:45,14.3,0.02000000000000135,48,68558.0,бРел
1020,10:33:48,14.3,0.0,20,28600.0,бРел
1021,10:33:51,14.29,-0.010000000000001563,37,52909.0,бТел
1022,10:33:54,14.3,0.010000000000001563,27,38610.0,бРел
1023,10:34:06,14.31,0.009999999999999787,13,18603.0,бРел
1024,10:34:09,14.31,0.0,6,8586.0,бРел
1025,10:34:12,14.31,0.0,13,18603.0,бРел
1026,10:34:15,14.32,0.009999999999999787,110,157373.0,бРел
1027,10:34:18,14.33,0.009999999999999787,79,113183.0,бРел
1028,10:34:24,14.33,0.0,167,239291.0,бРел
1029,10:34:27,14.35,0.019999999999999574,15,21515.0,бРел
1030,10:34:30,14.37,0.019999999999999574,81,116305.0,бРел
1031,10:34:33,14.37,0.0,43,61773.0,бРел
1032,10:34:36,14.35,-0.019999999999999574,2,2870.0,бТел
1033,10:34:39,14.35,0.0,28,40189.0,бТел
1034,10:34:42,14.37,0.019999999999999574,12,17223.0,бРел
1035,10:34:45,14.37,0.0,18,25864.0,бРел
1036,10:34:48,14.36,-0.009999999999999787,102,146472.0,бРел
1037,10:34:51,14.35,-0.009999999999999787,80,114912.0,бТел
1038,10:34:57,14.38,0.030000000000001137,172,247122.0,бРел
1039,10:35:00,14.35,-0.030000000000001137,98,140826.0,бТел
1040,10:35:03,14.36,0.009999999999999787,79,113448.0,бРел
1041,10:35:06,14.38,0.02000000000000135,23,33074.0,бТел
1042,10:35:09,14.37,-0.010000000000001563,21,30193.0,бТел
1043,10:35:15,14.39,0.02000000000000135,97,139555.0,бРел
1044,10:35:18,14.38,-0.009999999999999787,35,50328.0,бРел
1045,10:35:24,14.37,-0.010000000000001563,19,27328.0,бТел
1046,10:35:27,14.38,0.010000000000001563,5,7188.0,бРел
1047,10:35:30,14.38,0.0,46,66101.0,бРел
1048,10:35:36,14.37,-0.010000000000001563,14,20112.0,жпптел
1049,10:35:39,14.37,0.0,55,79015.0,бРел
1050,10:35:42,14.35,-0.019999999999999574,68,97610.0,бТел
1051,10:35:45,14.37,0.019999999999999574,39,56019.0,бРел
1052,10:35:48,14.37,0.0,6,8622.0,бТел
1053,10:35:54,14.37,0.0,3,4311.0,бТел
1054,10:35:57,14.36,-0.009999999999999787,15,21549.0,бТел
1055,10:36:00,14.37,0.009999999999999787,17,24429.0,бРел
1056,10:36:03,14.36,-0.009999999999999787,16,22984.0,бТел
1057,10:36:06,14.36,0.0,2,2872.0,бРел
1058,10:36:09,14.35,-0.009999999999999787,11,15785.0,бТел
1059,10:36:12,14.35,0.0,39,55978.0,бРел
1060,10:36:15,14.34,-0.009999999999999787,1,1434.0,бТел
1061,10:36:21,14.35,0.009999999999999787,9,12915.0,бРел
1062,10:36:24,14.34,-0.009999999999999787,40,57378.0,бТел
1063,10:36:27,14.35,0.009999999999999787,7,10041.0,бРел
1064,10:36:30,14.34,-0.009999999999999787,5,7170.0,бТел
1065,10:36:33,14.33,-0.009999999999999787,93,133328.0,бТел
1066,10:36:36,14.35,0.019999999999999574,16,22951.0,бРел
1067,10:36:42,14.35,0.0,6,8605.0,бРел
1068,10:36:45,14.33,-0.019999999999999574,119,170549.0,бТел
1069,10:36:51,14.35,0.019999999999999574,1,1435.0,бРел
1070,10:36:54,14.35,0.0,21,30134.0,бРел
1071,10:36:57,14.35,0.0,50,71750.0,бРел
1072,10:37:09,14.33,-0.019999999999999574,83,119053.0,бТел
1073,10:37:12,14.37,0.03999999999999915,106,152176.0,бРел
1074,10:37:15,14.33,-0.03999999999999915,20,28660.0,бТел
1075,10:37:18,14.38,0.05000000000000071,203,291726.0,бРел
1076,10:37:21,14.38,0.0,8,11504.0,бТел
1077,10:37:27,14.39,0.009999999999999787,2,2878.0,бРел
1078,10:37:30,14.4,0.009999999999999787,233,335441.0,бРел
1079,10:37:33,14.4,0.0,46,66261.0,бТел
1080,10:37:36,14.41,0.009999999999999787,28,40332.0,бРел
1081,10:37:39,14.41,0.0,19,27379.0,бРел
1082,10:37:48,14.41,0.0,29,41779.0,бРел
1083,10:37:51,14.4,-0.009999999999999787,20,28811.0,бТел
1084,10:37:54,14.41,0.009999999999999787,10,14410.0,бРел
1085,10:37:57,14.4,-0.009999999999999787,484,697980.200000003,бТел
1086,10:38:00,14.39,-0.009999999999999787,94,135361.0,бТел
1087,10:38:03,14.42,0.02999999999999936,115,165660.0,бРел
1088,10:38:06,14.41,-0.009999999999999787,67,96630.0,бТел
1089,10:38:09,14.42,0.009999999999999787,21,30282.0,жпптел
1090,10:38:15,14.41,-0.009999999999999787,46,66288.0,бТел
1091,10:38:18,14.41,0.0,36,51878.0,бТел
1092,10:38:21,14.4,-0.009999999999999787,150,216148.0,бТел
1093,10:38:24,14.4,0.0,136,195840.0,бТел
1094,10:38:27,14.4,0.0,39,56160.0,бРел
1095,10:38:30,14.39,-0.009999999999999787,95,136820.0,бТел
1096,10:38:33,14.39,0.0,18,25903.0,бТел
1097,10:38:36,14.39,0.0,42,60438.0,бРел
1098,10:38:39,14.4,0.009999999999999787,82,118057.0,бРел
1099,10:38:45,14.4,0.0,10,14400.0,бРел
1100,10:38:51,14.39,-0.009999999999999787,5,7195.0,бТел
1101,10:38:54,14.39,0.0,12,17278.0,бТел
1102,10:38:57,14.4,0.009999999999999787,16,23040.0,бРел
1103,10:39:00,14.39,-0.009999999999999787,3,4317.0,бТел
1104,10:39:03,14.39,0.0,23,33109.0,бТел
1105,10:39:06,14.4,0.009999999999999787,88,126647.0,бРел
1106,10:39:09,14.4,0.0,56,80618.0,бРел
1107,10:39:12,14.4,0.0,45,64770.0,бРел
1108,10:39:15,14.4,0.0,3,4320.0,бРел
1109,10:39:21,14.39,-0.009999999999999787,6,8635.0,бТел
1110,10:39:24,14.4,0.009999999999999787,11,15839.0,бРел
1111,10:39:27,14.39,-0.009999999999999787,12,17279.0,бТел
1112,10:39:33,14.4,0.009999999999999787,27,38880.0,бРел
1113,10:39:36,14.39,-0.009999999999999787,1,1439.0,бТел
1114,10:39:42,14.4,0.009999999999999787,100,143936.0,бРел
1115,10:39:48,14.4,0.0,43,61884.0,бРел
1116,10:39:51,14.39,-0.009999999999999787,32,46058.0,бТел
1117,10:39:54,14.38,-0.009999999999999787,1,1438.0,бТел
1118,10:39:57,14.39,0.009999999999999787,33,47475.0,бРел
1119,10:40:00,14.38,-0.009999999999999787,154,221459.0,бТел
1120,10:40:06,14.36,-0.02000000000000135,3,4308.0,бТел
1121,10:40:09,14.37,0.009999999999999787,17,24429.0,бРел
1122,10:40:12,14.37,0.0,52,74706.0,бРел
1123,10:40:18,14.37,0.0,16,22992.0,бТел
1124,10:40:24,14.35,-0.019999999999999574,40,57478.0,бТел
1125,10:40:27,14.37,0.019999999999999574,16,22992.0,бРел
1126,10:40:30,14.35,-0.019999999999999574,54,77558.0,бТел
1127,10:40:33,14.37,0.019999999999999574,8,11490.0,жпптел
1128,10:40:39,14.37,0.0,5,7185.0,жпптел
1129,10:40:48,14.37,0.0,78,112160.0,бТел
1130,10:40:51,14.38,0.010000000000001563,9,12942.0,жпптел
1131,10:40:54,14.37,-0.010000000000001563,74,106341.0,бТел
1132,10:41:00,14.37,0.0,66,94872.0,бТел
1133,10:41:06,14.38,0.010000000000001563,34,48892.0,бРел
1134,10:41:09,14.38,0.0,16,23008.0,бТел
1135,10:41:12,14.38,0.0,1,1438.0,бРел
1136,10:41:15,14.38,0.0,31,44578.0,бРел
1137,10:41:18,14.38,0.0,128,184045.0,бРел
1138,10:41:21,14.37,-0.010000000000001563,12,17244.0,бТел
1139,10:41:24,14.37,0.0,84,120721.0,бТел
1140,10:41:27,14.37,0.0,456,655272.0,бТел
1141,10:41:33,14.35,-0.019999999999999574,24,34466.0,бТел
1142,10:41:39,14.33,-0.019999999999999574,1,1433.0,бТел
1143,10:41:42,14.35,0.019999999999999574,16,22952.0,бРел
1144,10:41:48,14.35,0.0,3,4305.0,бРел
1145,10:41:51,14.33,-0.019999999999999574,28,40124.0,бТел
1146,10:41:54,14.35,0.019999999999999574,29,41615.0,бРел
1147,10:41:57,14.34,-0.009999999999999787,11,15773.0,бРел
1148,10:42:00,14.33,-0.009999999999999787,26,37267.0,бТел
1149,10:42:03,14.33,0.0,12,17206.0,бТел
1150,10:42:06,14.33,0.0,17,24361.0,бТел
1151,10:42:12,14.34,0.009999999999999787,161,230870.0,бРел
1152,10:42:15,14.33,-0.009999999999999787,82,117517.0,бТел
1153,10:42:18,14.35,0.019999999999999574,69,98935.0,бРел
1154,10:42:36,14.36,0.009999999999999787,3,4306.0,бРел
1155,10:42:39,14.35,-0.009999999999999787,1,1435.0,бТел
1156,10:42:42,14.35,0.0,1,1435.0,бТел
1157,10:42:45,14.35,0.0,10,14350.0,бТел
1158,10:42:48,14.36,0.009999999999999787,5,7180.0,бРел
1159,10:42:54,14.36,0.0,18,25847.0,бРел
1160,10:43:00,14.36,0.0,80,114827.0,бРел
1161,10:43:03,14.35,-0.009999999999999787,78,111948.0,бТел
1162,10:43:06,14.33,-0.019999999999999574,11,15783.0,бТел
1163,10:43:09,14.36,0.02999999999999936,10,14354.0,бРел
1164,10:43:12,14.35,-0.009999999999999787,35,50225.0,жпптел
1165,10:43:21,14.34,-0.009999999999999787,3,4301.0,жпптел
1166,10:43:27,14.33,-0.009999999999999787,16,22928.0,бТел
1167,10:43:33,14.34,0.009999999999999787,26,37284.0,бРел
1168,10:43:36,14.35,0.009999999999999787,12,17220.0,бРел
1169,10:43:39,14.34,-0.009999999999999787,8,11472.0,бТел
1170,10:43:45,14.35,0.009999999999999787,18,25813.0,бРел
1171,10:43:51,14.34,-0.009999999999999787,5,7170.0,бТел
1172,10:44:00,14.34,0.0,4,5736.0,бРел
1173,10:44:09,14.33,-0.009999999999999787,7,10031.0,бТел
1174,10:44:15,14.33,0.0,91,130403.0,бТел
1175,10:44:21,14.32,-0.009999999999999787,1,1432.0,бТел
1176,10:44:30,14.33,0.009999999999999787,108,154764.0,бРел
1177,10:44:39,14.32,-0.009999999999999787,1,1432.0,бТел
1178,10:44:51,14.33,0.009999999999999787,3,4299.0,бРел
1179,10:44:54,14.33,0.0,131,187634.0,бРел
1180,10:45:00,14.33,0.0,49,70217.0,бТел
1181,10:45:06,14.33,0.0,1,1433.0,бТел
1182,10:45:12,14.33,0.0,3,4299.0,бТел
1183,10:45:15,14.33,0.0,8,11464.0,бТел
1184,10:45:21,14.33,0.0,6,8598.0,бТел
1185,10:45:27,14.34,0.009999999999999787,23,32982.0,бРел
1186,10:45:36,14.34,0.0,26,37284.0,бТел
1187,10:45:45,14.34,0.0,5,7170.0,бРел
1188,10:45:48,14.33,-0.009999999999999787,28,40129.0,бТел
1189,10:45:51,14.34,0.009999999999999787,15,21501.0,бРел
1190,10:46:03,14.33,-0.009999999999999787,5,7165.0,бТел
1191,10:46:09,14.33,0.0,20,28660.0,бРел
1192,10:46:12,14.34,0.009999999999999787,10,14334.0,бРел
1193,10:46:15,14.34,0.0,10,14340.0,бРел
1194,10:46:21,14.32,-0.019999999999999574,1,1432.0,бТел
1195,10:46:27,14.33,0.009999999999999787,51,73083.0,бРел
1196,10:46:33,14.32,-0.009999999999999787,8,11456.0,бТел
1197,10:46:45,14.34,0.019999999999999574,10,14340.0,бРел
1198,10:46:48,14.34,0.0,10,14340.0,бРел
1199,10:46:51,14.33,-0.009999999999999787,1,1433.0,жпптел
1200,10:46:54,14.34,0.009999999999999787,2,2868.0,бРел
1201,10:46:57,14.32,-0.019999999999999574,12,17197.0,бТел
1202,10:47:03,14.32,0.0,80,114560.0,бТел
1203,10:47:06,14.33,0.009999999999999787,4,5732.0,бРел
1204,10:47:12,14.32,-0.009999999999999787,1,1432.0,бТел
1205,10:47:24,14.32,0.0,1,1432.0,бТел
1206,10:47:30,14.32,0.0,8,11456.0,бТел
1207,10:47:33,14.32,0.0,6,8592.0,бТел
1208,10:47:36,14.32,0.0,3,4296.0,бТел
1209,10:47:39,14.32,0.0,92,131744.0,бТел
1210,10:47:42,14.32,0.0,1,1432.0,бРел
1211,10:47:48,14.32,0.0,1,1432.0,бРел
1212,10:47:54,14.32,0.0,56,80168.0,бРел
1213,10:48:06,14.32,0.0,2,2864.0,бТел
1214,10:48:09,14.33,0.009999999999999787,51,73033.0,бРел
1215,10:48:12,14.33,0.0,3,4299.0,бРел
1216,10:48:15,14.33,0.0,14,20052.0,бРел
1217,10:48:27,14.32,-0.009999999999999787,18,25776.0,бТел
1218,10:48:30,14.33,0.009999999999999787,24,34392.0,бРел
1219,10:48:39,14.33,0.0,3,4297.0,бРел
1220,10:48:42,14.33,0.0,41,58726.0,бРел
1221,10:48:45,14.33,0.0,8,11464.0,бРел
1222,10:48:51,14.32,-0.009999999999999787,1,1432.0,бТел
1223,10:48:54,14.33,0.009999999999999787,6,8598.0,бРел
1224,10:48:57,14.32,-0.009999999999999787,20,28640.0,бТел
1225,10:49:00,14.32,0.0,26,37232.0,бТел
1226,10:49:03,14.33,0.009999999999999787,36,51588.0,бРел
1227,10:49:06,14.33,0.0,32,45898.0,бТел
1228,10:49:15,14.33,0.0,68,97483.0,бТел
1229,10:49:21,14.33,0.0,10,14330.0,бТел
1230,10:49:33,14.34,0.009999999999999787,10,14340.0,бРел
1231,10:49:36,14.34,0.0,3,4302.0,бРел
1232,10:49:39,14.33,-0.009999999999999787,25,35825.0,бТел
1233,10:49:42,14.34,0.009999999999999787,35,50190.0,бРел
1234,10:49:45,14.34,0.0,10,14340.0,бТел
1235,10:49:48,14.35,0.009999999999999787,114,163590.0,бРел
1236,10:49:51,14.35,0.0,1,1435.0,бТел
1237,10:49:54,14.36,0.009999999999999787,50,71800.0,бРел
1238,10:49:57,14.36,0.0,17,25819.280000001192,бРел
1239,10:50:00,14.38,0.02000000000000135,5,7187.0,бРел
1240,10:50:06,14.36,-0.02000000000000135,11,15823.0,бТел
1241,10:50:09,14.38,0.02000000000000135,35,50364.0,жпптел
1242,10:50:12,14.39,0.009999999999999787,56,80573.0,бРел
1243,10:50:18,14.4,0.009999999999999787,17,24473.0,бРел
1244,10:50:21,14.4,0.0,80,115155.0,бРел
1245,10:50:24,14.4,0.0,77,110870.0,бРел
1246,10:50:27,14.41,0.009999999999999787,23,33130.0,бРел
1247,10:50:30,14.42,0.009999999999999787,68,97978.0,бРел
1248,10:50:33,14.44,0.019999999999999574,187,269864.0,бРел
1249,10:50:39,14.45,0.009999999999999787,493,712060.099999994,бРел
1250,10:50:42,14.45,0.0,41,59245.0,бРел
1251,10:50:48,14.47,0.02000000000000135,336,485945.0,бРел
1252,10:50:51,14.48,0.009999999999999787,96,138910.0,бРел
1253,10:50:54,14.49,0.009999999999999787,534,773188.0,бРел
1254,10:50:57,14.48,-0.009999999999999787,23,33307.0,бТел
1255,10:51:00,14.49,0.009999999999999787,337,488390.0,бРел
1256,10:51:03,14.5,0.009999999999999787,101,146424.0,бРел
1257,10:51:06,14.5,0.0,109,157989.0,бРел
1258,10:51:09,14.51,0.009999999999999787,512,742554.0,бРел
1259,10:51:12,14.51,0.0,321,466141.0,бТел
1260,10:51:18,14.54,0.02999999999999936,234,340054.0,бРел
1261,10:51:21,14.52,-0.019999999999999574,71,103154.0,бТел
1262,10:51:24,14.55,0.030000000000001137,74,107655.0,бРел
1263,10:51:27,14.56,0.009999999999999787,85,123705.0,бРел
1264,10:51:30,14.55,-0.009999999999999787,94,136782.0,бТел
1265,10:51:33,14.56,0.009999999999999787,134,195064.0,бРел
1266,10:51:36,14.58,0.019999999999999574,463,674604.0,бРел
1267,10:51:39,14.57,-0.009999999999999787,526,766047.0,жпптел
1268,10:51:42,14.58,0.009999999999999787,637,928204.0,бРел
1269,10:51:45,14.59,0.009999999999999787,238,347075.0,бРел
1270,10:51:48,14.57,-0.019999999999999574,273,398280.0,бТел
1271,10:51:51,14.58,0.009999999999999787,239,348411.0,жпптел
1272,10:51:54,14.58,0.0,290,422997.0,бРел
1273,10:51:57,14.57,-0.009999999999999787,308,449149.0,бТел
1274,10:52:00,14.55,-0.019999999999999574,453,660121.0,бТел
1275,10:52:03,14.58,0.02999999999999936,179,260862.0,бРел
1276,10:52:06,14.59,0.009999999999999787,530,772828.0,бРел
1277,10:52:09,14.55,-0.03999999999999915,101,147151.0,жпптел
1278,10:52:15,14.56,0.009999999999999787,216,314390.0,бРел
1279,10:52:18,14.57,0.009999999999999787,60,87393.0,бРел
1280,10:52:21,14.54,-0.030000000000001137,34,49509.0,бТел
1281,10:52:24,14.55,0.010000000000001563,337,490795.0,бТел
1282,10:52:27,14.56,0.009999999999999787,45,65499.0,жпптел
1283,10:52:30,14.57,0.009999999999999787,328,477448.0,бРел
1284,10:52:33,14.58,0.009999999999999787,147,214186.0,бРел
1285,10:52:36,14.57,-0.009999999999999787,75,109275.0,бТел
1286,10:52:39,14.58,0.009999999999999787,108,157275.0,бРел
1287,10:52:42,14.57,-0.009999999999999787,29,42216.0,жпптел
1288,10:52:45,14.57,0.0,450,655714.0,бРел
1289,10:52:48,14.59,0.019999999999999574,397,578845.0,бРел
1290,10:52:51,14.58,-0.009999999999999787,428,624692.0,бТел
1291,10:52:54,14.66,0.08000000000000007,1223,1788003.0,бРел
1292,10:52:57,14.62,-0.040000000000000924,52,76031.0,бТел
1293,10:53:00,14.64,0.02000000000000135,81,118588.0,жпптел
1294,10:53:03,14.66,0.019999999999999574,637,934676.0,бРел
1295,10:53:06,14.72,0.0600000000000005,417,612935.0,бРел
1296,10:53:12,14.7,-0.02000000000000135,148,217519.0,бТел
1297,10:53:15,14.7,0.0,308,452670.0,бТел
1298,10:53:18,14.66,-0.03999999999999915,230,338236.0,бТел
1299,10:53:21,14.68,0.019999999999999574,604,886794.0,жпптел
1300,10:53:24,14.72,0.040000000000000924,669,983891.0,бРел
1301,10:53:27,14.69,-0.030000000000001137,780,1145612.0,жпптел
1302,10:53:30,14.7,0.009999999999999787,237,348136.0,бРел
1303,10:53:36,14.69,-0.009999999999999787,401,589206.0,жпптел
1304,10:53:39,14.68,-0.009999999999999787,2782,4090726.999999985,бТел
1305,10:53:42,14.69,0.009999999999999787,256,376027.0,бРел
1306,10:53:45,14.68,-0.009999999999999787,307,450797.0,бТел
1307,10:53:48,14.69,0.009999999999999787,350,514746.0,жпптел
1308,10:53:51,14.7,0.009999999999999787,431,633170.0,бРел
1309,10:53:54,14.7,0.0,286,420779.0,бТел
1310,10:53:57,14.71,0.010000000000001563,413,607209.0,бРел
1311,10:54:00,14.71,0.0,284,417553.0,бРел
1312,10:54:03,14.72,0.009999999999999787,345,507542.0,бРел
1313,10:54:06,14.72,0.0,176,258964.0,бРел
1314,10:54:12,14.72,0.0,165,242851.0,бРел
1315,10:54:15,14.73,0.009999999999999787,699,1029589.0,бРел
1316,10:54:18,14.73,0.0,535,788687.0,бТел
1317,10:54:21,14.72,-0.009999999999999787,323,475958.0,бТел
1318,10:54:24,14.76,0.03999999999999915,97,143177.0,бРел
1319,10:54:27,14.77,0.009999999999999787,399,588660.0,бРел
1320,10:54:33,14.77,0.0,486,717337.0,бРел
1321,10:54:39,14.76,-0.009999999999999787,948,1398797.0,бТел
1322,10:54:42,14.75,-0.009999999999999787,938,1383435.0,бРел
1323,10:54:45,14.73,-0.019999999999999574,233,343116.0,жпптел
1324,10:54:48,14.75,0.019999999999999574,238,350523.0,бРел
1325,10:54:51,14.69,-0.0600000000000005,209,307452.0,бТел
1326,10:54:54,14.75,0.0600000000000005,371,545982.0,бРел
1327,10:54:57,14.7,-0.05000000000000071,149,219107.0,жпптел
1328,10:55:00,14.69,-0.009999999999999787,114,167580.0,жпптел
1329,10:55:03,14.73,0.040000000000000924,506,744401.0,бРел
1330,10:55:09,14.73,0.0,126,185358.0,бРел
1331,10:55:12,14.71,-0.019999999999999574,29,42654.0,жпптел
1332,10:55:15,14.7,-0.010000000000001563,356,523464.0,бТел
1333,10:55:18,14.71,0.010000000000001563,523,769801.0,жпптел
1334,10:55:24,14.74,0.02999999999999936,1342,1977346.0,бРел
1335,10:55:30,14.75,0.009999999999999787,444,654403.0,бРел
1336,10:55:33,14.74,-0.009999999999999787,160,236021.0,бТел
1337,10:55:36,14.76,0.019999999999999574,200,294812.0,бРел
1338,10:55:39,14.76,0.0,198,292141.0,бРел
1339,10:55:42,14.77,0.009999999999999787,254,375072.0,бРел
1340,10:55:45,14.78,0.009999999999999787,435,642458.0,бРел
1341,10:55:48,14.76,-0.019999999999999574,469,692389.0,бТел
1342,10:55:51,14.77,0.009999999999999787,164,242371.0,бРел
1343,10:55:54,14.78,0.009999999999999787,562,830938.0,бРел
1344,10:55:57,14.8,0.02000000000000135,296,438289.0,бРел
1345,10:56:03,14.83,0.02999999999999936,76,112612.0,бРел
1346,10:56:06,14.8,-0.02999999999999936,161,238490.0,бТел
1347,10:56:09,14.83,0.02999999999999936,382,566804.0,жпптел
1348,10:56:12,14.81,-0.019999999999999574,277,410793.0,бТел
1349,10:56:15,14.81,0.0,952,1411331.0,бТел
1350,10:56:18,14.81,0.0,392,580818.0,бТел
1351,10:56:21,14.81,0.0,984,1457410.0,бТел
1352,10:56:24,14.8,-0.009999999999999787,623,921612.0,бТел
1353,10:56:27,14.79,-0.010000000000001563,342,505767.0,жпптел
1354,10:56:30,14.76,-0.02999999999999936,391,577693.0,бТел
1355,10:56:33,14.76,0.0,134,197863.0,бТел
1356,10:56:36,14.78,0.019999999999999574,551,813663.0,бРел
1357,10:56:39,14.73,-0.049999999999998934,177,261031.0,бТел
1358,10:56:42,14.73,0.0,131,193057.0,бТел
1359,10:56:45,14.72,-0.009999999999999787,275,405078.0,бТел
1360,10:56:48,14.72,0.0,208,306184.0,бТел
1361,10:56:51,14.69,-0.030000000000001137,425,624858.0,бТел
1362,10:56:54,14.7,0.009999999999999787,225,330645.0,бРел
1363,10:56:57,14.7,0.0,55,80850.0,бРел
1364,10:57:03,14.69,-0.009999999999999787,39,57300.0,бТел
1365,10:57:06,14.7,0.009999999999999787,126,185130.0,бРел
1366,10:57:09,14.7,0.0,94,138120.0,бРел
1367,10:57:12,14.69,-0.009999999999999787,125,183639.0,жпптел
1368,10:57:15,14.69,0.0,185,271812.0,бТел
1369,10:57:18,14.68,-0.009999999999999787,136,199766.0,бТел
1370,10:57:24,14.67,-0.009999999999999787,318,466846.0,бТел
1371,10:57:27,14.66,-0.009999999999999787,154,225981.0,бТел
1372,10:57:30,14.68,0.019999999999999574,201,295046.0,бРел
1373,10:57:33,14.68,0.0,99,145255.0,бРел
1374,10:57:36,14.65,-0.02999999999999936,113,165764.0,бТел
1375,10:57:39,14.69,0.03999999999999915,295,432968.0,бРел
1376,10:57:42,14.66,-0.02999999999999936,261,382815.0,бТел
1377,10:57:45,14.69,0.02999999999999936,107,156938.0,бРел
1378,10:57:48,14.66,-0.02999999999999936,24,35230.0,бТел
1379,10:57:51,14.68,0.019999999999999574,30,44045.0,бТел
1380,10:57:54,14.69,0.009999999999999787,143,209919.0,бРел
1381,10:58:00,14.68,-0.009999999999999787,31,45508.0,бРел
1382,10:58:03,14.68,0.0,165,242162.0,бРел
1383,10:58:06,14.68,0.0,299,438862.0,бРел
1384,10:58:09,14.68,0.0,41,60172.0,бРел
1385,10:58:15,14.68,0.0,599,879035.0,бРел
1386,10:58:18,14.69,0.009999999999999787,157,230491.0,бРел
1387,10:58:21,14.68,-0.009999999999999787,43,63155.0,бТел
1388,10:58:24,14.68,0.0,10,14680.0,бТел
1389,10:58:27,14.69,0.009999999999999787,54,79285.0,бРел
1390,10:58:30,14.69,0.0,264,387781.0,бРел
1391,10:58:33,14.7,0.009999999999999787,259,380676.0,бРел
1392,10:58:36,14.7,0.0,245,359870.0,бРел
1393,10:58:39,14.71,0.010000000000001563,322,473288.0,бРел
1394,10:58:42,14.71,0.0,32,47057.0,бРел
1395,10:58:45,14.71,0.0,18,26465.0,бРел
1396,10:58:48,14.71,0.0,133,195729.0,бРел
1397,10:58:51,14.71,0.0,16,23548.0,бТел
1398,10:58:54,14.71,0.0,68,100124.0,бТел
1399,10:59:00,14.73,0.019999999999999574,240,353103.0,бРел
1400,10:59:03,14.73,0.0,144,212129.0,бРел
1401,10:59:06,14.74,0.009999999999999787,100,147289.0,бРел
1402,10:59:09,14.73,-0.009999999999999787,95,139963.0,бТел
1403,10:59:12,14.73,0.0,128,188576.0,бТел
1404,10:59:15,14.74,0.009999999999999787,229,337401.0,бРел
1405,10:59:18,14.73,-0.009999999999999787,322,474158.0,бТел
1406,10:59:21,14.72,-0.009999999999999787,535,787366.0,жпптел
1407,10:59:24,14.7,-0.02000000000000135,305,448473.0,бТел
1408,10:59:27,14.69,-0.009999999999999787,52,76423.0,бТел
1409,10:59:30,14.69,0.0,253,371582.0,бТел
1410,10:59:33,14.68,-0.009999999999999787,332,487195.0,бТел
1411,10:59:36,14.67,-0.009999999999999787,240,351980.0,бТел
1412,10:59:39,14.66,-0.009999999999999787,119,174511.0,бТел
1413,10:59:42,14.66,0.0,261,382384.0,бРел
1414,10:59:45,14.61,-0.05000000000000071,359,525459.0,бТел
1415,10:59:48,14.64,0.030000000000001137,292,427577.0,бРел
1416,10:59:51,14.62,-0.02000000000000135,346,505595.0,бТел
1417,10:59:57,14.63,0.010000000000001563,55,80473.0,жпптел
1418,11:00:00,14.62,-0.010000000000001563,92,134519.0,бТел
1419,11:00:03,14.62,0.0,31,45307.0,бРел
1420,11:00:06,14.62,0.0,16,23372.0,бРел
1421,11:00:09,14.62,0.0,162,236655.0,бРел
1422,11:00:12,14.62,0.0,73,106704.0,бРел
1423,11:00:15,14.63,0.010000000000001563,37,54093.0,бРел
1424,11:00:21,14.62,-0.010000000000001563,19,27779.0,бТел
1425,11:00:24,14.63,0.010000000000001563,197,288051.0,бРел
1426,11:00:30,14.63,0.0,20,29260.0,бТел
1427,11:00:33,14.64,0.009999999999999787,41,60024.0,бРел
1428,11:00:36,14.64,0.0,150,219495.0,бРел
1429,11:00:39,14.63,-0.009999999999999787,107,156608.0,бТел
1430,11:00:42,14.64,0.009999999999999787,11,16105.0,жпптел
1431,11:00:45,14.64,0.0,7,10248.0,бТел
1432,11:00:51,14.65,0.009999999999999787,91,133247.0,бРел
1433,11:00:54,14.66,0.009999999999999787,42,61566.0,бРел
1434,11:00:57,14.66,0.0,14,20525.0,бТел
1435,11:01:00,14.67,0.009999999999999787,3,4399.0,бРел
1436,11:01:03,14.67,0.0,20,29333.0,бРел
1437,11:01:06,14.67,0.0,25,36675.0,бРел
1438,11:01:09,14.67,0.0,90,132002.0,бТел
1439,11:01:12,14.67,0.0,18,26406.0,бРел
1440,11:01:15,14.67,0.0,126,184817.0,бРел
1441,11:01:18,14.65,-0.019999999999999574,211,309291.0,бТел
1442,11:01:21,14.66,0.009999999999999787,118,173072.0,жпптел
1443,11:01:24,14.66,0.0,64,93789.0,бРел
1444,11:01:27,14.67,0.009999999999999787,190,278534.0,бРел
1445,11:01:30,14.64,-0.02999999999999936,50,73268.0,бТел
1446,11:01:33,14.65,0.009999999999999787,10,14651.0,бРел
1447,11:01:36,14.65,0.0,9,13184.0,бРел
1448,11:01:39,14.65,0.0,11,16111.0,бРел
1449,11:01:42,14.65,0.0,55,80535.0,бРел
1450,11:01:48,14.63,-0.019999999999999574,27,39527.0,бТел
1451,11:01:51,14.64,0.009999999999999787,59,86364.0,бРел
1452,11:01:54,14.64,0.0,34,49770.0,бРел
1453,11:01:57,14.64,0.0,14,20495.0,бРел
1454,11:02:00,14.62,-0.02000000000000135,190,277952.0,бТел
1455,11:02:03,14.63,0.010000000000001563,8,11711.0,жпптел
1456,11:02:06,14.63,0.0,83,121463.0,бРел
1457,11:02:09,14.63,0.0,57,83415.0,бТел
1458,11:02:12,14.63,0.0,7,10241.0,бТел
1459,11:02:15,14.64,0.009999999999999787,32,46827.0,бРел
1460,11:02:18,14.64,0.0,21,30744.0,бРел
1461,11:02:21,14.64,0.0,30,43920.0,бТел
1462,11:02:24,14.65,0.009999999999999787,15,21965.0,бРел
1463,11:02:27,14.65,0.0,76,111306.0,бРел
1464,11:02:30,14.68,0.02999999999999936,326,477752.0,бРел
1465,11:02:33,14.67,-0.009999999999999787,2,2934.0,бТел
1466,11:02:36,14.68,0.009999999999999787,8,11743.0,бРел
1467,11:02:39,14.69,0.009999999999999787,37,54319.0,бРел
1468,11:02:48,14.68,-0.009999999999999787,65,95421.0,бТел
1469,11:02:51,14.69,0.009999999999999787,104,152773.0,бРел
1470,11:02:54,14.69,0.0,35,51389.0,бТел
1471,11:03:00,14.69,0.0,175,257154.0,бТел
1472,11:03:03,14.69,0.0,199,292450.0,бТел
1473,11:03:06,14.71,0.02000000000000135,389,571904.0,бРел
1474,11:03:09,14.7,-0.010000000000001563,54,79458.0,бТел
1475,11:03:12,14.72,0.02000000000000135,1,1472.0,бРел
1476,11:03:15,14.72,0.0,87,127929.0,бРел
1477,11:03:18,14.71,-0.009999999999999787,32,47074.0,бТел
1478,11:03:21,14.7,-0.010000000000001563,179,263146.0,бТел
1479,11:03:24,14.71,0.010000000000001563,187,275088.0,бРел
1480,11:03:27,14.7,-0.010000000000001563,165,242416.0,жпптел
1481,11:03:30,14.68,-0.019999999999999574,33,48475.0,бТел
1482,11:03:33,14.68,0.0,210,308352.0,бТел
1483,11:03:36,14.66,-0.019999999999999574,73,107086.0,бТел
1484,11:03:39,14.65,-0.009999999999999787,126,184616.0,бТел
1485,11:03:45,14.65,0.0,15,21978.0,бТел
1486,11:03:48,14.66,0.009999999999999787,24,35159.0,бРел
1487,11:03:51,14.63,-0.02999999999999936,59,86361.0,бТел
1488,11:03:54,14.64,0.009999999999999787,15,21956.0,жпптел
1489,11:03:57,14.64,0.0,164,239890.0,бРел
1490,11:04:00,14.63,-0.009999999999999787,54,78954.0,жпптел
1491,11:04:03,14.63,0.0,48,70256.0,бРел
1492,11:04:06,14.61,-0.02000000000000135,13,18993.0,бТел
1493,11:04:09,14.63,0.02000000000000135,62,90704.0,бРел
1494,11:04:12,14.63,0.0,3,4389.0,бТел
1495,11:04:15,14.63,0.0,11,16093.0,бТел
1496,11:04:18,14.64,0.009999999999999787,106,155147.0,бРел
1497,11:04:21,14.63,-0.009999999999999787,6,8782.0,бТел
1498,11:04:24,14.64,0.009999999999999787,114,166896.0,бРел
1499,11:04:27,14.64,0.0,134,196229.0,бТел
1500,11:04:33,14.65,0.009999999999999787,35,51275.0,жпптел
1501,11:04:36,14.67,0.019999999999999574,25,36670.0,бРел
1502,11:04:42,14.66,-0.009999999999999787,26,38117.0,бТел
1503,11:04:45,14.66,0.0,32,46912.0,бТел
1504,11:04:48,14.67,0.009999999999999787,188,275643.0,бРел
1505,11:04:51,14.68,0.009999999999999787,25,36698.0,бРел
1506,11:04:54,14.68,0.0,84,123258.0,бРел
1507,11:04:57,14.68,0.0,148,217321.0,бРел
1508,11:05:00,14.69,0.009999999999999787,35,51391.0,жпптел
1509,11:05:03,14.69,0.0,1,1469.0,бТел
1510,11:05:06,14.68,-0.009999999999999787,50,73474.0,бТел
1511,11:05:09,14.7,0.019999999999999574,46,67620.0,бРел
1512,11:05:12,14.7,0.0,33,48510.0,бРел
1513,11:05:15,14.7,0.0,29,42630.0,бТел
1514,11:05:18,14.68,-0.019999999999999574,51,74934.0,бТел
1515,11:05:21,14.71,0.030000000000001137,39,57297.0,бРел
1516,11:05:24,14.69,-0.02000000000000135,20,29380.0,бРел
1517,11:05:27,14.7,0.009999999999999787,140,205855.0,бРел
1518,11:05:30,14.71,0.010000000000001563,5,7352.0,бРел
1519,11:05:33,14.7,-0.010000000000001563,99,145555.0,бТел
1520,11:05:36,14.71,0.010000000000001563,73,107342.0,бРел
1521,11:05:42,14.7,-0.010000000000001563,38,55890.0,бТел
1522,11:05:48,14.71,0.010000000000001563,272,399985.0,бРел
1523,11:05:51,14.7,-0.010000000000001563,164,241230.0,жпптел
1524,11:05:54,14.71,0.010000000000001563,27,39705.0,бРел
1525,11:05:57,14.71,0.0,31,45590.0,бРел
1526,11:06:00,14.7,-0.010000000000001563,11,16170.0,бТел
1527,11:06:03,14.71,0.010000000000001563,80,117679.0,бРел
1528,11:06:06,14.71,0.0,512,754849.0,бТел
1529,11:06:09,14.72,0.009999999999999787,17,25024.0,жпптел
1530,11:06:12,14.71,-0.009999999999999787,57,83875.0,бТел
1531,11:06:15,14.75,0.03999999999999915,72,106117.0,бРел
1532,11:06:18,14.76,0.009999999999999787,45,66420.0,бТел
1533,11:06:21,14.77,0.009999999999999787,22,32475.0,бРел
1534,11:06:24,14.76,-0.009999999999999787,107,157957.0,бТел
1535,11:06:27,14.77,0.009999999999999787,112,165384.0,бРел
1536,11:06:30,14.77,0.0,47,69418.0,бРел
1537,11:06:33,14.77,0.0,145,214198.0,бТел
1538,11:06:39,14.77,0.0,348,514698.0,бТел
1539,11:06:42,14.79,0.019999999999999574,102,150752.0,бРел
1540,11:06:45,14.79,0.0,105,155237.0,бРел
1541,11:06:48,14.78,-0.009999999999999787,107,158225.0,жпптел
1542,11:06:51,14.8,0.02000000000000135,63,93180.0,бРел
1543,11:06:54,14.79,-0.010000000000001563,99,146502.0,бТел
1544,11:06:57,14.8,0.010000000000001563,220,325632.0,бРел
1545,11:07:00,14.8,0.0,229,338920.0,бТел
1546,11:07:03,14.8,0.0,75,110987.0,бРел
1547,11:07:06,14.79,-0.010000000000001563,261,386075.0,бТел
1548,11:07:09,14.79,0.0,152,224845.0,бРел
1549,11:07:12,14.78,-0.009999999999999787,182,269051.0,бТел
1550,11:07:15,14.78,0.0,187,276420.0,бТел
1551,11:07:18,14.77,-0.009999999999999787,197,291005.0,бТел
1552,11:07:21,14.71,-0.05999999999999872,157,231604.0,бТел
1553,11:07:24,14.72,0.009999999999999787,4,5888.0,бРел
1554,11:07:27,14.75,0.02999999999999936,112,165035.0,бРел
1555,11:07:30,14.71,-0.03999999999999915,188,276960.0,бТел
1556,11:07:36,14.7,-0.010000000000001563,96,141120.0,бТел
1557,11:07:39,14.75,0.05000000000000071,770,1135088.0,бРел
1558,11:07:42,14.75,0.0,389,573775.0,бТел
1559,11:07:45,14.75,0.0,63,92925.0,бТел
1560,11:07:48,14.75,0.0,182,268450.0,бТел
1561,11:07:51,14.74,-0.009999999999999787,95,140037.0,бРел
1562,11:07:54,14.72,-0.019999999999999574,30,44190.0,бТел
1563,11:07:57,14.73,0.009999999999999787,13,19149.0,бРел
1564,11:08:00,14.73,0.0,29,42701.0,бРел
1565,11:08:03,14.72,-0.009999999999999787,3,4416.0,жпптел
1566,11:08:06,14.73,0.009999999999999787,78,114824.0,бРел
1567,11:08:09,14.73,0.0,33,48605.0,бРел
1568,11:08:12,14.73,0.0,65,95745.0,бРел
1569,11:08:18,14.73,0.0,18,26514.0,бТел
1570,11:08:21,14.74,0.009999999999999787,121,178338.0,бРел
1571,11:08:24,14.75,0.009999999999999787,86,126843.0,бРел
1572,11:08:27,14.75,0.0,39,57522.0,бРел
1573,11:08:33,14.75,0.0,188,277289.0,бРел
1574,11:08:36,14.76,0.009999999999999787,1,1476.0,бРел
1575,11:08:39,14.75,-0.009999999999999787,62,91481.0,бТел
1576,11:08:42,14.77,0.019999999999999574,87,128445.0,бРел
1577,11:08:48,14.78,0.009999999999999787,205,302819.0,бРел
1578,11:08:51,14.78,0.0,30,44312.0,бРел
1579,11:08:54,14.78,0.0,25,36947.0,бРел
1580,11:08:57,14.79,0.009999999999999787,82,121210.0,бРел
1581,11:09:00,14.78,-0.009999999999999787,2,2956.0,бТел
1582,11:09:03,14.78,0.0,62,91642.0,бТел
1583,11:09:06,14.78,0.0,137,202602.0,бТел
1584,11:09:09,14.8,0.02000000000000135,480,710126.0,бРел
1585,11:09:12,14.79,-0.010000000000001563,98,145047.0,бТел
1586,11:09:15,14.79,0.0,5,7395.0,бТел
1587,11:09:18,14.79,0.0,148,218898.0,бТел
1588,11:09:21,14.8,0.010000000000001563,436,645183.0,бРел
1589,11:09:24,14.8,0.0,140,207106.0,бРел
1590,11:09:30,14.8,0.0,203,300290.0,бРел
1591,11:09:33,14.77,-0.030000000000001137,94,138944.0,бТел
1592,11:09:36,14.77,0.0,50,73889.0,бТел
1593,11:09:39,14.78,0.009999999999999787,44,65003.0,бРел
1594,11:09:42,14.76,-0.019999999999999574,367,541617.0,бТел
1595,11:09:45,14.77,0.009999999999999787,45,66419.0,бРел
1596,11:09:48,14.72,-0.049999999999998934,414,610293.0,бТел
1597,11:09:54,14.75,0.02999999999999936,56,82568.0,бРел
1598,11:09:57,14.75,0.0,86,126679.0,бРел
1599,11:10:00,14.74,-0.009999999999999787,47,69310.0,жпптел
1600,11:10:03,14.79,0.049999999999998934,206,304287.0,бРел
1601,11:10:06,14.75,-0.03999999999999915,8,11800.0,бТел
1602,11:10:09,14.76,0.009999999999999787,21,30991.0,бРел
1603,11:10:12,14.8,0.040000000000000924,375,554344.0,бРел
1604,11:10:15,14.77,-0.030000000000001137,26,38402.0,бТел
1605,11:10:18,14.79,0.019999999999999574,34,50292.0,бТел
1606,11:10:21,14.8,0.010000000000001563,59,87306.0,бРел
1607,11:10:27,14.79,-0.010000000000001563,11,16270.0,бТел
1608,11:10:30,14.79,0.0,136,201207.0,бРел
1609,11:10:33,14.81,0.02000000000000135,275,407061.0,бРел
1610,11:10:36,14.83,0.019999999999999574,304,450582.0,бРел
1611,11:10:39,14.84,0.009999999999999787,175,259621.0,бРел
1612,11:10:42,14.86,0.019999999999999574,260,385995.0,бРел
1613,11:10:48,14.86,0.0,66,98094.0,бРел
1614,11:10:51,14.89,0.030000000000001137,661,982955.0,бРел
1615,11:10:54,14.92,0.02999999999999936,531,791253.0,бРел
1616,11:10:57,14.92,0.0,117,174346.0,бРел
1617,11:11:00,14.94,0.019999999999999574,227,338645.0,бРел
1618,11:11:03,14.94,0.0,58,86639.0,бРел
1619,11:11:06,14.95,0.009999999999999787,239,356994.0,бРел
1620,11:11:09,14.92,-0.02999999999999936,937,1397637.0,бТел
1621,11:11:12,14.95,0.02999999999999936,671,1001873.0,бРел
1622,11:11:15,14.88,-0.06999999999999851,204,304022.0,бТел
1623,11:11:18,14.89,0.009999999999999787,686,1021997.0,жпптел
1624,11:11:21,14.9,0.009999999999999787,280,417125.0,бРел
1625,11:11:27,14.88,-0.019999999999999574,207,308002.0,бТел
1626,11:11:30,14.88,0.0,199,295995.0,бРел
1627,11:11:33,14.86,-0.02000000000000135,227,337463.0,бТел
1628,11:11:36,14.88,0.02000000000000135,241,358359.0,бРел
1629,11:11:39,14.85,-0.030000000000001137,741,1101750.0,бТел
1630,11:11:42,14.88,0.030000000000001137,322,478848.0,бРел
1631,11:11:48,14.88,0.0,138,205390.0,бРел
1632,11:11:51,14.85,-0.030000000000001137,30,44614.0,бТел
1633,11:11:54,14.88,0.030000000000001137,276,410139.0,бРел
1634,11:11:57,14.85,-0.030000000000001137,31,46037.0,бТел
1635,11:12:00,14.85,0.0,99,147059.0,бТел
1636,11:12:03,14.85,0.0,45,66825.0,бРел
1637,11:12:06,14.84,-0.009999999999999787,232,344624.0,бТел
1638,11:12:09,14.84,0.0,57,84612.0,бТел
1639,11:12:12,14.84,0.0,32,47480.0,бТел
1640,11:12:15,14.84,0.0,213,316183.0,бРел
1641,11:12:18,14.84,0.0,60,89002.0,бРел
1642,11:12:24,14.83,-0.009999999999999787,62,91947.0,бТел
1643,11:12:27,14.84,0.009999999999999787,113,167655.0,бРел
1644,11:12:30,14.84,0.0,56,83089.0,бРел
1645,11:12:33,14.83,-0.009999999999999787,94,139416.0,жпптел
1646,11:12:36,14.83,0.0,283,419761.0,бТел
1647,11:12:39,14.82,-0.009999999999999787,266,394469.0,бТел
1648,11:12:42,14.84,0.019999999999999574,39,57861.0,бРел
1649,11:12:45,14.83,-0.009999999999999787,202,299764.0,бРел
1650,11:12:48,14.83,0.0,46,68213.0,бРел
1651,11:12:51,14.84,0.009999999999999787,150,222547.0,бРел
1652,11:12:54,14.82,-0.019999999999999574,3,4448.0,бТел
1653,11:12:57,14.83,0.009999999999999787,9,13342.0,бРел
1654,11:13:00,14.83,0.0,37,54849.0,бРел
1655,11:13:03,14.82,-0.009999999999999787,108,160104.0,бТел
1656,11:13:06,14.83,0.009999999999999787,106,157116.0,бРел
1657,11:13:09,14.82,-0.009999999999999787,101,149696.0,бТел
1658,11:13:12,14.81,-0.009999999999999787,63,93322.0,бТел
1659,11:13:15,14.81,0.0,58,85865.0,бРел
1660,11:13:21,14.8,-0.009999999999999787,189,279676.0,бТел
1661,11:13:24,14.79,-0.010000000000001563,35,51764.0,бТел
1662,11:13:27,14.78,-0.009999999999999787,32,47320.0,бТел
1663,11:13:30,14.78,0.0,50,73900.0,бТел
1664,11:13:36,14.76,-0.019999999999999574,27,39869.0,бТел
1665,11:13:39,14.74,-0.019999999999999574,72,106166.0,бТел
1666,11:13:42,14.78,0.03999999999999915,15,22150.0,бРел
1667,11:13:45,14.76,-0.019999999999999574,10,14752.0,жпптел
1668,11:13:48,14.76,0.0,18,26567.0,бРел
1669,11:13:51,14.78,0.019999999999999574,42,62040.0,бРел
1670,11:13:54,14.76,-0.019999999999999574,145,214077.0,бТел
1671,11:13:57,14.77,0.009999999999999787,15,22150.0,жпптел
1672,11:14:00,14.78,0.009999999999999787,6,8868.0,бРел
1673,11:14:03,14.78,0.0,39,57628.0,бТел
1674,11:14:06,14.77,-0.009999999999999787,20,29549.0,бТел
1675,11:14:09,14.78,0.009999999999999787,25,36943.0,бРел
1676,11:14:12,14.78,0.0,38,56164.0,бРел
1677,11:14:21,14.78,0.0,58,85774.0,бТел
1678,11:14:24,14.78,0.0,79,116769.0,бТел
1679,11:14:27,14.8,0.02000000000000135,4,5920.0,бРел
1680,11:14:30,14.8,0.0,174,257416.0,бРел
1681,11:14:33,14.8,0.0,4,5920.0,бТел
1682,11:14:36,14.8,0.0,24,35533.0,бТел
1683,11:14:39,14.81,0.009999999999999787,49,72525.0,бРел
1684,11:14:42,14.81,0.0,88,130328.0,бРел
1685,11:14:48,14.82,0.009999999999999787,34,50388.0,бРел
1686,11:14:51,14.82,0.0,209,309738.0,бРел
1687,11:14:54,14.82,0.0,21,31143.0,бТел
1688,11:14:57,14.83,0.009999999999999787,44,65252.0,жпптел
1689,11:15:00,14.82,-0.009999999999999787,64,94927.0,бТел
1690,11:15:03,14.84,0.019999999999999574,150,222586.0,бРел
1691,11:15:06,14.85,0.009999999999999787,506,750151.0,бРел
1692,11:15:09,14.84,-0.009999999999999787,65,96461.0,бТел
1693,11:15:15,14.84,0.0,172,255248.0,бТел
1694,11:15:18,14.84,0.0,88,130568.0,бРел
1695,11:15:21,14.83,-0.009999999999999787,95,140856.0,бТел
1696,11:15:24,14.81,-0.019999999999999574,432,640107.0,бТел
1697,11:15:27,14.81,0.0,116,171816.0,бТел
1698,11:15:30,14.8,-0.009999999999999787,248,367202.0,бТел
1699,11:15:33,14.79,-0.010000000000001563,220,325384.0,бТел
1700,11:15:36,14.81,0.02000000000000135,252,372701.0,бРел
1701,11:15:39,14.77,-0.040000000000000924,48,70909.0,бТел
1702,11:15:42,14.77,0.0,87,128418.0,бРел
1703,11:15:45,14.76,-0.009999999999999787,26,38376.0,бТел
1704,11:15:48,14.75,-0.009999999999999787,102,150472.0,бТел
1705,11:15:51,14.76,0.009999999999999787,98,144564.0,бРел
1706,11:15:54,14.74,-0.019999999999999574,164,241998.0,бТел
1707,11:15:57,14.75,0.009999999999999787,95,140065.0,бРел
1708,11:16:00,14.75,0.0,99,145872.0,бРел
1709,11:16:03,14.75,0.0,77,113477.0,бРел
1710,11:16:06,14.72,-0.02999999999999936,136,200277.0,бТел
1711,11:16:09,14.73,0.009999999999999787,5,7365.0,бРел
1712,11:16:15,14.73,0.0,79,116395.0,бРел
1713,11:16:18,14.72,-0.009999999999999787,18,26496.0,бТел
1714,11:16:24,14.72,0.0,79,116293.0,бРел
1715,11:16:27,14.72,0.0,129,189875.0,бРел
1716,11:16:30,14.73,0.009999999999999787,26,38278.0,бРел
1717,11:16:33,14.72,-0.009999999999999787,237,349091.0,бТел
1718,11:16:36,14.73,0.009999999999999787,129,190009.0,бРел
1719,11:16:39,14.72,-0.009999999999999787,40,58916.0,бТел
1720,11:16:42,14.72,0.0,6,8833.0,бТел
1721,11:16:45,14.73,0.009999999999999787,29,42717.0,бРел
1722,11:16:48,14.73,0.0,30,44184.0,бРел
1723,11:16:51,14.73,0.0,80,117918.0,бТел
1724,11:16:54,14.73,0.0,40,58954.0,бТел
1725,11:16:57,14.74,0.009999999999999787,58,85492.0,бРел
1726,11:17:00,14.73,-0.009999999999999787,25,36849.0,бТел
1727,11:17:03,14.73,0.0,246,362458.0,бТел
1728,11:17:06,14.74,0.009999999999999787,76,112024.0,жпптел
1729,11:17:12,14.74,0.0,24,35376.0,бТел
1730,11:17:18,14.74,0.0,5,7370.0,бТел
1731,11:17:21,14.75,0.009999999999999787,13,19167.0,бРел
1732,11:17:24,14.75,0.0,16,23600.0,бРел
1733,11:17:30,14.75,0.0,20,29500.0,бРел
1734,11:17:33,14.75,0.0,98,144550.0,бРел
1735,11:17:36,14.75,0.0,20,29500.0,бТел
1736,11:17:42,14.76,0.009999999999999787,6,8856.0,бРел
1737,11:17:45,14.76,0.0,35,51658.0,бРел
1738,11:17:48,14.79,0.02999999999999936,10,14785.0,бРел
1739,11:17:51,14.78,-0.009999999999999787,31,45818.0,бТел
1740,11:17:54,14.78,0.0,4,5912.0,бРел
1741,11:17:57,14.76,-0.019999999999999574,33,48757.0,бТел
1742,11:18:00,14.76,0.0,18,26602.0,бТел
1743,11:18:03,14.79,0.02999999999999936,50,73941.0,бРел
1744,11:18:09,14.78,-0.009999999999999787,21,31038.0,бТел
1745,11:18:15,14.79,0.009999999999999787,135,199584.0,бРел
1746,11:18:21,14.78,-0.009999999999999787,22,32516.0,бТел
1747,11:18:24,14.77,-0.009999999999999787,64,94587.0,бТел
1748,11:18:27,14.78,0.009999999999999787,26,38425.0,бРел
1749,11:18:30,14.77,-0.009999999999999787,41,60560.0,бТел
1750,11:18:33,14.76,-0.009999999999999787,107,157975.0,бТел
1751,11:18:36,14.78,0.019999999999999574,54,79817.0,бРел
1752,11:18:39,14.79,0.009999999999999787,60,88729.0,бРел
1753,11:18:42,14.79,0.0,52,76864.0,бРел
1754,11:18:45,14.79,0.0,57,84254.0,бРел
1755,11:18:48,14.78,-0.009999999999999787,75,110886.0,бТел
1756,11:18:51,14.77,-0.009999999999999787,3,4431.0,бТел
1757,11:18:54,14.76,-0.009999999999999787,16,23628.0,бТел
1758,11:18:57,14.78,0.019999999999999574,30,44315.0,бРел
1759,11:19:03,14.77,-0.009999999999999787,43,63479.0,бРел
1760,11:19:06,14.76,-0.009999999999999787,58,85608.0,бТел
1761,11:19:09,14.76,0.0,68,100318.0,бРел
1762,11:19:12,14.76,0.0,255,376064.0,жпптел
1763,11:19:15,14.75,-0.009999999999999787,65,95833.0,бТел
1764,11:19:21,14.73,-0.019999999999999574,495,730230.6100000143,бТел
1765,11:19:24,14.73,0.0,69,101519.0,бРел
1766,11:19:30,14.71,-0.019999999999999574,115,169186.0,бТел
1767,11:19:33,14.71,0.0,23,33833.0,бТел
1768,11:19:36,14.71,0.0,16,23536.0,бТел
1769,11:19:39,14.71,0.0,55,80905.0,бТел
1770,11:19:42,14.72,0.009999999999999787,71,104442.0,бРел
1771,11:19:45,14.72,0.0,71,104494.0,бРел
1772,11:19:48,14.72,0.0,20,29440.0,бРел
1773,11:19:51,14.72,0.0,67,98562.0,бРел
1774,11:19:54,14.71,-0.009999999999999787,81,119327.3899999857,бТел
1775,11:19:57,14.7,-0.010000000000001563,38,55862.0,бТел
1776,11:20:03,14.71,0.010000000000001563,49,73417.6100000143,бРел
1777,11:20:06,14.72,0.009999999999999787,40,58880.0,бРел
1778,11:20:09,14.68,-0.040000000000000924,492,723201.3899999857,бТел
1779,11:20:12,14.68,0.0,31,45508.0,бРел
1780,11:20:15,14.68,0.0,200,293530.0,бРел
1781,11:20:18,14.67,-0.009999999999999787,19,27873.0,бРел
1782,11:20:24,14.68,0.009999999999999787,64,93901.0,бРел
1783,11:20:27,14.68,0.0,451,662068.0,бРел
1784,11:20:30,14.68,0.0,40,58720.0,бТел
1785,11:20:33,14.68,0.0,4,5872.0,бТел
1786,11:20:36,14.7,0.019999999999999574,26,38174.0,бРел
1787,11:20:39,14.7,0.0,14,20580.0,бРел
1788,11:20:42,14.7,0.0,41,61607.70000001788,бРел
1789,11:20:45,14.7,0.0,4,5880.0,бТел
1790,11:20:48,14.7,0.0,12,17640.0,бТел
1791,11:20:51,14.7,0.0,11,16170.0,бТел
1792,11:21:03,14.71,0.010000000000001563,23,33833.0,бРел
1793,11:21:06,14.71,0.0,28,41188.0,бТел
1794,11:21:09,14.72,0.009999999999999787,103,151612.0,бРел
1795,11:21:12,14.71,-0.009999999999999787,12,17659.0,бТел
1796,11:21:18,14.72,0.009999999999999787,6,8827.0,бРел
1797,11:21:21,14.71,-0.009999999999999787,1,1471.0,бТел
1798,11:21:24,14.71,0.0,3,4413.0,бТел
1799,11:21:27,14.71,0.0,7,10303.0,бТел
1800,11:21:30,14.72,0.009999999999999787,3,4416.0,бРел
1801,11:21:33,14.72,0.0,51,75072.0,бРел
1802,11:21:36,14.71,-0.009999999999999787,23,33860.0,бТел
1803,11:21:39,14.71,0.0,40,58840.0,бТел
1804,11:21:42,14.72,0.009999999999999787,15,22080.0,бРел
1805,11:21:48,14.72,0.0,2,2944.0,бТел
1806,11:21:57,14.72,0.0,35,51530.0,бТел
1807,11:22:00,14.73,0.009999999999999787,20,29453.0,бРел
1808,11:22:03,14.73,0.0,51,75115.0,бРел
1809,11:22:06,14.73,0.0,1,1473.0,бТел
1810,11:22:09,14.73,0.0,155,228320.0,бТел
1811,11:22:15,14.73,0.0,19,27987.0,бТел
1812,11:22:18,14.74,0.009999999999999787,6,8844.0,бРел
1813,11:22:21,14.74,0.0,6,8849.0,бТел
1814,11:22:27,14.74,0.0,6,8844.0,бТел
1815,11:22:30,14.74,0.0,2,2948.0,бТел
1816,11:22:33,14.75,0.009999999999999787,30,44250.0,бРел
1817,11:22:36,14.73,-0.019999999999999574,111,163561.0,бТел
1818,11:22:45,14.73,0.0,96,141417.0,бТел
1819,11:22:54,14.74,0.009999999999999787,1,1474.0,жпптел
1820,11:22:57,14.73,-0.009999999999999787,2,2946.0,бТел
1821,11:23:00,14.73,0.0,72,106067.0,бТел
1822,11:23:03,14.73,0.0,86,126678.0,бТел
1823,11:23:06,14.73,0.0,145,213585.0,бТел
1824,11:23:09,14.73,0.0,1,1473.0,бРел
1825,11:23:12,14.72,-0.009999999999999787,16,23552.0,бТел
1826,11:23:15,14.72,0.0,26,38272.0,бТел
1827,11:23:18,14.72,0.0,70,103052.0,бРел
1828,11:23:21,14.72,0.0,3,4416.0,бТел
1829,11:23:24,14.71,-0.009999999999999787,5,7359.0,бТел
1830,11:23:27,14.72,0.009999999999999787,84,123648.0,жпптел
1831,11:23:30,14.71,-0.009999999999999787,11,16181.0,бТел
1832,11:23:33,14.72,0.009999999999999787,9,13248.0,бРел
1833,11:23:36,14.71,-0.009999999999999787,2,2942.0,бТел
1834,11:23:39,14.71,0.0,1,1471.0,бТел
1835,11:23:42,14.71,0.0,20,29420.0,бТел
1836,11:23:51,14.71,0.0,72,105912.0,бТел
1837,11:23:54,14.72,0.009999999999999787,58,85364.0,бРел
1838,11:23:57,14.71,-0.009999999999999787,8,11768.0,бТел
1839,11:24:00,14.71,0.0,94,138274.0,бТел
1840,11:24:03,14.71,0.0,9,13239.0,бРел
1841,11:24:06,14.7,-0.010000000000001563,25,36770.0,бТел
1842,11:24:09,14.71,0.010000000000001563,22,32355.0,бРел
1843,11:24:12,14.7,-0.010000000000001563,150,220535.0,бТел
1844,11:24:15,14.7,0.0,11,16304.299999982119,бТел
1845,11:24:18,14.7,0.0,53,77925.09000000358,бРел
1846,11:24:21,14.69,-0.009999999999999787,1,1469.0,бТел
1847,11:24:24,14.7,0.009999999999999787,25,36750.0,бРел
1848,11:24:27,14.7,0.0,31,45558.0,бРел
1849,11:24:33,14.7,0.0,20,29400.0,бРел
1850,11:24:36,14.7,0.0,10,14699.0,бРел
1851,11:24:39,14.69,-0.009999999999999787,30,44086.0,бТел
1852,11:24:42,14.69,0.0,8,11755.0,бТел
1853,11:24:45,14.7,0.009999999999999787,7,10289.0,бРел
1854,11:24:51,14.7,0.0,5,7350.0,бРел
1855,11:24:54,14.69,-0.009999999999999787,64,94078.0,бТел
1856,11:24:57,14.7,0.009999999999999787,112,164540.0,бРел
1857,11:25:00,14.69,-0.009999999999999787,40,58783.0,бТел
1858,11:25:06,14.7,0.009999999999999787,2,2940.0,бТел
1859,11:25:09,14.69,-0.009999999999999787,54,79378.0,бТел
1860,11:25:12,14.71,0.02000000000000135,27,39694.0,бРел
1861,11:25:15,14.71,0.0,7,10295.0,бРел
1862,11:25:18,14.72,0.009999999999999787,41,60321.090000003576,бРел
1863,11:25:21,14.7,-0.02000000000000135,10,14700.0,бТел
1864,11:25:27,14.71,0.010000000000001563,2,2942.0,бТел
1865,11:25:30,14.72,0.009999999999999787,46,67702.0,бРел
1866,11:25:33,14.74,0.019999999999999574,82,120799.18000000715,бРел
1867,11:25:36,14.72,-0.019999999999999574,3,4414.0,жпптел
1868,11:25:39,14.71,-0.009999999999999787,10,14717.0,бТел
1869,11:25:42,14.73,0.019999999999999574,22,32406.0,бТел
1870,11:25:48,14.74,0.009999999999999787,7,10318.0,бРел
1871,11:25:51,14.74,0.0,3,4422.0,бРел
1872,11:25:54,14.74,0.0,5,7370.0,бРел
1873,11:25:57,14.74,0.0,11,16207.0,бРел
1874,11:26:00,14.74,0.0,5,7370.0,бРел
1875,11:26:03,14.74,0.0,5,7370.0,бРел
1876,11:26:06,14.73,-0.009999999999999787,4,5895.0,бТел
1877,11:26:09,14.74,0.009999999999999787,5,7370.0,бРел
1878,11:26:15,14.74,0.0,106,157585.34000000358,бРел
1879,11:26:18,14.74,0.0,4,5896.0,бТел
1880,11:26:21,14.74,0.0,1,1474.0,бТел
1881,11:26:24,14.74,0.0,18,26664.659999996424,бТел
1882,11:26:27,14.74,0.0,2,2948.0,бРел
1883,11:26:33,14.73,-0.009999999999999787,10,14730.0,бТел
1884,11:26:36,14.73,0.0,3,4421.0,бТел
1885,11:26:39,14.74,0.009999999999999787,45,66305.0,бРел
1886,11:26:48,14.74,0.0,18,26532.0,бРел
1887,11:26:51,14.74,0.0,32,47168.0,бРел
1888,11:26:54,14.74,0.0,38,55991.0,бРел
1889,11:26:57,14.72,-0.019999999999999574,14,20616.0,бТел
1890,11:27:03,14.73,0.009999999999999787,1,1473.0,бРел
1891,11:27:06,14.72,-0.009999999999999787,39,57445.0,бТел
1892,11:27:12,14.73,0.009999999999999787,1,1473.0,бРел
1893,11:27:15,14.72,-0.009999999999999787,18,26512.0,бТел
1894,11:27:18,14.74,0.019999999999999574,96,142841.34000000358,бРел
1895,11:27:21,14.74,0.0,20,29480.0,бТел
1896,11:27:24,14.74,0.0,66,97284.0,бТел
1897,11:27:27,14.74,0.0,1,1474.0,бТел
1898,11:27:30,14.73,-0.009999999999999787,38,56001.090000003576,бТел
1899,11:27:33,14.74,0.009999999999999787,38,56012.0,бРел
1900,11:27:36,14.74,0.0,15,22110.0,бРел
1901,11:27:39,14.74,0.0,26,38324.0,бРел
1902,11:27:45,14.74,0.0,9,13266.0,бРел
1903,11:27:48,14.74,0.0,25,36850.0,бРел
1904,11:27:51,14.74,0.0,97,142955.0,бРел
1905,11:27:54,14.75,0.009999999999999787,10,14742.0,бРел
1906,11:27:57,14.74,-0.009999999999999787,1,1474.0,бТел
1907,11:28:00,14.75,0.009999999999999787,28,41295.0,бРел
1908,11:28:06,14.75,0.0,112,165134.0,бРел
1909,11:28:09,14.75,0.0,63,92925.0,бРел
1910,11:28:12,14.75,0.0,40,59000.0,бРел
1911,11:28:15,14.75,0.0,8,11800.0,бРел
1912,11:28:18,14.75,0.0,20,29500.0,бТел
1913,11:28:21,14.75,0.0,73,107675.0,бТел
1914,11:28:24,14.75,0.0,23,33925.0,бТел
1915,11:28:27,14.76,0.009999999999999787,43,63449.0,бРел
1916,11:28:30,14.76,0.0,5,7380.0,бРел
1917,11:28:33,14.76,0.0,18,26568.0,бРел
1918,11:28:36,14.75,-0.009999999999999787,157,231752.0,бТел
1919,11:28:42,14.75,0.0,63,92961.0,бТел
1920,11:28:45,14.75,0.0,26,38340.0,бРел
1921,11:28:48,14.75,0.0,24,35400.0,бРел
1922,11:28:51,14.75,0.0,30,44254.0,бТел
1923,11:28:54,14.76,0.009999999999999787,8,11808.0,бТел
1924,11:28:57,14.79,0.02999999999999936,217,320698.0,бРел
1925,11:29:00,14.76,-0.02999999999999936,57,84288.0,бТел
1926,11:29:03,14.76,0.0,15,22145.0,бТел
1927,11:29:06,14.77,0.009999999999999787,43,63511.0,бРел
1928,11:29:09,14.79,0.019999999999999574,10,14790.0,бРел
1929,11:29:15,14.8,0.010000000000001563,91,134680.0,бРел
1930,11:29:18,14.77,-0.030000000000001137,20,29542.0,бТел
1931,11:29:21,14.79,0.019999999999999574,14,20706.0,жпптел
1932,11:29:24,14.79,0.0,45,66555.0,бРел
1933,11:29:27,14.77,-0.019999999999999574,55,81217.0,бТел
1934,11:29:30,14.77,0.0,28,41388.0,бТел
1935,11:29:33,14.79,0.019999999999999574,6,8874.0,жпптел
1936,11:29:42,14.8,0.010000000000001563,17,25160.0,бРел
1937,11:29:48,14.8,0.0,202,298911.0,бРел
1938,11:29:51,14.8,0.0,34,50320.0,бТел
1939,11:29:54,14.81,0.009999999999999787,50,74032.0,бРел
1940,11:29:57,14.8,-0.009999999999999787,5,7400.0,бТел
1941,11:30:00,14.81,0.009999999999999787,26,38506.0,бРел
1942,11:30:03,14.81,0.0,3,4443.0,бТел
1943,13:00:06,14.86,0.049999999999998934,487,723478.0,бРел
1944,13:00:09,14.85,-0.009999999999999787,551,818460.0,бТел
1945,13:00:15,14.85,0.0,33,49051.0,бТел
1946,13:00:18,14.87,0.019999999999999574,41,60952.0,бРел
1947,13:00:21,14.87,0.0,63,93681.0,бРел
1948,13:00:24,14.86,-0.009999999999999787,42,62412.0,жпптел
1949,13:00:27,14.87,0.009999999999999787,8,11891.0,бРел
1950,13:00:30,14.88,0.010000000000001563,96,142744.0,бРел
1951,13:00:33,14.87,-0.010000000000001563,213,316885.0,жпптел
1952,13:00:36,14.87,0.0,30,44610.0,бТел
1953,13:00:39,14.89,0.02000000000000135,293,436204.0,бРел
1954,13:00:42,14.88,-0.009999999999999787,67,99696.0,жпптел
1955,13:00:45,14.89,0.009999999999999787,125,186091.0,бРел
1956,13:00:48,14.88,-0.009999999999999787,130,193568.0,бТел
1957,13:00:54,14.9,0.019999999999999574,73,108769.0,бРел
1958,13:00:57,14.9,0.0,142,211490.0,бРел
1959,13:01:00,14.89,-0.009999999999999787,139,207107.0,бТел
1960,13:01:03,14.88,-0.009999999999999787,56,83360.0,жпптел
1961,13:01:06,14.9,0.019999999999999574,316,470714.0,бРел
1962,13:01:09,14.89,-0.009999999999999787,103,153457.0,бТел
1963,13:01:12,14.87,-0.02000000000000135,25,37203.0,бТел
1964,13:01:15,14.87,0.0,60,89220.0,бРел
1965,13:01:18,14.87,0.0,62,92186.0,бРел
1966,13:01:21,14.87,0.0,72,107124.0,бРел
1967,13:01:24,14.88,0.010000000000001563,214,318333.0,бРел
1968,13:01:27,14.88,0.0,171,254448.0,бТел
1969,13:01:30,14.87,-0.010000000000001563,336,499640.0,бТел
1970,13:01:33,14.86,-0.009999999999999787,55,81757.0,бТел
1971,13:01:36,14.85,-0.009999999999999787,21,31205.0,бТел
1972,13:01:39,14.85,0.0,37,54955.0,бТел
1973,13:01:42,14.86,0.009999999999999787,9,13374.0,бРел
1974,13:01:45,14.85,-0.009999999999999787,42,62370.0,бТел
1975,13:01:51,14.83,-0.019999999999999574,87,129175.0,бТел
1976,13:01:57,14.84,0.009999999999999787,237,351506.0,бРел
1977,13:02:00,14.82,-0.019999999999999574,559,828602.0,бТел
1978,13:02:03,14.83,0.009999999999999787,304,451354.0,жпптел
1979,13:02:06,14.83,0.0,19,28176.0,бРел
1980,13:02:09,14.82,-0.009999999999999787,142,210588.0,бТел
1981,13:02:12,14.82,0.0,39,57836.0,бТел
1982,13:02:15,14.83,0.009999999999999787,2,2966.0,жпптел
1983,13:02:18,14.82,-0.009999999999999787,5,7410.0,бТел
1984,13:02:21,14.82,0.0,20,29640.0,бТел
1985,13:02:24,14.82,0.0,9,13339.0,бТел
1986,13:02:27,14.83,0.009999999999999787,33,48927.0,бРел
1987,13:02:30,14.81,-0.019999999999999574,6,8886.0,бТел
1988,13:02:33,14.82,0.009999999999999787,13,19266.0,бРел
1989,13:02:36,14.81,-0.009999999999999787,171,253408.0,бТел
1990,13:02:39,14.81,0.0,6,8886.0,бРел
1991,13:02:42,14.81,0.0,63,93303.0,бРел
1992,13:02:48,14.82,0.009999999999999787,3,4446.0,бРел
1993,13:02:54,14.81,-0.009999999999999787,5,7405.0,бТел
1994,13:02:57,14.81,0.0,48,71116.0,бТел
1995,13:03:00,14.81,0.0,231,342157.0,бТел
1996,13:03:03,14.81,0.0,43,63683.0,бРел
1997,13:03:06,14.83,0.019999999999999574,58,85951.0,бРел
1998,13:03:09,14.81,-0.019999999999999574,85,125960.0,бТел
1999,13:03:12,14.82,0.009999999999999787,58,85901.0,бРел
2000,13:03:15,14.8,-0.019999999999999574,70,103600.0,бТел
2001,13:03:18,14.82,0.019999999999999574,13,19266.0,жпптел
2002,13:03:21,14.8,-0.019999999999999574,6,8882.0,бТел
2003,13:03:24,14.81,0.009999999999999787,10,14810.0,бРел
2004,13:03:27,14.8,-0.009999999999999787,42,62171.0,бТел
2005,13:03:30,14.8,0.0,136,201280.0,бТел
2006,13:03:33,14.81,0.009999999999999787,3,4443.0,бРел
2007,13:03:36,14.8,-0.009999999999999787,82,121431.0,бТел
2008,13:03:39,14.8,0.0,47,69571.0,бТел
2009,13:03:45,14.82,0.019999999999999574,90,133297.0,бРел
2010,13:03:48,14.81,-0.009999999999999787,2,2962.0,бТел
2011,13:03:51,14.81,0.0,60,88860.0,бТел
2012,13:03:54,14.81,0.0,49,72594.0,бТел
2013,13:03:57,14.81,0.0,14,20734.0,бТел
2014,13:04:00,14.81,0.0,6,8886.0,бРел
2015,13:04:03,14.81,0.0,16,23693.0,бРел
2016,13:04:06,14.81,0.0,42,62202.0,бРел
2017,13:04:09,14.81,0.0,76,112549.0,бРел
2018,13:04:12,14.82,0.009999999999999787,165,244448.0,бРел
2019,13:04:15,14.82,0.0,14,20738.0,бРел
2020,13:04:18,14.82,0.0,1,1482.0,бТел
2021,13:04:21,14.82,0.0,10,14820.0,бТел
2022,13:04:24,14.83,0.009999999999999787,15,22245.0,бРел
2023,13:04:27,14.82,-0.009999999999999787,3,4446.0,бТел
2024,13:04:30,14.82,0.0,12,17788.0,бТел
2025,13:04:33,14.83,0.009999999999999787,7,10381.0,бРел
2026,13:04:45,14.82,-0.009999999999999787,4,5929.0,бТел
2027,13:04:48,14.82,0.0,11,16308.0,бТел
2028,13:04:51,14.82,0.0,91,134926.0,бТел
2029,13:04:54,14.83,0.009999999999999787,106,157067.0,бРел
2030,13:05:00,14.82,-0.009999999999999787,10,14820.0,бТел
2031,13:05:03,14.82,0.0,59,87402.0,бТел
2032,13:05:06,14.82,0.0,16,23712.0,бРел
2033,13:05:09,14.83,0.009999999999999787,59,87463.0,бРел
2034,13:05:12,14.81,-0.019999999999999574,15,22227.0,бТел
2035,13:05:15,14.81,0.0,2,2962.0,бТел
2036,13:05:18,14.84,0.02999999999999936,12,17795.0,бРел
2037,13:05:21,14.8,-0.03999999999999915,40,59268.0,бТел
2038,13:05:24,14.8,0.0,17,25178.0,бТел
2039,13:05:27,14.81,0.009999999999999787,2,2962.0,бРел
2040,13:05:30,14.81,0.0,19,28122.0,бРел
2041,13:05:33,14.8,-0.009999999999999787,206,304888.0,бТел
2042,13:05:36,14.8,0.0,12,17770.0,бТел
2043,13:05:42,14.8,0.0,166,245680.0,бТел
2044,13:05:45,14.78,-0.02000000000000135,360,532436.0,бТел
2045,13:05:48,14.79,0.009999999999999787,18,26622.0,бРел
2046,13:05:51,14.78,-0.009999999999999787,144,212967.0,бТел
2047,13:05:54,14.77,-0.009999999999999787,49,72383.0,бТел
2048,13:05:57,14.77,0.0,4,5908.0,бРел
2049,13:06:00,14.77,0.0,3,4431.0,бРел
2050,13:06:03,14.76,-0.009999999999999787,21,30997.0,бТел
2051,13:06:06,14.76,0.0,5,7384.0,бТел
2052,13:06:09,14.77,0.009999999999999787,65,95972.0,бРел
2053,13:06:12,14.77,0.0,54,79758.0,бТел
2054,13:06:15,14.75,-0.019999999999999574,119,175626.0,бТел
2055,13:06:18,14.76,0.009999999999999787,2,2952.0,жпптел
2056,13:06:21,14.77,0.009999999999999787,12,17720.0,бРел
2057,13:06:27,14.76,-0.009999999999999787,10,14760.0,бТел
2058,13:06:30,14.75,-0.009999999999999787,14,20655.0,бТел
2059,13:06:33,14.76,0.009999999999999787,5,7380.0,бРел
2060,13:06:36,14.76,0.0,3,4426.0,бРел
2061,13:06:42,14.75,-0.009999999999999787,1,1475.0,бТел
2062,13:06:45,14.75,0.0,12,17701.0,бТел
2063,13:06:48,14.75,0.0,19,28029.0,бТел
2064,13:06:51,14.75,0.0,58,85550.0,бТел
2065,13:06:54,14.75,0.0,52,76700.0,бТел
2066,13:06:57,14.75,0.0,23,33929.0,бТел
2067,13:07:00,14.75,0.0,34,50161.0,бРел
2068,13:07:06,14.75,0.0,41,60439.0,бРел
2069,13:07:09,14.75,0.0,32,47186.0,бРел
2070,13:07:12,14.75,0.0,46,67850.0,бРел
2071,13:07:15,14.75,0.0,4,5900.0,бТел
2072,13:07:18,14.75,0.0,5,7375.0,бТел
2073,13:07:21,14.78,0.02999999999999936,149,220067.0,бРел
2074,13:07:24,14.78,0.0,14,20692.0,бТел
2075,13:07:33,14.79,0.009999999999999787,3,4437.0,бРел
2076,13:07:39,14.79,0.0,46,68040.0,бТел
2077,13:07:45,14.8,0.010000000000001563,21,31060.0,бРел
2078,13:07:48,14.79,-0.010000000000001563,61,90219.0,бТел
2079,13:07:51,14.81,0.02000000000000135,55,81413.0,бРел
2080,13:07:57,14.81,0.0,86,127384.0,бТел
2081,13:08:00,14.81,0.0,23,34063.0,бТел
2082,13:08:03,14.8,-0.009999999999999787,17,25168.0,бТел
2083,13:08:06,14.81,0.009999999999999787,38,56275.0,бРел
2084,13:08:12,14.78,-0.030000000000001137,74,109428.0,бТел
2085,13:08:15,14.79,0.009999999999999787,40,59160.0,бРел
2086,13:08:18,14.79,0.0,20,29580.0,бТел
2087,13:08:21,14.79,0.0,6,8874.0,бТел
2088,13:08:24,14.79,0.0,5,7395.0,бРел
2089,13:08:27,14.79,0.0,80,118332.0,бРел
2090,13:08:30,14.79,0.0,19,28101.0,бРел
2091,13:08:36,14.79,0.0,51,75444.0,бРел
2092,13:08:39,14.78,-0.009999999999999787,1,1478.0,бТел
2093,13:08:42,14.78,0.0,116,171448.0,бТел
2094,13:08:48,14.76,-0.019999999999999574,32,47292.0,бТел
2095,13:08:54,14.78,0.019999999999999574,12,17726.0,бРел
2096,13:08:57,14.76,-0.019999999999999574,50,73800.0,бТел
2097,13:09:00,14.78,0.019999999999999574,79,116710.0,бРел
2098,13:09:06,14.76,-0.019999999999999574,22,32472.0,бТел
2099,13:09:09,14.76,0.0,4,5905.0,бТел
2100,13:09:12,14.77,0.009999999999999787,7,10339.0,бРел
2101,13:09:15,14.77,0.0,4,5908.0,бРел
2102,13:09:18,14.76,-0.009999999999999787,47,69372.0,бТел
2103,13:09:21,14.76,0.0,2,2952.0,бРел
2104,13:09:24,14.76,0.0,3,4428.0,бРел
2105,13:09:27,14.76,0.0,22,32472.0,бРел
2106,13:09:36,14.75,-0.009999999999999787,18,26552.0,бТел
2107,13:09:42,14.75,0.0,14,20650.0,бТел
2108,13:09:45,14.76,0.009999999999999787,325,479700.0,бРел
2109,13:09:48,14.76,0.0,10,14760.0,бТел
2110,13:09:51,14.76,0.0,1,1476.0,бТел
2111,13:09:54,14.77,0.009999999999999787,4,5908.0,бРел
2112,13:09:57,14.77,0.0,31,45787.0,бТел
2113,13:10:03,14.77,0.0,55,81244.0,бТел
2114,13:10:06,14.8,0.030000000000001137,62,91723.0,бРел
2115,13:10:09,14.81,0.009999999999999787,29,42923.0,бРел
2116,13:10:12,14.81,0.0,148,219047.0,бРел
2117,13:10:15,14.81,0.0,30,44430.0,бРел
2118,13:10:18,14.83,0.019999999999999574,41,60765.0,бРел
2119,13:10:21,14.81,-0.019999999999999574,2,2962.0,бТел
2120,13:10:30,14.84,0.02999999999999936,24,35586.0,бРел
2121,13:10:33,14.83,-0.009999999999999787,46,68218.0,бТел
2122,13:10:36,14.82,-0.009999999999999787,21,31157.0,бТел
2123,13:10:39,14.83,0.009999999999999787,79,117228.0,жпптел
2124,13:10:42,14.83,0.0,9,13350.0,бТел
2125,13:10:45,14.83,0.0,69,102448.0,бТел
2126,13:10:48,14.86,0.02999999999999936,13,19304.0,бРел
2127,13:10:51,14.84,-0.019999999999999574,41,60865.0,бТел
2128,13:10:54,14.86,0.019999999999999574,25,37120.0,бРел
2129,13:10:57,14.83,-0.02999999999999936,10,14830.0,бТел
2130,13:11:00,14.86,0.02999999999999936,29,43081.0,бРел
2131,13:11:03,14.86,0.0,19,28235.0,бТел
2132,13:11:09,14.86,0.0,60,89180.0,бТел
2133,13:11:12,14.87,0.009999999999999787,43,63971.0,бРел
2134,13:11:15,14.87,0.0,1,1487.0,бТел
2135,13:11:18,14.88,0.010000000000001563,47,69901.0,бРел
2136,13:11:21,14.9,0.019999999999999574,218,324584.0,бРел
2137,13:11:30,14.92,0.019999999999999574,42,62654.0,бРел
2138,13:11:33,14.91,-0.009999999999999787,16,23846.0,бТел
2139,13:11:36,14.92,0.009999999999999787,292,435469.0,бРел
2140,13:11:39,14.91,-0.009999999999999787,88,131222.0,бТел
2141,13:11:42,14.93,0.019999999999999574,633,944911.0,бРел
2142,13:11:45,14.93,0.0,45,67187.0,бТел
2143,13:11:48,14.93,0.0,29,43299.0,бТел
2144,13:11:51,14.94,0.009999999999999787,260,388421.0,бРел
2145,13:11:54,14.94,0.0,198,296006.0,жпптел
2146,13:11:57,14.95,0.009999999999999787,85,127065.0,бРел
2147,13:12:00,14.95,0.0,251,375245.0,бРел
2148,13:12:03,14.96,0.010000000000001563,83,124104.0,бРел
2149,13:12:06,14.96,0.0,210,313991.0,бРел
2150,13:12:09,14.97,0.009999999999999787,226,338283.0,бРел
2151,13:12:12,14.97,0.0,43,64389.0,бТел
2152,13:12:15,14.97,0.0,85,127265.0,бТел
2153,13:12:18,14.97,0.0,105,157183.0,бТел
2154,13:12:21,14.97,0.0,368,551214.0,бРел
2155,13:12:27,14.98,0.009999999999999787,248,371167.0,бРел
2156,13:12:30,14.96,-0.019999999999999574,48,71807.0,бТел
2157,13:12:33,14.97,0.009999999999999787,153,229024.0,бРел
2158,13:12:36,14.97,0.0,619,927315.0,бРел
2159,13:12:39,14.97,0.0,752,1127731.0,бТел
2160,13:12:42,14.98,0.009999999999999787,53,79380.0,бРел
2161,13:12:45,14.98,0.0,362,541546.0,бРел
2162,13:12:48,14.97,-0.009999999999999787,18,26912.0,жпптел
2163,13:12:51,14.97,0.0,105,157242.0,бТел
2164,13:12:54,14.96,-0.009999999999999787,46,68852.0,бТел
2165,13:12:57,14.96,0.0,64,95789.0,бТел
2166,13:13:00,14.97,0.009999999999999787,32,47874.0,бРел
2167,13:13:03,14.96,-0.009999999999999787,167,249832.0,бТел
2168,13:13:06,14.95,-0.010000000000001563,119,177849.0,бТел
2169,13:13:09,14.95,0.0,33,49314.0,бРел
2170,13:13:12,14.94,-0.009999999999999787,66,98617.0,бТел
2171,13:13:15,14.93,-0.009999999999999787,67,100084.0,бТел
2172,13:13:18,14.92,-0.009999999999999787,1034,1542898.0,бТел
2173,13:13:24,14.92,0.0,151,225228.0,бТел
2174,13:13:30,14.89,-0.02999999999999936,166,247329.0,бТел
2175,13:13:36,14.89,0.0,133,198080.0,бРел
2176,13:13:39,14.9,0.009999999999999787,45,67023.0,бРел
2177,13:13:42,14.9,0.0,74,110210.0,бРел
2178,13:13:45,14.89,-0.009999999999999787,7,10423.0,бТел
2179,13:13:48,14.9,0.009999999999999787,135,201136.0,бРел
2180,13:13:51,14.9,0.0,32,47680.0,бТел
2181,13:13:57,14.91,0.009999999999999787,92,137088.0,бРел
2182,13:14:00,14.9,-0.009999999999999787,27,40230.0,бТел
2183,13:14:03,14.9,0.0,119,177313.0,бТел
2184,13:14:06,14.9,0.0,46,68561.0,бРел
2185,13:14:09,14.9,0.0,18,26826.0,бТел
2186,13:14:12,14.9,0.0,6,8940.0,бТел
2187,13:14:15,14.89,-0.009999999999999787,282,420166.0,бТел
2188,13:14:21,14.9,0.009999999999999787,66,98294.0,бРел
2189,13:14:24,14.9,0.0,22,32780.0,бРел
2190,13:14:27,14.9,0.0,9,13410.0,бРел
2191,13:14:30,14.91,0.009999999999999787,294,438126.0,бРел
2192,13:14:33,14.9,-0.009999999999999787,134,199813.0,бТел
2193,13:14:36,14.89,-0.009999999999999787,120,178779.0,бТел
2194,13:14:39,14.91,0.019999999999999574,42,62597.0,бРел
2195,13:14:42,14.92,0.009999999999999787,13,19396.0,бРел
2196,13:14:45,14.9,-0.019999999999999574,35,52184.0,бТел
2197,13:14:48,14.89,-0.009999999999999787,38,56627.0,бТел
2198,13:14:51,14.9,0.009999999999999787,8,11917.0,бРел
2199,13:14:54,14.89,-0.009999999999999787,42,62556.0,бТел
2200,13:14:57,14.92,0.02999999999999936,69,102903.0,бРел
2201,13:15:00,14.91,-0.009999999999999787,104,154880.0,бРел
2202,13:15:03,14.91,0.0,221,329511.0,бРел
2203,13:15:06,14.91,0.0,83,123823.0,бТел
2204,13:15:09,14.91,0.0,40,59640.0,бТел
2205,13:15:12,14.9,-0.009999999999999787,41,61120.0,бТел
2206,13:15:15,14.91,0.009999999999999787,61,90957.0,бРел
2207,13:15:21,14.9,-0.009999999999999787,61,90901.0,бТел
2208,13:15:24,14.9,0.0,16,23840.0,бТел
2209,13:15:27,14.91,0.009999999999999787,15,22351.0,бРел
2210,13:15:30,14.9,-0.009999999999999787,70,104317.0,жпптел
2211,13:15:33,14.89,-0.009999999999999787,10,14890.0,бТел
2212,13:15:36,14.89,0.0,32,47648.0,бТел
2213,13:15:39,14.89,0.0,28,41673.0,бТел
2214,13:15:42,14.88,-0.009999999999999787,215,319920.0,бТел
2215,13:15:48,14.88,0.0,40,59520.0,бТел
2216,13:15:51,14.88,0.0,38,56544.0,бРел
2217,13:15:54,14.87,-0.010000000000001563,37,55019.0,бТел
2218,13:15:57,14.89,0.02000000000000135,181,269381.0,бРел
2219,13:16:00,14.87,-0.02000000000000135,9,13383.0,бТел
2220,13:16:06,14.86,-0.009999999999999787,35,52040.0,бТел
2221,13:16:09,14.89,0.030000000000001137,162,241022.0,бРел
2222,13:16:12,14.87,-0.02000000000000135,120,178306.0,бРел
2223,13:16:18,14.85,-0.019999999999999574,5,7425.0,бТел
2224,13:16:21,14.87,0.019999999999999574,70,104072.0,бРел
2225,13:16:24,14.87,0.0,2,2974.0,бРел
2226,13:16:27,14.87,0.0,61,90697.0,бРел
2227,13:16:30,14.87,0.0,10,14869.0,бРел
2228,13:16:33,14.87,0.0,3,4461.0,бТел
2229,13:16:36,14.87,0.0,22,32717.0,бТел
2230,13:16:42,14.87,0.0,2,2974.0,бТел
2231,13:16:48,14.89,0.02000000000000135,53,78917.0,бРел
2232,13:16:51,14.89,0.0,10,14890.0,бТел
2233,13:16:54,14.89,0.0,13,19357.0,бТел
2234,13:16:57,14.9,0.009999999999999787,28,41715.0,бРел
2235,13:17:00,14.89,-0.009999999999999787,2,2979.0,бТел
2236,13:17:03,14.9,0.009999999999999787,130,193700.0,бРел
2237,13:17:12,14.9,0.0,208,310147.0,бТел
2238,13:17:15,14.92,0.019999999999999574,3,4476.0,бРел
2239,13:17:18,14.91,-0.009999999999999787,4,5963.0,бТел
2240,13:17:21,14.91,0.0,77,114799.0,бТел
2241,13:17:24,14.93,0.019999999999999574,370,552224.0,бРел
2242,13:17:27,14.93,0.0,48,71686.0,бТел
2243,13:17:33,14.93,0.0,21,31353.0,бТел
2244,13:17:36,14.95,0.019999999999999574,164,245131.0,бРел
2245,13:17:39,14.95,0.0,106,158500.0,бТел
2246,13:17:42,14.95,0.0,78,116643.0,бТел
2247,13:17:45,14.95,0.0,131,195899.0,бТел
2248,13:17:48,14.97,0.02000000000000135,103,154131.0,бРел
2249,13:17:51,14.96,-0.009999999999999787,125,187087.0,бТел
2250,13:17:54,14.96,0.0,133,198996.0,бТел
2251,13:17:57,14.98,0.019999999999999574,60,89827.0,бРел
2252,13:18:00,14.98,0.0,69,103352.0,бРел
2253,13:18:03,14.98,0.0,98,146747.0,бРел
2254,13:18:09,15.0,0.019999999999999574,527,789774.0,бРел
2255,13:18:12,15.0,0.0,25,37477.0,бРел
2256,13:18:15,14.99,-0.009999999999999787,135,202433.0,бТел
2257,13:18:18,15.0,0.009999999999999787,257,385449.0,бРел
2258,13:18:21,15.0,0.0,341,511160.0,бРел
2259,13:18:24,15.0,0.0,38,57000.0,бРел
2260,13:18:27,15.0,0.0,173,259403.0,бРел
2261,13:18:30,15.01,0.009999999999999787,215,322494.0,бРел
2262,13:18:33,15.01,0.0,165,247574.0,бРел
2263,13:18:36,15.0,-0.009999999999999787,32,48022.0,бТел
2264,13:18:39,15.01,0.009999999999999787,206,309076.0,бРел
2265,13:18:42,15.01,0.0,211,316834.0,бТел
2266,13:18:45,15.02,0.009999999999999787,60,90120.0,бРел
2267,13:18:48,15.02,0.0,76,114109.0,бРел
2268,13:18:51,15.04,0.019999999999999574,258,387606.0,бРел
2269,13:18:54,15.04,0.0,52,78217.0,бРел
2270,13:18:57,15.03,-0.009999999999999787,80,120246.0,бТел
2271,13:19:00,15.04,0.009999999999999787,98,147370.0,бРел
2272,13:19:03,15.05,0.010000000000001563,464,697541.0,бРел
2273,13:19:09,15.04,-0.010000000000001563,235,353555.0,бТел
2274,13:19:12,15.05,0.010000000000001563,111,166961.0,бРел
2275,13:19:15,15.04,-0.010000000000001563,247,371550.0,бТел
2276,13:19:18,15.04,0.0,170,255736.0,бТел
2277,13:19:21,15.04,0.0,242,364008.0,бТел
2278,13:19:24,15.0,-0.03999999999999915,1728,2595211.0,бТел
2279,13:19:27,14.99,-0.009999999999999787,54,80996.0,бТел
2280,13:19:30,15.0,0.009999999999999787,201,301425.0,бРел
2281,13:19:33,15.0,0.0,42,62928.0,бРел
2282,13:19:36,14.99,-0.009999999999999787,105,157307.0,жпптел
2283,13:19:39,14.98,-0.009999999999999787,103,154295.0,бТел
2284,13:19:42,14.97,-0.009999999999999787,32,47930.0,бТел
2285,13:19:45,14.95,-0.02000000000000135,161,240974.0,бТел
2286,13:19:48,14.96,0.010000000000001563,148,220840.0,бРел
2287,13:19:51,14.91,-0.05000000000000071,3,4481.0,жпптел
2288,13:19:54,14.95,0.03999999999999915,67,100003.0,бРел
2289,13:19:57,14.94,-0.009999999999999787,68,101256.0,жпптел
2290,13:20:00,14.96,0.02000000000000135,32,47829.0,бРел
2291,13:20:03,14.91,-0.05000000000000071,61,91029.0,бТел
2292,13:20:09,14.95,0.03999999999999915,117,174778.0,бРел
2293,13:20:12,14.94,-0.009999999999999787,12,17927.0,бРел
2294,13:20:15,14.93,-0.009999999999999787,45,67230.0,бТел
2295,13:20:18,14.94,0.009999999999999787,71,106048.0,бРел
2296,13:20:21,14.91,-0.02999999999999936,37,55231.0,бТел
2297,13:20:24,14.94,0.02999999999999936,174,259504.0,бРел
2298,13:20:27,14.94,0.0,33,49290.0,бРел
2299,13:20:30,14.93,-0.009999999999999787,15,22395.0,бТел
2300,13:20:33,14.95,0.019999999999999574,13,19425.0,бРел
2301,13:20:36,14.94,-0.009999999999999787,229,342145.0,жпптел
2302,13:20:39,14.94,0.0,153,228582.0,бТел
2303,13:20:42,14.94,0.0,51,76214.0,бТел
2304,13:20:45,14.94,0.0,90,134526.0,бТел
2305,13:20:48,14.95,0.009999999999999787,261,390195.0,бТел
2306,13:20:51,14.95,0.0,70,104640.0,бРел
2307,13:20:54,14.95,0.0,171,255554.0,бРел
2308,13:20:57,14.94,-0.009999999999999787,85,127024.0,бТел
2309,13:21:03,14.94,0.0,179,267452.0,бТел
2310,13:21:06,14.95,0.009999999999999787,203,303460.0,бРел
2311,13:21:09,14.95,0.0,6,8970.0,бТел
2312,13:21:12,14.95,0.0,282,421860.0,бТел
2313,13:21:15,14.96,0.010000000000001563,5,7480.0,бРел
2314,13:21:18,14.96,0.0,110,164494.0,жпптел
2315,13:21:21,14.96,0.0,107,160078.0,бТел
2316,13:21:27,14.95,-0.010000000000001563,199,297847.0,бТел
2317,13:21:30,14.96,0.010000000000001563,89,133138.0,бРел
2318,13:21:33,14.96,0.0,27,40383.0,бРел
2319,13:21:36,14.95,-0.010000000000001563,157,234799.0,бТел
2320,13:21:39,14.97,0.02000000000000135,160,239385.0,бРел
2321,13:21:42,14.95,-0.02000000000000135,13,19441.0,бТел
2322,13:21:45,14.96,0.010000000000001563,102,152617.0,бТел
2323,13:21:48,14.96,0.0,221,330791.0,бТел
2324,13:21:51,14.97,0.009999999999999787,97,145147.0,бРел
2325,13:21:54,14.96,-0.009999999999999787,40,59860.0,бТел
2326,13:22:00,14.96,0.0,120,179540.0,бТел
2327,13:22:03,14.96,0.0,27,40392.0,бРел
2328,13:22:06,14.96,0.0,79,118139.0,бРел
2329,13:22:09,14.96,0.0,173,258807.0,бРел
2330,13:22:12,14.97,0.009999999999999787,55,82296.0,бРел
2331,13:22:15,14.96,-0.009999999999999787,173,258809.0,бТел
2332,13:22:18,14.97,0.009999999999999787,95,142157.0,бРел
2333,13:22:21,14.97,0.0,134,200480.0,бРел
2334,13:22:24,14.97,0.0,155,232035.0,бТел
2335,13:22:27,14.97,0.0,63,94311.0,бТел
2336,13:22:30,14.97,0.0,2,2994.0,бТел
2337,13:22:33,14.98,0.009999999999999787,50,74899.0,бРел
2338,13:22:36,14.98,0.0,54,80842.0,бРел
2339,13:22:39,14.97,-0.009999999999999787,74,110820.0,бТел
2340,13:22:42,14.98,0.009999999999999787,25,37450.0,бРел
2341,13:22:45,14.98,0.0,73,109364.0,бТел
2342,13:22:48,14.98,0.0,79,118342.0,бТел
2343,13:22:51,14.98,0.0,1,1498.0,бТел
2344,13:22:57,14.98,0.0,86,128829.0,бТел
2345,13:23:00,14.98,0.0,45,67439.0,бТел
2346,13:23:03,14.98,0.0,22,32958.0,бТел
2347,13:23:06,14.98,0.0,501,750746.0,бРел
2348,13:23:09,14.97,-0.009999999999999787,132,197697.0,бТел
2349,13:23:12,14.97,0.0,81,121294.0,бТел
2350,13:23:15,14.98,0.009999999999999787,4,5992.0,бРел
2351,13:23:18,14.97,-0.009999999999999787,98,146798.0,жпптел
2352,13:23:21,14.96,-0.009999999999999787,1,1496.0,бТел
2353,13:23:24,14.95,-0.010000000000001563,384,574171.0,бТел
2354,13:23:27,14.94,-0.009999999999999787,61,91146.0,бТел
2355,13:23:30,14.94,0.0,53,79187.0,бТел
2356,13:23:36,14.95,0.009999999999999787,95,141952.0,бРел
2357,13:23:39,14.95,0.0,54,80656.0,бРел
2358,13:23:42,14.93,-0.019999999999999574,60,89545.0,бТел
2359,13:23:45,14.93,0.0,10,14930.0,бРел
2360,13:23:48,14.92,-0.009999999999999787,13,19386.0,бРел
2361,13:23:54,14.9,-0.019999999999999574,92,137093.0,бТел
2362,13:23:57,14.9,0.0,72,107304.0,бТел
2363,13:24:00,14.89,-0.009999999999999787,47,70009.0,бТел
2364,13:24:03,14.89,0.0,4,5956.0,бТел
2365,13:24:06,14.9,0.009999999999999787,314,467739.0,бРел
2366,13:24:09,14.89,-0.009999999999999787,53,79049.0,бТел
2367,13:24:12,14.89,0.0,3,4467.0,бТел
2368,13:24:15,14.9,0.009999999999999787,5,7448.0,бРел
2369,13:24:18,14.9,0.0,4,5960.0,бРел
2370,13:24:21,14.9,0.0,14,20855.0,бРел
2371,13:24:24,14.9,0.0,16,23840.0,бРел
2372,13:24:27,14.92,0.019999999999999574,20,29835.0,бРел
2373,13:24:30,14.9,-0.019999999999999574,30,44700.0,бТел
2374,13:24:33,14.91,0.009999999999999787,28,41722.0,жпптел
2375,13:24:36,14.9,-0.009999999999999787,25,37250.0,бТел
2376,13:24:39,14.92,0.019999999999999574,73,108914.0,бРел
2377,13:24:42,14.92,0.0,7,10444.0,бТел
2378,13:24:45,14.92,0.0,10,14920.0,бТел
2379,13:24:48,14.92,0.0,37,55225.0,бТел
2380,13:24:54,14.95,0.02999999999999936,217,324188.0,бРел
2381,13:24:57,14.92,-0.02999999999999936,5,7466.0,бТел
2382,13:25:00,14.95,0.02999999999999936,10,14950.0,жпптел
2383,13:25:03,14.93,-0.019999999999999574,262,391056.0,бТел
2384,13:25:09,14.93,0.0,1,1493.0,бТел
2385,13:25:12,14.93,0.0,30,44798.0,бТел
2386,13:25:18,14.93,0.0,28,41804.0,бТел
2387,13:25:21,14.93,0.0,20,29860.0,бТел
2388,13:25:24,14.93,0.0,334,499115.0,бТел
2389,13:25:27,14.93,0.0,56,83593.0,жпптел
2390,13:25:30,14.93,0.0,105,156820.0,бРел
2391,13:25:33,14.91,-0.019999999999999574,234,349154.0,бТел
2392,13:25:39,14.91,0.0,3,4471.0,бРел
2393,13:25:42,14.92,0.009999999999999787,10,14920.0,бРел
2394,13:25:45,14.91,-0.009999999999999787,66,98406.0,бТел
2395,13:25:51,14.9,-0.009999999999999787,214,319230.0,бТел
2396,13:25:54,14.9,0.0,33,49200.0,бТел
2397,13:25:57,14.9,0.0,28,41720.0,бТел
2398,13:26:00,14.9,0.0,353,526038.0,бТел
2399,13:26:03,14.9,0.0,61,90890.0,бРел
2400,13:26:06,14.89,-0.009999999999999787,61,90844.0,бТел
2401,13:26:09,14.88,-0.009999999999999787,143,212804.0,бТел
2402,13:26:12,14.89,0.009999999999999787,4,5956.0,бРел
2403,13:26:15,14.88,-0.009999999999999787,176,261889.0,бТел
2404,13:26:18,14.88,0.0,38,56516.0,бРел
2405,13:26:21,14.87,-0.010000000000001563,36,53552.0,бТел
2406,13:26:24,14.89,0.02000000000000135,107,159218.0,бРел
2407,13:26:27,14.87,-0.02000000000000135,35,52045.0,жпптел
2408,13:26:30,14.87,0.0,31,46097.0,бРел
2409,13:26:33,14.86,-0.009999999999999787,110,163486.0,бТел
2410,13:26:36,14.87,0.009999999999999787,2,2973.0,бРел
2411,13:26:39,14.87,0.0,17,25264.0,бРел
2412,13:26:45,14.87,0.0,37,55019.0,бРел
2413,13:26:51,14.87,0.0,57,84759.0,бТел
2414,13:26:54,14.87,0.0,26,38662.0,бТел
2415,13:26:57,14.88,0.010000000000001563,21,31248.0,бРел
2416,13:27:00,14.87,-0.010000000000001563,32,47604.0,бТел
2417,13:27:03,14.87,0.0,50,74345.0,бРел
2418,13:27:06,14.86,-0.009999999999999787,99,147182.0,бТел
2419,13:27:09,14.86,0.0,13,19322.0,бТел
2420,13:27:12,14.86,0.0,112,166432.0,бТел
2421,13:27:18,14.87,0.009999999999999787,64,95168.0,бРел
2422,13:27:21,14.86,-0.009999999999999787,17,25276.0,бТел
2423,13:27:24,14.87,0.009999999999999787,17,25292.0,бРел
2424,13:27:27,14.87,0.0,83,123370.0,бТел
2425,13:27:30,14.87,0.0,6,8922.0,бРел
2426,13:27:33,14.87,0.0,5,7435.0,бРел
2427,13:27:36,14.86,-0.009999999999999787,11,16356.0,бТел
2428,13:27:39,14.86,0.0,95,141254.0,бТел
2429,13:27:45,14.86,0.0,53,78758.0,бТел
2430,13:27:48,14.87,0.009999999999999787,5,7435.0,жпптел
2431,13:27:51,14.87,0.0,10,14870.0,бТел
2432,13:27:54,14.87,0.0,1,1487.0,бТел
2433,13:27:57,14.87,0.0,42,62479.0,бТел
2434,13:28:00,14.88,0.010000000000001563,15,22315.0,бРел
2435,13:28:03,14.87,-0.010000000000001563,80,119039.0,бТел
2436,13:28:06,14.87,0.0,3,4461.0,бТел
2437,13:28:09,14.88,0.010000000000001563,8,11897.0,бРел
2438,13:28:12,14.88,0.0,224,333167.0,бРел
2439,13:28:15,14.89,0.009999999999999787,69,102676.0,бРел
2440,13:28:18,14.88,-0.009999999999999787,4,5952.0,бТел
2441,13:28:21,14.88,0.0,12,17856.0,бТел
2442,13:28:27,14.89,0.009999999999999787,34,50626.0,бРел
2443,13:28:33,14.89,0.0,17,25313.0,бТел
2444,13:28:36,14.91,0.019999999999999574,55,81972.0,бРел
2445,13:28:48,14.92,0.009999999999999787,2,2984.0,бРел
2446,13:28:51,14.92,0.0,35,52208.0,бРел
2447,13:28:54,14.92,0.0,46,68630.0,бРел
2448,13:28:57,14.93,0.009999999999999787,10,14930.0,бРел
2449,13:29:03,14.92,-0.009999999999999787,79,117868.0,бТел
2450,13:29:06,14.92,0.0,8,11936.0,бРел
2451,13:29:09,14.92,0.0,6,8952.0,бРел
2452,13:29:12,14.92,0.0,1,1492.0,бРел
2453,13:29:15,14.9,-0.019999999999999574,18,26820.0,бТел
2454,13:29:18,14.92,0.019999999999999574,5,7458.0,бРел
2455,13:29:21,14.9,-0.019999999999999574,118,175896.0,бТел
2456,13:29:24,14.89,-0.009999999999999787,96,143005.0,бТел
2457,13:29:27,14.89,0.0,125,186125.0,бТел
2458,13:29:30,14.9,0.009999999999999787,12,17880.0,бРел
2459,13:29:33,14.89,-0.009999999999999787,72,107253.0,бТел
2460,13:29:36,14.89,0.0,24,35736.0,бРел
2461,13:29:39,14.89,0.0,28,41692.0,бРел
2462,13:29:45,14.89,0.0,29,43181.0,бТел
2463,13:29:48,14.9,0.009999999999999787,17,25316.0,бРел
2464,13:29:51,14.88,-0.019999999999999574,209,311207.0,бТел
2465,13:29:54,14.88,0.0,100,148857.0,бТел
2466,13:30:00,14.88,0.0,33,49104.0,бТел
2467,13:30:03,14.88,0.0,37,55056.0,бТел
2468,13:30:06,14.87,-0.010000000000001563,2,2975.0,бТел
2469,13:30:09,14.88,0.010000000000001563,13,19334.0,бРел
2470,13:30:15,14.87,-0.010000000000001563,1,1487.0,бТел
2471,13:30:18,14.88,0.010000000000001563,225,334520.0,бРел
2472,13:30:24,14.87,-0.010000000000001563,14,20828.0,бРел
2473,13:30:27,14.88,0.010000000000001563,5,7440.0,бРел
2474,13:30:30,14.87,-0.010000000000001563,11,16357.0,бТел
2475,13:30:33,14.88,0.010000000000001563,21,31229.0,бРел
2476,13:30:42,14.86,-0.02000000000000135,50,74327.0,бТел
2477,13:30:45,14.86,0.0,283,421049.0,бТел
2478,13:30:48,14.87,0.009999999999999787,85,126395.0,бРел
2479,13:30:51,14.87,0.0,39,57975.0,бРел
2480,13:30:54,14.87,0.0,47,69844.0,бРел
2481,13:30:57,14.86,-0.009999999999999787,150,222915.0,бТел
2482,13:31:03,14.87,0.009999999999999787,33,49050.0,бРел
2483,13:31:06,14.87,0.0,8,11896.0,бРел
2484,13:31:09,14.86,-0.009999999999999787,1,1486.0,бТел
2485,13:31:15,14.86,0.0,54,80246.0,бТел
2486,13:31:18,14.87,0.009999999999999787,128,190256.0,бРел
2487,13:31:21,14.87,0.0,115,170898.0,жпптел
2488,13:31:24,14.86,-0.009999999999999787,29,43114.0,бТел
2489,13:31:27,14.87,0.009999999999999787,38,56473.0,бРел
2490,13:31:30,14.87,0.0,16,23792.0,бРел
2491,13:31:36,14.87,0.0,1,1487.0,бРел
2492,13:31:39,14.89,0.02000000000000135,67,99618.0,бРел
2493,13:31:42,14.87,-0.02000000000000135,2,2974.0,бТел
2494,13:31:45,14.87,0.0,10,14873.0,бТел
2495,13:31:48,14.89,0.02000000000000135,16,23824.0,бРел
2496,13:31:51,14.9,0.009999999999999787,169,251520.0,бРел
2497,13:31:54,14.9,0.0,56,83414.0,бРел
2498,13:31:57,14.89,-0.009999999999999787,9,13401.0,бТел
2499,13:32:00,14.9,0.009999999999999787,57,84922.0,бРел
2500,13:32:03,14.9,0.0,4,5960.0,бРел
2501,13:32:06,14.9,0.0,31,46188.0,бРел
2502,13:32:09,14.9,0.0,102,151963.0,бРел
2503,13:32:12,14.88,-0.019999999999999574,19,28286.0,бТел
2504,13:32:15,14.9,0.019999999999999574,23,34259.0,бРел
2505,13:32:21,14.9,0.0,18,26830.0,бТел
2506,13:32:24,14.91,0.009999999999999787,30,44715.0,бРел
2507,13:32:27,14.9,-0.009999999999999787,43,64070.0,бТел
2508,13:32:33,14.9,0.0,19,28330.0,бТел
2509,13:32:36,14.92,0.019999999999999574,14,20886.0,бРел
2510,13:32:39,14.9,-0.019999999999999574,42,62583.0,бТел
2511,13:32:42,14.9,0.0,38,56646.0,бТел
2512,13:32:45,14.92,0.019999999999999574,68,101436.0,бРел
2513,13:32:48,14.91,-0.009999999999999787,22,32805.0,бТел
2514,13:32:51,14.92,0.009999999999999787,2,2984.0,жпптел
2515,13:32:54,14.92,0.0,9,13428.0,бРел
2516,13:33:00,14.92,0.0,40,59670.0,бРел
2517,13:33:03,14.91,-0.009999999999999787,104,155141.0,бТел
2518,13:33:06,14.91,0.0,23,34295.0,бТел
2519,13:33:09,14.92,0.009999999999999787,9,13428.0,бРел
2520,13:33:12,14.92,0.0,58,86536.0,бРел
2521,13:33:15,14.91,-0.009999999999999787,54,80558.0,бТел
2522,13:33:18,14.91,0.0,26,38766.0,бТел
2523,13:33:21,14.92,0.009999999999999787,11,16412.0,бРел
2524,13:33:24,14.93,0.009999999999999787,123,183547.0,бРел
2525,13:33:30,14.92,-0.009999999999999787,35,52220.0,бТел
2526,13:33:33,14.92,0.0,40,59680.0,бТел
2527,13:33:36,14.92,0.0,20,29840.0,бТел
2528,13:33:39,14.93,0.009999999999999787,40,59710.0,бРел
2529,13:33:42,14.93,0.0,80,119369.0,бРел
2530,13:33:45,14.93,0.0,2,2986.0,бРел
2531,13:33:48,14.93,0.0,10,14923.0,бРел
2532,13:33:51,14.92,-0.009999999999999787,49,73108.0,бТел
2533,13:33:54,14.91,-0.009999999999999787,20,29820.0,бТел
2534,13:33:57,14.92,0.009999999999999787,2,2984.0,бРел
2535,13:34:00,14.91,-0.009999999999999787,113,168483.0,бТел
2536,13:34:03,14.92,0.009999999999999787,120,179028.0,бРел
2537,13:34:12,14.9,-0.019999999999999574,206,307176.0,бТел
2538,13:34:15,14.9,0.0,14,20860.0,бТел
2539,13:34:18,14.9,0.0,9,13410.0,бРел
2540,13:34:21,14.89,-0.009999999999999787,24,35736.0,бТел
2541,13:34:24,14.9,0.009999999999999787,8,11920.0,бРел
2542,13:34:30,14.9,0.0,26,38740.0,бРел
2543,13:34:33,14.89,-0.009999999999999787,20,29780.0,бТел
2544,13:34:36,14.89,0.0,5,7445.0,бТел
2545,13:34:39,14.89,0.0,20,29795.0,бТел
2546,13:34:42,14.89,0.0,114,169746.0,бРел
2547,13:34:45,14.89,0.0,9,13401.0,бРел
2548,13:34:48,14.89,0.0,22,32758.0,бРел
2549,13:34:51,14.88,-0.009999999999999787,39,58032.0,бТел
2550,13:34:54,14.88,0.0,37,55061.0,бТел
2551,13:34:57,14.88,0.0,17,25296.0,бТел
2552,13:35:00,14.89,0.009999999999999787,82,122025.0,бРел
2553,13:35:03,14.88,-0.009999999999999787,62,92261.0,бТел
2554,13:35:06,14.87,-0.010000000000001563,54,80319.0,бТел
2555,13:35:09,14.87,0.0,21,31240.0,бТел
2556,13:35:12,14.88,0.010000000000001563,41,61008.0,бРел
2557,13:35:15,14.88,0.0,29,43167.0,бТел
2558,13:35:18,14.86,-0.02000000000000135,223,331694.0,бТел
2559,13:35:21,14.86,0.0,11,16356.0,бТел
2560,13:35:27,14.87,0.009999999999999787,41,60967.0,бРел
2561,13:35:30,14.87,0.0,11,16357.0,бРел
2562,13:35:33,14.86,-0.009999999999999787,11,16347.0,бТел
2563,13:35:36,14.87,0.009999999999999787,75,111475.0,бРел
2564,13:35:39,14.86,-0.009999999999999787,31,46040.0,жпптел
2565,13:35:45,14.86,0.0,1,1486.0,бРел
2566,13:35:48,14.86,0.0,12,17832.0,бРел
2567,13:35:51,14.86,0.0,15,22284.0,бРел
2568,13:35:54,14.85,-0.009999999999999787,17,25249.0,бТел
2569,13:36:00,14.86,0.009999999999999787,1,1486.0,жпптел
2570,13:36:03,14.85,-0.009999999999999787,4,5940.0,бТел
2571,13:36:06,14.85,0.0,6,8910.0,бТел
2572,13:36:09,14.86,0.009999999999999787,13,19318.0,бРел
2573,13:36:12,14.85,-0.009999999999999787,74,109891.0,бТел
2574,13:36:15,14.86,0.009999999999999787,24,35664.0,бРел
2575,13:36:18,14.86,0.0,33,49038.0,бРел
2576,13:36:24,14.86,0.0,8,11888.0,бТел
2577,13:36:27,14.86,0.0,10,14860.0,бТел
2578,13:36:30,14.86,0.0,58,86190.0,бТел
2579,13:36:33,14.86,0.0,58,86188.0,бТел
2580,13:36:36,14.86,0.0,4,5943.0,бРел
2581,13:36:39,14.86,0.0,79,117394.0,бРел
2582,13:36:42,14.86,0.0,11,16346.0,бРел
2583,13:36:45,14.86,0.0,6,8911.0,бРел
2584,13:36:48,14.86,0.0,61,90646.0,бРел
2585,13:36:51,14.85,-0.009999999999999787,83,123285.0,бТел
2586,13:36:54,14.87,0.019999999999999574,12,17834.0,бРел
2587,13:36:57,14.86,-0.009999999999999787,11,16346.0,бТел
2588,13:37:00,14.87,0.009999999999999787,65,96598.0,бРел
2589,13:37:06,14.87,0.0,15,22304.0,бРел
2590,13:37:09,14.87,0.0,5,7435.0,бРел
2591,13:37:12,14.87,0.0,3,4461.0,бРел
2592,13:37:15,14.87,0.0,27,40140.0,бРел
2593,13:37:21,14.86,-0.009999999999999787,47,69863.0,бТел
2594,13:37:24,14.87,0.009999999999999787,76,112979.0,бРел
2595,13:37:30,14.87,0.0,128,190336.0,бРел
2596,13:37:33,14.87,0.0,133,197761.0,бРел
2597,13:37:39,14.87,0.0,12,17844.0,бТел
2598,13:37:42,14.88,0.010000000000001563,5,7440.0,бРел
2599,13:37:45,14.87,-0.010000000000001563,33,49071.0,бТел
2600,13:37:48,14.87,0.0,72,107064.0,бРел
2601,13:37:51,14.87,0.0,4,5947.0,бРел
2602,13:37:54,14.86,-0.009999999999999787,110,163490.0,бТел
2603,13:37:57,14.87,0.009999999999999787,13,19331.0,бРел
2604,13:38:00,14.87,0.0,21,31227.0,бРел
2605,13:38:06,14.87,0.0,51,75837.0,бТел
2606,13:38:12,14.87,0.0,5,7435.0,бРел
2607,13:38:15,14.86,-0.009999999999999787,12,17834.0,бТел
2608,13:38:27,14.86,0.0,63,93668.0,бТел
2609,13:38:30,14.87,0.009999999999999787,69,102576.0,бТел
2610,13:38:33,14.87,0.0,22,32714.0,бТел
2611,13:38:36,14.86,-0.009999999999999787,87,129339.0,бТел
2612,13:38:42,14.86,0.0,10,14867.0,бТел
2613,13:38:45,14.87,0.009999999999999787,48,71376.0,бРел
2614,13:38:48,14.87,0.0,27,40149.0,бРел
2615,13:38:51,14.87,0.0,4,5948.0,бТел
2616,13:38:54,14.87,0.0,138,205206.0,бТел
2617,13:38:57,14.87,0.0,76,113012.0,бТел
2618,13:39:00,14.87,0.0,10,14870.0,бТел
2619,13:39:03,14.88,0.010000000000001563,13,19344.0,бРел
2620,13:39:06,14.87,-0.010000000000001563,11,16357.0,бТел
2621,13:39:09,14.88,0.010000000000001563,1,1488.0,бРел
2622,13:39:12,14.87,-0.010000000000001563,3,4461.0,бТел
2623,13:39:21,14.88,0.010000000000001563,10,14880.0,бРел
2624,13:39:24,14.88,0.0,1,1488.0,бРел
2625,13:39:27,14.88,0.0,51,75888.0,бРел
2626,13:39:30,14.88,0.0,12,17856.0,бРел
2627,13:39:33,14.88,0.0,25,37200.0,бРел
2628,13:39:36,14.88,0.0,4,5952.0,бТел
2629,13:39:39,14.88,0.0,216,321326.0,бТел
2630,13:39:42,14.87,-0.010000000000001563,94,139778.0,бТел
2631,13:39:45,14.87,0.0,3,4461.0,бРел
2632,13:39:51,14.86,-0.009999999999999787,3,4458.0,бТел
2633,13:39:54,14.87,0.009999999999999787,11,16357.0,бРел
2634,13:39:57,14.86,-0.009999999999999787,9,13374.0,бТел
2635,13:40:00,14.86,0.0,2,2972.0,бТел
2636,13:40:03,14.86,0.0,2,2972.0,бТел
2637,13:40:06,14.86,0.0,141,209636.0,бТел
2638,13:40:09,14.86,0.0,103,153061.0,бТел
2639,13:40:12,14.87,0.009999999999999787,3,4461.0,бРел
2640,13:40:21,14.86,-0.009999999999999787,55,81780.0,бТел
2641,13:40:24,14.86,0.0,23,34178.0,бТел
2642,13:40:27,14.87,0.009999999999999787,13,19329.0,бРел
2643,13:40:30,14.87,0.0,52,77324.0,бРел
2644,13:40:33,14.87,0.0,1,1487.0,бРел
2645,13:40:36,14.87,0.0,6,8922.0,бРел
2646,13:40:39,14.87,0.0,17,25272.0,бРел
2647,13:40:42,14.86,-0.009999999999999787,30,44580.0,бТел
2648,13:40:45,14.87,0.009999999999999787,15,22305.0,бРел
2649,13:40:48,14.87,0.0,96,142752.0,бРел
2650,13:40:51,14.87,0.0,1,1487.0,бТел
2651,13:40:54,14.88,0.010000000000001563,30,44630.0,бРел
2652,13:40:57,14.88,0.0,1,1488.0,бРел
2653,13:41:00,14.88,0.0,5,7440.0,бРел
2654,13:41:09,14.87,-0.010000000000001563,55,81785.0,бТел
2655,13:41:12,14.88,0.010000000000001563,54,80350.0,бРел
2656,13:41:18,14.88,0.0,7,10416.0,бРел
2657,13:41:21,14.88,0.0,7,10419.0,бТел
2658,13:41:24,14.89,0.009999999999999787,24,35726.0,бРел
2659,13:41:27,14.88,-0.009999999999999787,32,47628.0,бТел
2660,13:41:30,14.88,0.0,75,111600.0,бРел
2661,13:41:33,14.88,0.0,10,14880.0,бРел
2662,13:41:36,14.88,0.0,14,20831.0,бРел
2663,13:41:39,14.88,0.0,2,2976.0,бРел
2664,13:41:42,14.88,0.0,11,16362.0,бРел
2665,13:41:45,14.87,-0.010000000000001563,60,89226.0,бТел
2666,13:41:48,14.87,0.0,31,46097.0,бРел
2667,13:41:51,14.87,0.0,7,10409.0,бРел
2668,13:41:54,14.87,0.0,72,107064.0,бРел
2669,13:41:57,14.87,0.0,84,124829.0,бРел
2670,13:42:00,14.86,-0.009999999999999787,20,29720.0,бТел
2671,13:42:03,14.87,0.009999999999999787,32,47564.0,бРел
2672,13:42:06,14.87,0.0,20,29737.0,бРел
2673,13:42:12,14.87,0.0,4,5946.0,бРел
2674,13:42:15,14.87,0.0,25,37175.0,бРел
2675,13:42:18,14.87,0.0,71,105577.0,бРел
2676,13:42:21,14.87,0.0,19,28254.0,бТел
2677,13:42:24,14.87,0.0,10,14870.0,бТел
2678,13:42:27,14.87,0.0,144,214261.0,бТел
2679,13:42:30,14.86,-0.009999999999999787,275,408655.0,бТел
2680,13:42:36,14.86,0.0,27,40121.0,бРел
2681,13:42:42,14.86,0.0,28,41600.0,бРел
2682,13:42:45,14.85,-0.009999999999999787,20,29700.0,бТел
2683,13:42:48,14.85,0.0,152,225720.0,бТел
2684,13:42:54,14.84,-0.009999999999999787,15,22260.0,бТел
2685,13:43:00,14.84,0.0,48,71232.0,бТел
2686,13:43:03,14.83,-0.009999999999999787,169,250746.0,бТел
2687,13:43:09,14.8,-0.02999999999999936,963,1423749.0,бТел
2688,13:43:12,14.8,0.0,6,8880.0,бРел
2689,13:43:18,14.8,0.0,24,35482.0,бРел
2690,13:43:21,14.79,-0.010000000000001563,2,2958.0,бРел
2691,13:43:24,14.72,-0.06999999999999851,20,29440.0,бТел
2692,13:43:27,14.72,0.0,29,42722.0,бТел
2693,13:43:30,14.72,0.0,25,36800.0,бРел
2694,13:43:33,14.76,0.03999999999999915,67,98635.0,бРел
2695,13:43:36,14.72,-0.03999999999999915,37,54512.0,бТел
2696,13:43:39,14.72,0.0,52,76544.0,бРел
2697,13:43:42,14.72,0.0,25,36795.0,бРел
2698,13:43:45,14.72,0.0,51,75072.0,бТел
2699,13:43:51,14.72,0.0,19,27973.0,бТел
2700,13:43:54,14.73,0.009999999999999787,70,103090.0,бТел
2701,13:43:57,14.73,0.0,23,33883.0,бРел
2702,13:44:00,14.72,-0.009999999999999787,50,73620.0,бТел
2703,13:44:03,14.73,0.009999999999999787,4,5892.0,бТел
2704,13:44:09,14.73,0.0,8,11788.0,бТел
2705,13:44:12,14.73,0.0,220,324065.0,бТел
2706,13:44:15,14.73,0.0,72,106110.0,бТел
2707,13:44:18,14.75,0.019999999999999574,61,89989.0,бРел
2708,13:44:21,14.75,0.0,8,11800.0,бТел
2709,13:44:24,14.76,0.009999999999999787,10,14760.0,бРел
2710,13:44:27,14.75,-0.009999999999999787,37,54602.0,бТел
2711,13:44:30,14.76,0.009999999999999787,14,20664.0,бРел
2712,13:44:33,14.76,0.0,12,17715.0,жпптел
2713,13:44:36,14.76,0.0,10,14769.0,бТел
2714,13:44:39,14.77,0.009999999999999787,27,39879.0,бРел
2715,13:44:42,14.77,0.0,22,32494.0,бТел
2716,13:44:48,14.77,0.0,4,5908.0,жпптел
2717,13:44:51,14.77,0.0,52,76845.0,бТел
2718,13:44:54,14.78,0.009999999999999787,3,4434.0,бРел
2719,13:45:00,14.77,-0.009999999999999787,166,245209.0,бТел
2720,13:45:06,14.76,-0.009999999999999787,13,19210.0,бТел
2721,13:45:09,14.78,0.019999999999999574,13,19212.0,жпптел
2722,13:45:12,14.78,0.0,45,66510.0,бТел
2723,13:45:15,14.76,-0.019999999999999574,83,122544.0,бТел
2724,13:45:18,14.76,0.0,32,47205.0,бРел
2725,13:45:21,14.75,-0.009999999999999787,127,187362.0,бТел
2726,13:45:24,14.74,-0.009999999999999787,67,98821.0,бТел
2727,13:45:27,14.75,0.009999999999999787,52,76709.0,бРел
2728,13:45:30,14.73,-0.019999999999999574,153,225448.0,бТел
2729,13:45:33,14.75,0.019999999999999574,39,57456.0,бРел
2730,13:45:36,14.73,-0.019999999999999574,1,1473.0,бТел
2731,13:45:39,14.72,-0.009999999999999787,94,138408.0,бТел
2732,13:45:42,14.73,0.009999999999999787,14,20622.0,бРел
2733,13:45:48,14.72,-0.009999999999999787,51,75073.0,бТел
2734,13:45:51,14.73,0.009999999999999787,58,85396.0,бРел
2735,13:45:54,14.72,-0.009999999999999787,33,48576.0,бТел
2736,13:45:57,14.72,0.0,125,184075.0,бТел
2737,13:46:00,14.72,0.0,111,163404.0,бТел
2738,13:46:06,14.73,0.009999999999999787,43,63339.0,жпптел
2739,13:46:09,14.72,-0.009999999999999787,104,153145.0,бТел
2740,13:46:12,14.72,0.0,62,91264.0,бТел
2741,13:46:15,14.72,0.0,103,151599.0,бРел
2742,13:46:18,14.72,0.0,135,198720.0,бРел
2743,13:46:24,14.71,-0.009999999999999787,123,180933.0,бТел
2744,13:46:27,14.72,0.009999999999999787,90,132480.0,бРел
2745,13:46:30,14.72,0.0,11,16188.0,бРел
2746,13:46:33,14.71,-0.009999999999999787,19,27949.0,бТел
2747,13:46:36,14.72,0.009999999999999787,48,70648.0,бРел
2748,13:46:39,14.72,0.0,141,207413.0,бРел
2749,13:46:45,14.7,-0.02000000000000135,102,150016.0,бТел
2750,13:46:48,14.71,0.010000000000001563,72,105912.0,бРел
2751,13:46:51,14.7,-0.010000000000001563,296,435131.0,бТел
2752,13:46:54,14.7,0.0,2,2940.0,бРел
2753,13:46:57,14.7,0.0,82,120540.0,бРел
2754,13:47:00,14.67,-0.02999999999999936,217,318669.0,бТел
2755,13:47:06,14.69,0.019999999999999574,7,10285.0,жпптел
2756,13:47:09,14.7,0.009999999999999787,41,60246.0,бРел
2757,13:47:12,14.69,-0.009999999999999787,10,14694.0,жпптел
2758,13:47:15,14.7,0.009999999999999787,17,24978.0,бРел
2759,13:47:18,14.7,0.0,20,29400.0,бРел
2760,13:47:21,14.7,0.0,86,126348.0,бРел
2761,13:47:24,14.69,-0.009999999999999787,12,17628.0,бТел
2762,13:47:27,14.7,0.009999999999999787,31,45559.0,бРел
2763,13:47:30,14.69,-0.009999999999999787,45,66105.0,бТел
2764,13:47:33,14.7,0.009999999999999787,115,169045.0,бРел
2765,13:47:36,14.7,0.0,51,74970.0,бТел
2766,13:47:39,14.71,0.010000000000001563,276,405838.0,бРел
2767,13:47:42,14.71,0.0,7,10297.0,бТел
2768,13:47:45,14.7,-0.010000000000001563,90,132381.0,бТел
2769,13:47:51,14.72,0.02000000000000135,32,47173.59999996424,бРел
2770,13:48:06,14.72,0.0,41,60365.0,бТел
2771,13:48:09,14.73,0.009999999999999787,11,16196.0,бРел
2772,13:48:12,14.72,-0.009999999999999787,1,1472.0,бТел
2773,13:48:15,14.73,0.009999999999999787,27,41148.35000002384,бРел
2774,13:48:18,14.73,0.0,45,66255.0,бРел
2775,13:48:21,14.72,-0.009999999999999787,11,16195.0,бТел
2776,13:48:27,14.72,0.0,10,14720.0,бТел
2777,13:48:30,14.73,0.009999999999999787,57,83911.0,бРел
2778,13:48:33,14.72,-0.009999999999999787,139,204657.0,бТел
2779,13:48:36,14.71,-0.009999999999999787,281,413464.0,бТел
2780,13:48:39,14.71,0.0,79,116209.0,бРел
2781,13:48:42,14.72,0.009999999999999787,50,73578.0,бРел
2782,13:48:45,14.72,0.0,3,4416.0,бРел
2783,13:48:51,14.72,0.0,93,136875.0,бРел
2784,13:48:57,14.72,0.0,37,54459.0,бРел
2785,13:49:03,14.72,0.0,5,7360.0,бРел
2786,13:49:06,14.72,0.0,32,47104.0,бРел
2787,13:49:09,14.72,0.0,14,20608.0,бРел
2788,13:49:12,14.72,0.0,40,58880.0,бТел
2789,13:49:15,14.73,0.009999999999999787,1,1473.0,бТел
2790,13:49:18,14.73,0.0,1,1473.0,бТел
2791,13:49:21,14.74,0.009999999999999787,3,4422.0,бРел
2792,13:49:24,14.73,-0.009999999999999787,12,17676.0,бТел
2793,13:49:27,14.73,0.0,21,30933.0,бРел
2794,13:49:30,14.72,-0.009999999999999787,50,73600.0,бТел
2795,13:49:33,14.73,0.009999999999999787,13,19149.0,бРел
2796,13:49:36,14.73,0.0,17,25040.0,бРел
2797,13:49:39,14.72,-0.009999999999999787,50,73600.0,бТел
2798,13:49:42,14.73,0.009999999999999787,23,33878.0,бРел
2799,13:49:45,14.73,0.0,28,41244.0,бРел
2800,13:49:54,14.74,0.009999999999999787,67,98758.0,бРел
2801,13:50:00,14.7,-0.040000000000000924,720,1059061.0,бТел
2802,13:50:03,14.73,0.030000000000001137,11,16203.0,бРел
2803,13:50:06,14.73,0.0,2,2946.0,бРел
2804,13:50:09,14.73,0.0,5,7365.0,бРел
2805,13:50:12,14.72,-0.009999999999999787,3,4416.0,бТел
2806,13:50:15,14.72,0.0,12,17664.0,бРел
2807,13:50:21,14.71,-0.009999999999999787,1,1471.0,бТел
2808,13:50:27,14.71,0.0,22,32362.0,бТел
2809,13:50:33,14.72,0.009999999999999787,13,19136.0,бРел
2810,13:50:36,14.71,-0.009999999999999787,55,80905.0,бТел
2811,13:50:39,14.72,0.009999999999999787,26,38272.0,бРел
2812,13:50:42,14.71,-0.009999999999999787,20,29420.0,бТел
2813,13:50:48,14.72,0.009999999999999787,13,19136.0,бРел
2814,13:50:54,14.72,0.0,1,1472.0,бРел
2815,13:50:57,14.72,0.0,5,7360.0,бРел
2816,13:51:00,14.72,0.0,41,60338.0,бРел
2817,13:51:06,14.71,-0.009999999999999787,1,1471.0,бТел
2818,13:51:09,14.72,0.009999999999999787,41,60351.0,бРел
2819,13:51:12,14.71,-0.009999999999999787,63,92689.0,бТел
2820,13:51:15,14.72,0.009999999999999787,20,29440.0,бРел
2821,13:51:18,14.71,-0.009999999999999787,35,51485.0,бТел
2822,13:51:21,14.71,0.0,15,22071.0,бТел
2823,13:51:24,14.72,0.009999999999999787,2,2944.0,бРел
2824,13:51:27,14.72,0.0,2,2944.0,бТел
2825,13:51:30,14.72,0.0,9,13248.0,бТел
2826,13:51:33,14.71,-0.009999999999999787,50,73550.0,бТел
2827,13:51:36,14.71,0.0,21,30891.0,бТел
2828,13:51:39,14.72,0.009999999999999787,4,5888.0,бРел
2829,13:51:42,14.72,0.0,14,20608.0,бРел
2830,13:51:45,14.72,0.0,1,1472.0,бТел
2831,13:51:54,14.72,0.0,11,16192.0,бТел
2832,13:51:57,14.73,0.009999999999999787,26,38298.0,бРел
2833,13:52:00,14.72,-0.009999999999999787,108,158980.0,бТел
2834,13:52:03,14.7,-0.02000000000000135,49,72059.0,бТел
2835,13:52:06,14.71,0.010000000000001563,54,79444.0,бРел
2836,13:52:09,14.71,0.0,20,29420.0,бРел
2837,13:52:12,14.71,0.0,90,132390.0,бРел
2838,13:52:15,14.71,0.0,1,1471.0,бТел
2839,13:52:18,14.7,-0.010000000000001563,300,441194.0,бТел
2840,13:52:24,14.72,0.02000000000000135,3,4416.0,бРел
2841,13:52:27,14.7,-0.02000000000000135,35,51465.0,бТел
2842,13:52:30,14.72,0.02000000000000135,60,88269.0,бРел
2843,13:52:33,14.71,-0.009999999999999787,60,88209.0,жпптел
2844,13:52:36,14.7,-0.010000000000001563,7,10290.0,бТел
2845,13:52:39,14.71,0.010000000000001563,19,27931.0,бРел
2846,13:52:42,14.7,-0.010000000000001563,16,23520.0,бТел
2847,13:52:45,14.7,0.0,32,47042.0,бТел
2848,13:52:48,14.71,0.010000000000001563,25,36765.0,бРел
2849,13:52:54,14.69,-0.02000000000000135,1,1469.0,бТел
2850,13:52:57,14.71,0.02000000000000135,33,48503.0,бРел
2851,13:53:03,14.7,-0.010000000000001563,2,2940.0,бТел
2852,13:53:06,14.7,0.0,11,16170.0,бТел
2853,13:53:09,14.71,0.010000000000001563,10,14702.0,бРел
2854,13:53:12,14.71,0.0,45,66163.0,бРел
2855,13:53:15,14.71,0.0,30,44130.0,бТел
2856,13:53:18,14.71,0.0,5,7355.0,бТел
2857,13:53:21,14.71,0.0,21,30891.0,бТел
2858,13:53:24,14.71,0.0,101,148570.0,бТел
2859,13:53:27,14.71,0.0,1,1471.0,бТел
2860,13:53:30,14.71,0.0,48,70608.0,бТел
2861,13:53:33,14.71,0.0,16,23536.0,бТел
2862,13:53:36,14.7,-0.010000000000001563,1,1470.0,бТел
2863,13:53:39,14.71,0.010000000000001563,38,55898.0,бРел
2864,13:53:42,14.71,0.0,32,47072.0,бТел
2865,13:53:51,14.72,0.009999999999999787,263,386926.0,бРел
2866,13:53:54,14.72,0.0,125,184000.0,бРел
2867,13:53:57,14.71,-0.009999999999999787,40,58873.0,бТел
2868,13:54:00,14.72,0.009999999999999787,24,35348.0,бТел
2869,13:54:03,14.72,0.0,50,73600.0,бТел
2870,13:54:09,14.73,0.009999999999999787,65,95745.0,бРел
2871,13:54:12,14.73,0.0,23,33879.0,бРел
2872,13:54:15,14.72,-0.009999999999999787,40,58880.0,бТел
2873,13:54:21,14.72,0.0,52,76572.0,бТел
2874,13:54:24,14.74,0.019999999999999574,10,14732.0,бРел
2875,13:54:27,14.72,-0.019999999999999574,61,89792.0,бТел
2876,13:54:33,14.72,0.0,10,14720.0,бРел
2877,13:54:36,14.72,0.0,44,64768.0,бРел
2878,13:54:39,14.72,0.0,10,14720.0,бРел
2879,13:54:42,14.72,0.0,35,51498.0,бРел
2880,13:54:48,14.72,0.0,39,57404.0,бРел
2881,13:54:51,14.72,0.0,10,14720.0,бТел
2882,13:54:54,14.72,0.0,3,4416.0,бТел
2883,13:54:57,14.71,-0.009999999999999787,25,36785.0,бТел
2884,13:55:03,14.72,0.009999999999999787,54,79497.0,бТел
2885,13:55:06,14.73,0.009999999999999787,3,4418.0,бРел
2886,13:55:09,14.72,-0.009999999999999787,2,2944.0,бРел
2887,13:55:12,14.72,0.0,11,16192.0,бРел
2888,13:55:15,14.72,0.0,4,5888.0,бРел
2889,13:55:21,14.72,0.0,21,30911.0,бРел
2890,13:55:24,14.72,0.0,5,7360.0,бРел
2891,13:55:27,14.72,0.0,17,25017.0,бРел
2892,13:55:36,14.72,0.0,23,33856.0,бТел
2893,13:55:39,14.73,0.009999999999999787,114,167842.0,бРел
2894,13:55:45,14.73,0.0,5,7365.0,бРел
2895,13:55:51,14.73,0.0,59,86824.0,бРел
2896,13:55:54,14.72,-0.009999999999999787,1,1472.0,бТел
2897,13:55:57,14.73,0.009999999999999787,6,8838.0,бРел
2898,13:56:00,14.73,0.0,8,11780.0,бРел
2899,13:56:03,14.73,0.0,15,22095.0,бРел
2900,13:56:06,14.73,0.0,1,1473.0,бРел
2901,13:56:12,14.73,0.0,10,14730.0,бТел
2902,13:56:18,14.73,0.0,28,41247.0,бТел
2903,13:56:24,14.75,0.019999999999999574,86,126836.0,бРел
2904,13:56:27,14.73,-0.019999999999999574,70,103219.0,бТел
2905,13:56:36,14.76,0.02999999999999936,12,17712.0,бТел
2906,13:56:42,14.78,0.019999999999999574,1,1478.0,бРел
2907,13:56:48,14.77,-0.009999999999999787,20,29540.0,бРел
2908,13:56:51,14.76,-0.009999999999999787,20,29507.0,бТел
2909,13:56:54,14.76,0.0,106,156456.0,бРел
2910,13:56:57,14.75,-0.009999999999999787,21,30985.0,жпптел
2911,13:57:00,14.76,0.009999999999999787,12,17712.0,бРел
2912,13:57:06,14.76,0.0,7,10332.0,бРел
2913,13:57:09,14.76,0.0,65,95930.0,бРел
2914,13:57:12,14.76,0.0,50,73896.0,бТел
2915,13:57:18,14.76,0.0,6,8860.0,бТел
2916,13:57:21,14.76,0.0,7,10336.0,бТел
2917,13:57:24,14.75,-0.009999999999999787,119,175609.0,бТел
2918,13:57:30,14.74,-0.009999999999999787,14,20646.0,бТел
2919,13:57:33,14.74,0.0,3,4422.0,бТел
2920,13:57:39,14.74,0.0,2,2948.0,бТел
2921,13:57:42,14.75,0.009999999999999787,8,11796.0,бРел
2922,13:57:45,14.74,-0.009999999999999787,2,2948.0,бТел
2923,13:57:48,14.74,0.0,86,126764.0,бТел
2924,13:57:54,14.73,-0.009999999999999787,189,278454.0,бТел
2925,13:57:57,14.73,0.0,62,91326.0,бРел
2926,13:58:00,14.73,0.0,31,45663.0,бРел
2927,13:58:03,14.72,-0.009999999999999787,50,73601.0,бТел
2928,13:58:06,14.72,0.0,115,169280.0,бТел
2929,13:58:09,14.72,0.0,2,2944.0,бРел
2930,13:58:15,14.71,-0.009999999999999787,49,72079.0,бТел
2931,13:58:18,14.71,0.0,243,357453.0,бТел
2932,13:58:21,14.72,0.009999999999999787,16,23537.0,бРел
2933,13:58:24,14.71,-0.009999999999999787,10,14710.0,бТел
2934,13:58:27,14.7,-0.010000000000001563,61,89670.0,бТел
2935,13:58:30,14.69,-0.009999999999999787,134,196977.0,бТел
2936,13:58:39,14.7,0.009999999999999787,10,14691.0,бРел
2937,13:58:42,14.7,0.0,1,1470.0,бРел
2938,13:58:45,14.69,-0.009999999999999787,308,452398.0,бТел
2939,13:58:51,14.68,-0.009999999999999787,213,312747.0,бТел
2940,13:58:54,14.68,0.0,6,8808.0,бРел
2941,13:58:57,14.68,0.0,102,149646.0,бРел
2942,13:59:00,14.67,-0.009999999999999787,60,88020.0,бТел
2943,13:59:03,14.67,0.0,118,173106.0,бТел
2944,13:59:06,14.67,0.0,35,51350.0,бТел
2945,13:59:09,14.67,0.0,62,90954.0,бТел
2946,13:59:12,14.67,0.0,183,268458.0,бРел
2947,13:59:15,14.67,0.0,11,16137.0,бРел
2948,13:59:18,14.66,-0.009999999999999787,143,209640.0,бТел
2949,13:59:21,14.67,0.009999999999999787,96,140832.0,бРел
2950,13:59:24,14.67,0.0,18,26406.0,бТел
2951,13:59:27,14.67,0.0,29,42536.0,бРел
2952,13:59:33,14.67,0.0,46,67456.0,бРел
2953,13:59:36,14.66,-0.009999999999999787,16,23471.0,бТел
2954,13:59:39,14.66,0.0,62,90892.0,бТел
2955,13:59:42,14.66,0.0,320,469132.0,бТел
2956,13:59:45,14.66,0.0,5,7330.0,бРел
2957,13:59:48,14.66,0.0,4,5864.0,бРел
2958,13:59:51,14.67,0.009999999999999787,13,19058.0,бРел
2959,13:59:54,14.66,-0.009999999999999787,9,13194.0,бТел
2960,13:59:57,14.67,0.009999999999999787,16,23458.0,бРел
2961,14:00:00,14.65,-0.019999999999999574,181,265173.0,бТел
2962,14:00:06,14.66,0.009999999999999787,3,4398.0,бТел
2963,14:00:09,14.66,0.0,12,17592.0,бТел
2964,14:00:12,14.66,0.0,47,68902.0,бТел
2965,14:00:15,14.66,0.0,9,13196.0,бТел
2966,14:00:18,14.66,0.0,4,5864.0,бТел
2967,14:00:21,14.66,0.0,3,4398.0,бТел
2968,14:00:24,14.66,0.0,93,136338.0,бРел
2969,14:00:30,14.65,-0.009999999999999787,12,17585.0,бТел
2970,14:00:33,14.65,0.0,114,167088.25,бТел
2971,14:00:39,14.65,0.0,125,183125.0,бТел
2972,14:00:42,14.65,0.0,39,57149.0,бТел
2973,14:00:45,14.65,0.0,10,16041.75,бТел
2974,14:00:48,14.65,0.0,23,33695.0,бРел
2975,14:00:51,14.65,0.0,25,36618.0,бРел
2976,14:00:54,14.65,0.0,69,101036.0,бРел
2977,14:00:57,14.65,0.0,95,139125.0,бРел
2978,14:01:00,14.64,-0.009999999999999787,22,32212.0,бТел
2979,14:01:03,14.63,-0.009999999999999787,166,243049.0,бТел
2980,14:01:06,14.64,0.009999999999999787,10,14639.0,бРел
2981,14:01:09,14.63,-0.009999999999999787,114,166876.0,бТел
2982,14:01:12,14.64,0.009999999999999787,23,33659.0,бРел
2983,14:01:15,14.64,0.0,14,20486.0,бРел
2984,14:01:18,14.63,-0.009999999999999787,98,143434.0,бТел
2985,14:01:21,14.63,0.0,71,103873.0,бТел
2986,14:01:27,14.64,0.009999999999999787,41,60008.0,бРел
2987,14:01:30,14.63,-0.009999999999999787,107,156541.0,бТел
2988,14:01:33,14.63,0.0,17,24860.0,бРел
2989,14:01:36,14.63,0.0,13,19009.0,бРел
2990,14:01:39,14.62,-0.010000000000001563,55,80425.0,бТел
2991,14:01:42,14.63,0.010000000000001563,13,19019.0,бРел
2992,14:01:45,14.62,-0.010000000000001563,134,195912.0,бТел
2993,14:01:48,14.61,-0.009999999999999787,145,211978.0,бТел
2994,14:01:51,14.63,0.02000000000000135,12,17555.0,бРел
2995,14:01:54,14.62,-0.010000000000001563,4,5848.0,бТел
2996,14:01:57,14.61,-0.009999999999999787,69,100809.0,бТел
2997,14:02:00,14.62,0.009999999999999787,27,39467.0,бРел
2998,14:02:03,14.62,0.0,89,130061.0,бРел
2999,14:02:06,14.6,-0.019999999999999574,124,181064.0,бТел
3000,14:02:09,14.61,0.009999999999999787,241,352101.0,бРел
3001,14:02:12,14.61,0.0,3,4383.0,бРел
3002,14:02:15,14.6,-0.009999999999999787,40,58400.0,бТел
3003,14:02:18,14.61,0.009999999999999787,98,143176.0,бРел
3004,14:02:24,14.61,0.0,21,30681.0,бТел
3005,14:02:27,14.61,0.0,58,84738.0,бТел
3006,14:02:30,14.61,0.0,40,58440.0,бТел
3007,14:02:33,14.61,0.0,19,27767.0,бТел
3008,14:02:36,14.62,0.009999999999999787,75,109591.0,бРел
3009,14:02:39,14.62,0.0,70,102316.0,бРел
3010,14:02:42,14.62,0.0,24,35088.0,бРел
3011,14:02:45,14.61,-0.009999999999999787,277,404818.0,бТел
3012,14:02:48,14.61,0.0,90,131502.0,бТел
3013,14:02:51,14.63,0.02000000000000135,46,67281.0,бРел
3014,14:02:54,14.62,-0.010000000000001563,13,19013.0,бТел
3015,14:02:57,14.62,0.0,239,349083.0,бТел
3016,14:03:00,14.62,0.0,53,77486.0,бРел
3017,14:03:03,14.62,0.0,56,81872.0,бРел
3018,14:03:06,14.61,-0.009999999999999787,44,64314.0,бТел
3019,14:03:09,14.61,0.0,22,32145.0,бТел
3020,14:03:12,14.6,-0.009999999999999787,47,68644.0,бТел
3021,14:03:15,14.61,0.009999999999999787,50,73050.0,бРел
3022,14:03:21,14.6,-0.009999999999999787,16,23370.0,бТел
3023,14:03:24,14.6,0.0,126,184084.0,бТел
3024,14:03:27,14.61,0.009999999999999787,1,1461.0,жпптел
3025,14:03:33,14.6,-0.009999999999999787,151,220460.0,бТел
3026,14:03:36,14.62,0.019999999999999574,200,292400.0,бРел
3027,14:03:39,14.6,-0.019999999999999574,41,59860.0,бТел
3028,14:03:48,14.6,0.0,103,150359.0,бРел
3029,14:03:51,14.6,0.0,1,1460.0,бТел
3030,14:03:54,14.62,0.019999999999999574,14,20468.0,бРел
3031,14:03:57,14.62,0.0,16,23392.0,бТел
3032,14:04:00,14.6,-0.019999999999999574,60,87600.0,бТел
3033,14:04:03,14.61,0.009999999999999787,91,132863.0,бРел
3034,14:04:06,14.62,0.009999999999999787,32,46771.0,бРел
3035,14:04:09,14.59,-0.02999999999999936,404,589956.0,бТел
3036,14:04:12,14.62,0.02999999999999936,51,74508.0,бРел
3037,14:04:18,14.6,-0.019999999999999574,99,144621.0,бТел
3038,14:04:21,14.59,-0.009999999999999787,7,10216.0,бТел
3039,14:04:24,14.6,0.009999999999999787,29,42330.0,бРел
3040,14:04:27,14.6,0.0,30,43796.0,бРел
3041,14:04:30,14.6,0.0,81,118220.0,бРел
3042,14:04:33,14.6,0.0,21,30649.0,бРел
3043,14:04:36,14.6,0.0,35,51071.0,бРел
3044,14:04:39,14.6,0.0,4,5840.0,бРел
3045,14:04:42,14.59,-0.009999999999999787,48,70032.0,бТел
3046,14:04:45,14.59,0.0,19,27721.0,бТел
3047,14:04:51,14.6,0.009999999999999787,28,40906.0,бРел
3048,14:04:54,14.59,-0.009999999999999787,1,1459.0,бТел
3049,14:05:00,14.59,0.0,42,61278.0,бТел
3050,14:05:03,14.6,0.009999999999999787,2,2920.0,бРел
3051,14:05:06,14.59,-0.009999999999999787,34,49606.0,бТел
3052,14:05:09,14.59,0.0,63,91921.0,бТел
3053,14:05:12,14.59,0.0,19,27716.0,бТел
3054,14:05:18,14.59,0.0,29,42311.0,бРел
3055,14:05:21,14.6,0.009999999999999787,43,62770.0,бРел
3056,14:05:24,14.59,-0.009999999999999787,13,18967.0,жпптел
3057,14:05:27,14.6,0.009999999999999787,32,46720.0,бРел
3058,14:05:30,14.59,-0.009999999999999787,20,29180.0,бТел
3059,14:05:33,14.6,0.009999999999999787,5,7300.0,бРел
3060,14:05:36,14.6,0.0,8,11679.0,бРел
3061,14:05:39,14.59,-0.009999999999999787,172,250953.0,бТел
3062,14:05:42,14.6,0.009999999999999787,2,2920.0,жпптел
3063,14:05:45,14.6,0.0,33,48180.0,бТел
3064,14:05:51,14.61,0.009999999999999787,1,1461.0,бРел
3065,14:05:54,14.61,0.0,38,55508.0,бРел
3066,14:05:57,14.61,0.0,41,59900.0,бРел
3067,14:06:00,14.61,0.0,59,86174.0,бРел
3068,14:06:03,14.61,0.0,79,115365.0,бРел
3069,14:06:06,14.6,-0.009999999999999787,1,1460.0,бТел
3070,14:06:09,14.61,0.009999999999999787,43,62823.0,бРел
3071,14:06:15,14.6,-0.009999999999999787,63,92003.0,бТел
3072,14:06:18,14.6,0.0,6,8763.0,бТел
3073,14:06:21,14.61,0.009999999999999787,4,5844.0,бРел
3074,14:06:24,14.6,-0.009999999999999787,76,111045.0,бТел
3075,14:06:27,14.61,0.009999999999999787,12,17540.0,бТел
3076,14:06:36,14.61,0.0,1,1461.0,бТел
3077,14:06:39,14.62,0.009999999999999787,13,19009.0,бТел
3078,14:06:42,14.62,0.0,6,8772.0,жпптел
3079,14:06:45,14.62,0.0,1,1462.0,бРел
3080,14:06:48,14.61,-0.009999999999999787,14,20467.0,бТел
3081,14:06:51,14.62,0.009999999999999787,15,21929.0,бРел
3082,14:06:54,14.63,0.010000000000001563,50,73064.0,бРел
3083,14:06:57,14.61,-0.02000000000000135,29,42379.0,бТел
3084,14:07:03,14.61,0.0,50,73063.0,бТел
3085,14:07:09,14.63,0.02000000000000135,1,1463.0,бРел
3086,14:07:21,14.62,-0.010000000000001563,40,58480.0,бТел
3087,14:07:24,14.63,0.010000000000001563,2,2925.0,бРел
3088,14:07:27,14.63,0.0,33,48279.0,бРел
3089,14:07:30,14.62,-0.010000000000001563,5,7311.0,бТел
3090,14:07:33,14.62,0.0,33,48256.0,бТел
3091,14:07:36,14.63,0.010000000000001563,3,4388.0,бРел
3092,14:07:39,14.63,0.0,11,16093.0,бРел
3093,14:07:42,14.63,0.0,41,59943.0,бРел
3094,14:07:45,14.63,0.0,29,42401.0,бРел
3095,14:07:48,14.63,0.0,12,17556.0,бРел
3096,14:07:51,14.63,0.0,2,2926.0,бРел
3097,14:07:54,14.62,-0.010000000000001563,491,717888.0,бТел
3098,14:07:57,14.62,0.0,65,95030.0,бРел
3099,14:08:00,14.62,0.0,10,14620.0,бРел
3100,14:08:06,14.61,-0.009999999999999787,55,80360.0,бТел
3101,14:08:12,14.62,0.009999999999999787,10,14620.0,бРел
3102,14:08:15,14.62,0.0,116,169592.0,бРел
3103,14:08:21,14.61,-0.009999999999999787,119,173895.0,бТел
3104,14:08:24,14.61,0.0,1,1461.0,бРел
3105,14:08:30,14.61,0.0,10,14610.0,бРел
3106,14:08:33,14.6,-0.009999999999999787,116,169365.0,бТел
3107,14:08:36,14.6,0.0,31,45259.0,бРел
3108,14:08:39,14.6,0.0,50,73000.0,бРел
3109,14:08:42,14.6,0.0,1,1460.0,бРел
3110,14:08:45,14.59,-0.009999999999999787,61,89020.0,бТел
3111,14:08:51,14.59,0.0,94,137150.0,бТел
3112,14:08:57,14.59,0.0,112,163441.0,бТел
3113,14:09:00,14.59,0.0,12,17508.0,бТел
3114,14:09:03,14.59,0.0,51,74409.0,бТел
3115,14:09:09,14.59,0.0,14,20425.0,бРел
3116,14:09:12,14.58,-0.009999999999999787,13,18959.0,бТел
3117,14:09:15,14.58,0.0,34,49572.0,бТел
3118,14:09:21,14.58,0.0,289,421362.0,бТел
3119,14:09:24,14.58,0.0,278,405324.0,бТел
3120,14:09:27,14.57,-0.009999999999999787,32,46627.0,бТел
3121,14:09:30,14.58,0.009999999999999787,17,24776.0,бРел
3122,14:09:33,14.57,-0.009999999999999787,44,64108.0,бТел
3123,14:09:39,14.55,-0.019999999999999574,314,457238.0,бТел
3124,14:09:42,14.55,0.0,3,4365.0,бТел
3125,14:09:45,14.55,0.0,16,23280.0,бТел
3126,14:09:48,14.55,0.0,183,265948.0,бРел
3127,14:09:51,14.55,0.0,20,29106.0,бТел
3128,14:09:57,14.53,-0.02000000000000135,26,37793.0,бТел
3129,14:10:00,14.54,0.009999999999999787,109,158386.0,бРел
3130,14:10:03,14.53,-0.009999999999999787,1,1525.6499999761581,бТел
3131,14:10:09,14.53,0.0,34,49402.0,бТел
3132,14:10:12,14.53,0.0,16,23254.0,бТел
3133,14:10:15,14.55,0.02000000000000135,1415,2053947.8500000238,бРел
3134,14:10:18,14.51,-0.040000000000000924,184,267602.0,бТел
3135,14:10:21,14.54,0.02999999999999936,3,4362.0,бТел
3136,14:10:30,14.53,-0.009999999999999787,169,245633.0,бТел
3137,14:10:33,14.52,-0.009999999999999787,208,302154.0,бТел
3138,14:10:36,14.52,0.0,135,196019.0,бРел
3139,14:10:39,14.52,0.0,6,8712.0,бРел
3140,14:10:42,14.52,0.0,272,394944.0,бРел
3141,14:10:45,14.52,0.0,68,98782.0,бТел
3142,14:10:48,14.52,0.0,6,8713.0,бТел
3143,14:10:51,14.52,0.0,45,65370.0,бТел
3144,14:10:54,14.54,0.019999999999999574,13,18896.0,бРел
3145,14:10:57,14.52,-0.019999999999999574,11,15984.0,бТел
3146,14:11:00,14.55,0.030000000000001137,12,17460.0,бРел
3147,14:11:09,14.55,0.0,6,8729.0,бРел
3148,14:11:12,14.54,-0.010000000000001563,17,24730.0,бТел
3149,14:11:15,14.55,0.010000000000001563,4,5820.0,бТел
3150,14:11:18,14.56,0.009999999999999787,40,58232.0,бРел
3151,14:11:24,14.56,0.0,34,49499.0,бРел
3152,14:11:27,14.56,0.0,13,18928.0,бРел
3153,14:11:30,14.56,0.0,22,32032.0,бРел
3154,14:11:33,14.57,0.009999999999999787,2,2914.0,бРел
3155,14:11:36,14.56,-0.009999999999999787,31,45136.0,бТел
3156,14:11:42,14.57,0.009999999999999787,33,48066.0,бРел
3157,14:11:45,14.57,0.0,49,71393.0,бРел
3158,14:11:48,14.57,0.0,48,69936.0,бРел
3159,14:11:51,14.57,0.0,46,67018.0,бРел
3160,14:11:54,14.57,0.0,15,21855.0,бРел
3161,14:12:00,14.57,0.0,90,131125.0,бРел
3162,14:12:03,14.57,0.0,20,29140.0,бТел
3163,14:12:09,14.58,0.009999999999999787,181,263883.0,бРел
3164,14:12:15,14.58,0.0,47,68519.0,бРел
3165,14:12:18,14.57,-0.009999999999999787,20,29140.0,бТел
3166,14:12:21,14.58,0.009999999999999787,7,10204.0,бРел
3167,14:12:24,14.58,0.0,3,4374.0,бРел
3168,14:12:27,14.58,0.0,21,30618.0,бРел
3169,14:12:30,14.57,-0.009999999999999787,20,29144.0,бТел
3170,14:12:33,14.58,0.009999999999999787,33,48111.0,бРел
3171,14:12:36,14.57,-0.009999999999999787,74,107821.0,бТел
3172,14:12:42,14.58,0.009999999999999787,66,96183.0,бРел
3173,14:12:45,14.58,0.0,11,16038.0,бРел
3174,14:12:51,14.57,-0.009999999999999787,28,40795.0,бРел
3175,14:12:57,14.57,0.0,27,39339.0,бРел
3176,14:13:00,14.57,0.0,3,4371.0,бРел
3177,14:13:03,14.57,0.0,39,56792.0,бРел
3178,14:13:06,14.57,0.0,24,34968.0,бРел
3179,14:13:09,14.57,0.0,30,43710.0,бТел
3180,14:13:12,14.57,0.0,6,8742.0,бТел
3181,14:13:15,14.58,0.009999999999999787,17,24777.0,бРел
3182,14:13:18,14.58,0.0,100,145800.0,бРел
3183,14:13:21,14.58,0.0,1,1458.0,бРел
3184,14:13:24,14.58,0.0,10,14580.0,бРел
3185,14:13:27,14.58,0.0,75,109350.0,бРел
3186,14:13:30,14.58,0.0,70,102044.0,бРел
3187,14:13:36,14.58,0.0,55,80189.0,бРел
3188,14:13:42,14.57,-0.009999999999999787,6,8745.0,бТел
3189,14:13:45,14.58,0.009999999999999787,16,23328.0,бРел
3190,14:13:48,14.59,0.009999999999999787,244,355755.0,бРел
3191,14:13:51,14.58,-0.009999999999999787,10,14580.0,бТел
3192,14:14:03,14.59,0.009999999999999787,5,7295.0,бРел
3193,14:14:06,14.59,0.0,1,1459.0,бРел
3194,14:14:09,14.59,0.0,29,42302.0,бРел
3195,14:14:12,14.59,0.0,3,4377.0,бРел
3196,14:14:18,14.59,0.0,8,11672.0,бРел
3197,14:14:21,14.59,0.0,14,20425.0,бРел
3198,14:14:24,14.59,0.0,4,5836.0,бРел
3199,14:14:30,14.59,0.0,27,39400.0,бТел
3200,14:14:39,14.6,0.009999999999999787,47,68620.0,бРел
3201,14:14:42,14.6,0.0,19,27740.0,бРел
3202,14:14:54,14.6,0.0,1,1460.0,бТел
3203,14:14:57,14.61,0.009999999999999787,10,14610.0,бРел
3204,14:15:00,14.6,-0.009999999999999787,123,179594.0,бТел
3205,14:15:03,14.6,0.0,2,2920.0,бРел
3206,14:15:06,14.6,0.0,36,52560.0,бРел
3207,14:15:09,14.6,0.0,43,62779.0,бРел
3208,14:15:15,14.59,-0.009999999999999787,362,527972.0,бТел
3209,14:15:18,14.6,0.009999999999999787,18,26264.0,бРел
3210,14:15:33,14.62,0.019999999999999574,91,133021.0,бРел
3211,14:15:36,14.65,0.030000000000001137,176,257651.0,бРел
3212,14:15:42,14.66,0.009999999999999787,9,13194.0,бРел
3213,14:15:51,14.65,-0.009999999999999787,6,8790.0,бТел
3214,14:15:54,14.66,0.009999999999999787,12,17591.0,бРел
3215,14:15:57,14.65,-0.009999999999999787,4,5860.0,бТел
3216,14:16:03,14.66,0.009999999999999787,2,2932.0,бРел
3217,14:16:06,14.66,0.0,34,49854.0,бТел
3218,14:16:09,14.65,-0.009999999999999787,123,180193.0,бРел
3219,14:16:12,14.65,0.0,10,14650.0,бРел
3220,14:16:15,14.65,0.0,143,209343.0,бРел
3221,14:16:18,14.64,-0.009999999999999787,7,10248.0,жпптел
3222,14:16:21,14.64,0.0,162,237107.0,бРел
3223,14:16:24,14.64,0.0,7,10252.0,бРел
3224,14:16:27,14.63,-0.009999999999999787,5,7315.0,бРел
3225,14:16:30,14.64,0.009999999999999787,27,39519.0,бРел
3226,14:16:36,14.64,0.0,23,33672.0,бРел
3227,14:16:39,14.63,-0.009999999999999787,5,7315.0,бТел
3228,14:16:42,14.63,0.0,190,277976.0,бТел
3229,14:16:45,14.62,-0.010000000000001563,100,146230.0,бТел
3230,14:16:51,14.64,0.02000000000000135,39,57096.0,бРел
3231,14:16:54,14.63,-0.009999999999999787,127,185812.0,бТел
3232,14:16:57,14.63,0.0,3,4389.0,бТел
3233,14:17:00,14.64,0.009999999999999787,7,10248.0,бРел
3234,14:17:03,14.65,0.009999999999999787,17,24888.0,бРел
3235,14:17:09,14.64,-0.009999999999999787,4,5856.0,жпптел
3236,14:17:12,14.64,0.0,6,8784.0,бРел
3237,14:17:15,14.63,-0.009999999999999787,100,146305.0,бТел
3238,14:17:18,14.62,-0.010000000000001563,74,108228.0,бТел
3239,14:17:21,14.62,0.0,1,1462.0,бТел
3240,14:17:33,14.63,0.010000000000001563,13,19029.0,бТел
3241,14:17:36,14.63,0.0,2,2926.0,бТел
3242,14:17:39,14.63,0.0,9,13167.0,бТел
3243,14:17:42,14.63,0.0,77,112654.0,бТел
3244,14:17:48,14.63,0.0,2,2926.0,бТел
3245,14:17:54,14.63,0.0,41,59983.0,бТел
3246,14:17:57,14.64,0.009999999999999787,26,38054.0,бРел
3247,14:18:00,14.63,-0.009999999999999787,5,7315.0,бТел
3248,14:18:03,14.63,0.0,40,58522.0,бТел
3249,14:18:06,14.62,-0.010000000000001563,1,1462.0,бТел
3250,14:18:09,14.63,0.010000000000001563,20,29260.0,бРел
3251,14:18:12,14.63,0.0,13,19011.0,бРел
3252,14:18:21,14.62,-0.010000000000001563,10,14620.0,бТел
3253,14:18:24,14.64,0.02000000000000135,46,67324.0,бРел
3254,14:18:39,14.64,0.0,9,13176.0,бРел
3255,14:18:51,14.64,0.0,24,35136.0,бРел
3256,14:18:54,14.64,0.0,1,1464.0,бТел
3257,14:18:57,14.64,0.0,7,10248.0,бТел
3258,14:19:00,14.64,0.0,76,111264.0,бТел
3259,14:19:06,14.65,0.009999999999999787,20,29299.0,бРел
3260,14:19:09,14.64,-0.009999999999999787,5,7320.0,бТел
3261,14:19:12,14.65,0.009999999999999787,15,21975.0,бРел
3262,14:19:18,14.65,0.0,2,2930.0,бТел
3263,14:19:24,14.65,0.0,8,11720.0,бТел
3264,14:19:33,14.65,0.0,10,14650.0,бТел
3265,14:19:42,14.66,0.009999999999999787,2,2932.0,бРел
3266,14:19:45,14.66,0.0,10,14660.0,бРел
3267,14:19:51,14.66,0.0,4,5864.0,бРел
3268,14:19:54,14.66,0.0,15,21989.0,бРел
3269,14:19:57,14.66,0.0,20,29317.0,бРел
3270,14:20:03,14.66,0.0,96,140736.0,бТел
3271,14:20:06,14.67,0.009999999999999787,35,51345.0,бРел
3272,14:20:12,14.67,0.0,7,10269.0,бТел
3273,14:20:15,14.67,0.0,16,23472.0,бТел
3274,14:20:18,14.67,0.0,3,4401.0,бРел
3275,14:20:21,14.66,-0.009999999999999787,1,1466.0,бТел
3276,14:20:24,14.66,0.0,191,280031.0,бТел
3277,14:20:27,14.66,0.0,9,13194.0,бРел
3278,14:20:30,14.67,0.009999999999999787,61,89427.0,бРел
3279,14:20:33,14.66,-0.009999999999999787,55,80630.0,бРел
3280,14:20:39,14.65,-0.009999999999999787,31,45425.0,бТел
3281,14:20:42,14.65,0.0,43,62995.0,бТел
3282,14:20:45,14.66,0.009999999999999787,201,294624.0,бРел
3283,14:20:48,14.65,-0.009999999999999787,15,21975.0,бРел
3284,14:20:51,14.64,-0.009999999999999787,25,36600.0,бТел
3285,14:20:54,14.65,0.009999999999999787,57,83502.0,бРел
3286,14:20:57,14.64,-0.009999999999999787,39,57096.0,бТел
3287,14:21:00,14.64,0.0,20,29280.0,бРел
3288,14:21:03,14.64,0.0,35,51225.0,бРел
3289,14:21:09,14.63,-0.009999999999999787,8,11704.0,бТел
3290,14:21:12,14.64,0.009999999999999787,33,48308.0,бРел
3291,14:21:15,14.63,-0.009999999999999787,1,1463.0,бРел
3292,14:21:18,14.63,0.0,3,4389.0,бРел
3293,14:21:21,14.63,0.0,9,13165.0,бРел
3294,14:21:24,14.63,0.0,127,185771.0,бРел
3295,14:21:27,14.63,0.0,10,14630.0,бРел
3296,14:21:30,14.62,-0.010000000000001563,32,46786.0,бТел
3297,14:21:33,14.62,0.0,113,165207.0,бТел
3298,14:21:39,14.62,0.0,21,30701.0,бРел
3299,14:21:42,14.61,-0.009999999999999787,54,78947.0,бТел
3300,14:21:51,14.62,0.009999999999999787,10,14620.0,бРел
3301,14:21:54,14.61,-0.009999999999999787,42,61362.0,бТел
3302,14:21:57,14.61,0.0,165,241077.0,бТел
3303,14:22:03,14.6,-0.009999999999999787,31,45265.0,бТел
3304,14:22:06,14.6,0.0,11,16060.0,бТел
3305,14:22:12,14.6,0.0,499,728540.0,бТел
3306,14:22:15,14.62,0.019999999999999574,86,125662.0,бРел
3307,14:22:21,14.61,-0.009999999999999787,13,18988.0,жпптел
3308,14:22:24,14.6,-0.009999999999999787,98,143228.0,бТел
3309,14:22:36,14.62,0.019999999999999574,13,19003.0,бРел
3310,14:22:39,14.61,-0.009999999999999787,11,16072.0,бТел
3311,14:22:42,14.61,0.0,11,16071.0,бРел
3312,14:22:51,14.61,0.0,57,83246.0,бРел
3313,14:22:54,14.61,0.0,24,35064.0,бРел
3314,14:22:57,14.61,0.0,31,45291.0,бРел
3315,14:23:00,14.61,0.0,23,33603.0,бТел
3316,14:23:03,14.61,0.0,96,140256.0,бТел
3317,14:23:06,14.61,0.0,14,20454.0,бТел
3318,14:23:09,14.61,0.0,24,35064.0,бТел
3319,14:23:12,14.61,0.0,7,10229.0,бТел
3320,14:23:15,14.62,0.009999999999999787,1,1462.0,бРел
3321,14:23:18,14.62,0.0,2,2924.0,бРел
3322,14:23:21,14.62,0.0,10,14620.0,бРел
3323,14:23:24,14.62,0.0,72,105264.0,бРел
3324,14:23:27,14.62,0.0,4,5848.0,бТел
3325,14:23:33,14.63,0.010000000000001563,19,27783.0,бРел
3326,14:23:36,14.62,-0.010000000000001563,228,333522.0,бТел
3327,14:23:39,14.61,-0.009999999999999787,1,1461.0,бТел
3328,14:23:42,14.63,0.02000000000000135,6,8774.0,бРел
3329,14:23:48,14.63,0.0,1,1463.0,бРел
3330,14:23:51,14.62,-0.010000000000001563,5,7310.0,бТел
3331,14:23:54,14.63,0.010000000000001563,1,1463.0,бРел
3332,14:23:57,14.63,0.0,13,19019.0,бРел
3333,14:24:00,14.63,0.0,12,17556.0,бРел
3334,14:24:03,14.63,0.0,156,228083.0,бРел
3335,14:24:06,14.62,-0.010000000000001563,6,8777.0,бТел
3336,14:24:12,14.63,0.010000000000001563,20,29260.0,бРел
3337,14:24:15,14.63,0.0,57,83391.0,бРел
3338,14:24:21,14.63,0.0,8,11704.0,бТел
3339,14:24:24,14.64,0.009999999999999787,3,4390.0,бРел
3340,14:24:27,14.63,-0.009999999999999787,168,245784.0,бТел
3341,14:24:33,14.63,0.0,22,32186.0,бРел
3342,14:24:36,14.63,0.0,1,1463.0,бРел
3343,14:24:39,14.63,0.0,227,332100.0,бРел
3344,14:24:45,14.63,0.0,158,231026.0,бРел
3345,14:24:48,14.61,-0.02000000000000135,9,13160.0,бТел
3346,14:24:51,14.61,0.0,1,1461.0,бТел
3347,14:25:00,14.62,0.009999999999999787,10,14620.0,бРел
3348,14:25:06,14.61,-0.009999999999999787,106,154866.0,бТел
3349,14:25:12,14.61,0.0,19,27759.0,бТел
3350,14:25:15,14.62,0.009999999999999787,39,56988.0,бРел
3351,14:25:18,14.62,0.0,7,10234.0,бТел
3352,14:25:21,14.62,0.0,25,36550.0,бТел
3353,14:25:24,14.61,-0.009999999999999787,44,64320.0,бТел
3354,14:25:27,14.62,0.009999999999999787,26,38012.0,бТел
3355,14:25:33,14.62,0.0,6,8772.0,бТел
3356,14:25:36,14.62,0.0,6,8772.0,бТел
3357,14:25:39,14.62,0.0,303,443286.0,бТел
3358,14:25:45,14.63,0.010000000000001563,1,1463.0,бРел
3359,14:25:48,14.62,-0.010000000000001563,36,52632.0,бТел
3360,14:25:51,14.62,0.0,37,54099.0,бТел
3361,14:25:57,14.62,0.0,12,17544.0,бРел
3362,14:26:00,14.62,0.0,6,8767.0,бРел
3363,14:26:03,14.61,-0.009999999999999787,23,33603.0,бТел
3364,14:26:06,14.62,0.009999999999999787,175,255847.0,бРел
3365,14:26:09,14.63,0.010000000000001563,81,118503.0,бТел
3366,14:26:21,14.63,0.0,13,19019.0,бТел
3367,14:26:24,14.63,0.0,9,13167.0,бТел
3368,14:26:33,14.63,0.0,45,65835.0,бТел
3369,14:26:36,14.63,0.0,20,29260.0,бРел
3370,14:26:39,14.63,0.0,11,16092.0,бРел
3371,14:26:42,14.62,-0.010000000000001563,4,5848.0,бТел
3372,14:26:45,14.63,0.010000000000001563,14,20477.0,бРел
3373,14:26:48,14.63,0.0,13,19019.0,бРел
3374,14:26:57,14.63,0.0,56,81918.0,бРел
3375,14:27:00,14.63,0.0,100,146300.0,бРел
3376,14:27:03,14.63,0.0,26,38023.0,бРел
3377,14:27:06,14.62,-0.010000000000001563,2,2924.0,бТел
3378,14:27:09,14.62,0.0,9,13159.0,бТел
3379,14:27:12,14.63,0.010000000000001563,72,105286.0,бРел
3380,14:27:15,14.63,0.0,153,223738.0,бРел
3381,14:27:27,14.62,-0.010000000000001563,1,1462.0,бРел
3382,14:27:30,14.62,0.0,13,19006.0,бРел
3383,14:27:36,14.61,-0.009999999999999787,60,87665.0,бТел
3384,14:27:39,14.62,0.009999999999999787,6,8771.0,бРел
3385,14:27:42,14.61,-0.009999999999999787,25,36539.0,бТел
3386,14:27:45,14.61,0.0,19,27759.0,бТел
3387,14:27:51,14.62,0.009999999999999787,47,68682.0,бРел
3388,14:27:54,14.61,-0.009999999999999787,10,14610.0,бТел
3389,14:28:00,14.62,0.009999999999999787,58,84796.0,бРел
3390,14:28:03,14.62,0.0,8,11696.0,бРел
3391,14:28:06,14.62,0.0,244,356527.0,бРел
3392,14:28:09,14.61,-0.009999999999999787,8,11688.0,бТел
3393,14:28:12,14.62,0.009999999999999787,6,8772.0,бРел
3394,14:28:15,14.62,0.0,5,7310.0,бРел
3395,14:28:18,14.62,0.0,17,24854.0,бРел
3396,14:28:24,14.61,-0.009999999999999787,12,17532.0,бТел
3397,14:28:39,14.62,0.009999999999999787,128,187135.0,бРел
3398,14:28:48,14.62,0.0,34,49708.0,бТел
3399,14:28:51,14.62,0.0,45,65800.0,бТел
3400,14:28:54,14.63,0.010000000000001563,401,586663.0,бРел
3401,14:28:57,14.62,-0.010000000000001563,63,92121.0,бТел
3402,14:29:03,14.64,0.02000000000000135,34,49776.0,бРел
3403,14:29:06,14.62,-0.02000000000000135,42,61444.0,бТел
3404,14:29:09,14.62,0.0,61,89182.0,бТел
3405,14:29:15,14.64,0.02000000000000135,89,130296.0,бРел
3406,14:29:24,14.64,0.0,61,89304.0,бТел
3407,14:29:27,14.63,-0.009999999999999787,10,14630.0,бТел
3408,14:29:30,14.64,0.009999999999999787,39,57129.0,бРел
3409,14:29:33,14.66,0.019999999999999574,17,24911.0,бРел
3410,14:29:36,14.66,0.0,10,14660.0,бРел
3411,14:29:45,14.67,0.009999999999999787,58,85086.0,бРел
3412,14:29:48,14.67,0.0,10,14670.0,бРел
3413,14:29:51,14.67,0.0,77,112962.0,бРел
3414,14:30:00,14.68,0.009999999999999787,17,24956.0,бРел
3415,14:30:03,14.68,0.0,15,22020.0,бРел
3416,14:30:06,14.68,0.0,10,14680.0,бРел
3417,14:30:15,14.69,0.009999999999999787,6,8814.0,бРел
3418,14:30:21,14.69,0.0,49,71979.0,бРел
3419,14:30:24,14.69,0.0,17,24973.0,бРел
3420,14:30:30,14.69,0.0,36,52884.0,бРел
3421,14:30:33,14.69,0.0,110,161590.0,бРел
3422,14:30:36,14.7,0.009999999999999787,1,1470.0,бРел
3423,14:30:39,14.69,-0.009999999999999787,21,30862.0,бТел
3424,14:30:42,14.71,0.02000000000000135,2,2942.0,бРел
3425,14:30:45,14.73,0.019999999999999574,50,73604.0,бРел
3426,14:30:48,14.7,-0.030000000000001137,5,7352.0,бТел
3427,14:30:51,14.72,0.02000000000000135,30,44160.0,бРел
3428,14:30:54,14.71,-0.009999999999999787,67,98604.0,бТел
3429,14:30:57,14.73,0.019999999999999574,2,2946.0,бРел
3430,14:31:00,14.73,0.0,4,5892.0,бРел
3431,14:31:03,14.72,-0.009999999999999787,78,114836.0,бТел
3432,14:31:06,14.73,0.009999999999999787,12,17676.0,бРел
3433,14:31:09,14.73,0.0,2,2946.0,бТел
3434,14:31:12,14.73,0.0,22,32416.0,бТел
3435,14:31:18,14.73,0.0,5,7368.0,бТел
3436,14:31:21,14.73,0.0,34,50082.0,бТел
3437,14:31:24,14.73,0.0,60,88419.0,бТел
3438,14:31:27,14.74,0.009999999999999787,20,29480.0,бРел
3439,14:31:30,14.74,0.0,89,131147.0,бРел
3440,14:31:33,14.74,0.0,44,64842.0,бРел
3441,14:31:36,14.73,-0.009999999999999787,73,107597.0,бТел
3442,14:31:39,14.75,0.019999999999999574,9,13262.0,бРел
3443,14:31:42,14.74,-0.009999999999999787,31,45694.0,бТел
3444,14:31:45,14.75,0.009999999999999787,51,75178.0,бРел
3445,14:31:48,14.74,-0.009999999999999787,83,122342.0,бТел
3446,14:31:51,14.74,0.0,23,33895.0,бРел
3447,14:31:54,14.73,-0.009999999999999787,59,86914.0,бТел
3448,14:31:57,14.74,0.009999999999999787,219,322798.0,бРел
3449,14:32:00,14.7,-0.040000000000000924,65,95688.0,бТел
3450,14:32:03,14.73,0.030000000000001137,30,44163.0,бРел
3451,14:32:06,14.72,-0.009999999999999787,64,94262.0,жпптел
3452,14:32:12,14.73,0.009999999999999787,79,116356.0,бРел
3453,14:32:15,14.72,-0.009999999999999787,8,11776.0,бРел
3454,14:32:18,14.71,-0.009999999999999787,2,2942.0,бТел
3455,14:32:21,14.7,-0.010000000000001563,25,36750.0,бТел
3456,14:32:24,14.69,-0.009999999999999787,28,41150.0,бТел
3457,14:32:27,14.7,0.009999999999999787,135,198555.0,бТел
3458,14:32:33,14.7,0.0,56,82312.0,бРел
3459,14:32:36,14.69,-0.009999999999999787,38,55822.0,бТел
3460,14:32:42,14.69,0.0,93,136637.0,бТел
3461,14:32:45,14.69,0.0,11,16159.0,бРел
3462,14:32:48,14.69,0.0,77,113073.0,бРел
3463,14:32:51,14.67,-0.019999999999999574,53,77813.0,бТел
3464,14:33:00,14.69,0.019999999999999574,1,1469.0,бРел
3465,14:33:03,14.67,-0.019999999999999574,10,14670.0,бТел
3466,14:33:09,14.69,0.019999999999999574,83,121927.0,бРел
3467,14:33:12,14.67,-0.019999999999999574,71,104229.0,бТел
3468,14:33:15,14.69,0.019999999999999574,197,289190.0,бРел
3469,14:33:24,14.69,0.0,7,10283.0,бРел
3470,14:33:27,14.68,-0.009999999999999787,26,38160.0,жпптел
3471,14:33:30,14.69,0.009999999999999787,51,74893.0,бРел
3472,14:33:33,14.67,-0.019999999999999574,70,102690.0,бТел
3473,14:33:36,14.67,0.0,36,52831.0,бТел
3474,14:33:39,14.68,0.009999999999999787,13,19084.0,бРел
3475,14:33:45,14.68,0.0,2,2936.0,бРел
3476,14:33:51,14.68,0.0,11,16148.0,бРел
3477,14:34:00,14.68,0.0,10,14680.0,бТел
3478,14:34:03,14.68,0.0,13,19084.0,бТел
3479,14:34:15,14.69,0.009999999999999787,3,4406.0,бРел
3480,14:34:18,14.69,0.0,6,8814.0,бРел
3481,14:34:21,14.68,-0.009999999999999787,1,1468.0,бТел
3482,14:34:24,14.68,0.0,76,111568.0,бТел
3483,14:34:27,14.68,0.0,13,19084.0,бРел
3484,14:34:30,14.68,0.0,163,239494.0,бРел
3485,14:34:33,14.68,0.0,8,11744.0,бТел
3486,14:34:36,14.68,0.0,11,16146.0,бРел
3487,14:34:39,14.68,0.0,10,14680.0,бТел
3488,14:34:42,14.69,0.009999999999999787,20,29364.0,бРел
3489,14:34:45,14.68,-0.009999999999999787,21,30828.0,бТел
3490,14:34:51,14.68,0.0,38,55786.0,бТел
3491,14:34:54,14.69,0.009999999999999787,73,107237.0,бРел
3492,14:34:57,14.7,0.009999999999999787,13,19110.0,бРел
3493,14:35:03,14.69,-0.009999999999999787,2,2938.0,бТел
3494,14:35:09,14.7,0.009999999999999787,42,61720.0,бРел
3495,14:35:12,14.7,0.0,17,24990.0,бРел
3496,14:35:15,14.69,-0.009999999999999787,10,14690.0,бТел
3497,14:35:18,14.71,0.02000000000000135,18,26453.0,бРел
3498,14:35:21,14.7,-0.010000000000001563,37,54390.0,бРел
3499,14:35:24,14.7,0.0,10,14700.0,бТел
3500,14:35:30,14.71,0.010000000000001563,2,2942.0,бРел
3501,14:35:33,14.72,0.009999999999999787,102,150043.0,бРел
3502,14:35:39,14.7,-0.02000000000000135,8,11760.0,бТел
3503,14:35:42,14.7,0.0,4,5882.0,бТел
3504,14:35:45,14.7,0.0,21,30880.0,бТел
3505,14:35:48,14.71,0.010000000000001563,3,4413.0,бРел
3506,14:35:51,14.7,-0.010000000000001563,92,135260.0,бТел
3507,14:35:54,14.71,0.010000000000001563,66,97058.0,бРел
3508,14:35:57,14.71,0.0,5,7355.0,бТел
3509,14:36:00,14.71,0.0,11,16181.0,бТел
3510,14:36:06,14.71,0.0,130,191230.0,бТел
3511,14:36:09,14.72,0.009999999999999787,26,38255.0,бРел
3512,14:36:12,14.71,-0.009999999999999787,6,8827.0,бТел
3513,14:36:15,14.72,0.009999999999999787,56,82411.0,бРел
3514,14:36:18,14.72,0.0,37,54457.0,бРел
3515,14:36:24,14.71,-0.009999999999999787,63,92645.0,бРел
3516,14:36:27,14.71,0.0,55,80930.0,бТел
3517,14:36:30,14.7,-0.010000000000001563,10,14700.0,бТел
3518,14:36:33,14.71,0.010000000000001563,1,1471.0,бРел
3519,14:36:36,14.7,-0.010000000000001563,10,14700.0,бТел
3520,14:36:39,14.7,0.0,60,88200.0,бТел
3521,14:36:42,14.7,0.0,27,39690.0,бТел
3522,14:36:45,14.7,0.0,4,5880.0,бРел
3523,14:36:48,14.7,0.0,20,29400.0,бРел
3524,14:36:51,14.68,-0.019999999999999574,71,104290.0,бТел
3525,14:36:54,14.69,0.009999999999999787,35,51415.0,бРел
3526,14:37:00,14.68,-0.009999999999999787,15,22020.0,бТел
3527,14:37:06,14.68,0.0,7,10276.0,бТел
3528,14:37:09,14.67,-0.009999999999999787,39,57213.0,бТел
3529,14:37:12,14.68,0.009999999999999787,105,154151.0,бРел
3530,14:37:15,14.67,-0.009999999999999787,36,52822.0,бТел
3531,14:37:18,14.67,0.0,370,542808.0,бТел
3532,14:37:21,14.67,0.0,158,231786.0,бТел
3533,14:37:24,14.67,0.0,96,140788.0,бТел
3534,14:37:27,14.65,-0.019999999999999574,21,30774.0,бТел
3535,14:37:30,14.65,0.0,22,32240.0,бТел
3536,14:37:36,14.67,0.019999999999999574,15,21992.0,бРел
3537,14:37:39,14.65,-0.019999999999999574,49,71843.0,бТел
3538,14:37:42,14.65,0.0,59,86435.0,бТел
3539,14:37:45,14.65,0.0,48,70300.0,бТел
3540,14:37:48,14.64,-0.009999999999999787,42,61508.0,бТел
3541,14:37:51,14.63,-0.009999999999999787,104,152323.0,бТел
3542,14:38:00,14.63,0.0,130,190256.0,бТел
3543,14:38:03,14.63,0.0,63,92129.0,бТел
3544,14:38:06,14.61,-0.02000000000000135,17,24849.0,бТел
3545,14:38:09,14.63,0.02000000000000135,321,469063.0,бРел
3546,14:38:12,14.6,-0.030000000000001137,15,21900.0,бТел
3547,14:38:18,14.6,0.0,190,277349.0,бТел
3548,14:38:21,14.6,0.0,4,5840.0,бРел
3549,14:38:33,14.6,0.0,47,68620.0,бТел
3550,14:38:36,14.6,0.0,10,14600.0,бРел
3551,14:38:39,14.6,0.0,29,42340.0,бРел
3552,14:38:42,14.6,0.0,34,49634.0,бРел
3553,14:38:45,14.59,-0.009999999999999787,12,17512.0,бТел
3554,14:38:48,14.6,0.009999999999999787,108,157519.0,бРел
3555,14:38:57,14.59,-0.009999999999999787,70,102180.0,бТел
3556,14:39:00,14.6,0.009999999999999787,98,142986.0,бРел
3557,14:39:03,14.57,-0.02999999999999936,178,259504.0,бТел
3558,14:39:06,14.59,0.019999999999999574,7,10221.0,бРел
3559,14:39:09,14.59,0.0,11,16065.0,бТел
3560,14:39:12,14.6,0.009999999999999787,18,26275.0,жпптел
3561,14:39:18,14.59,-0.009999999999999787,86,125474.0,бТел
3562,14:39:21,14.6,0.009999999999999787,15,21900.0,бРел
3563,14:39:24,14.6,0.0,69,100740.0,бРел
3564,14:39:27,14.59,-0.009999999999999787,35,51089.0,бТел
3565,14:39:33,14.6,0.009999999999999787,45,65784.0,бТел
3566,14:39:36,14.6,0.0,3,4380.0,бТел
3567,14:39:45,14.62,0.019999999999999574,15,21920.0,бРел
3568,14:39:48,14.62,0.0,48,70154.0,бРел
3569,14:39:51,14.61,-0.009999999999999787,7,10232.0,бТел
3570,14:39:57,14.61,0.0,12,17534.0,бТел
3571,14:40:00,14.62,0.009999999999999787,55,80310.0,бРел
3572,14:40:03,14.62,0.0,24,35109.0,бТел
3573,14:40:06,14.62,0.0,5,7310.0,бТел
3574,14:40:09,14.62,0.0,1,1462.0,бТел
3575,14:40:12,14.63,0.010000000000001563,21,30723.0,бРел
3576,14:40:15,14.63,0.0,9,13167.0,бТел
3577,14:40:18,14.63,0.0,205,299915.0,бТел
3578,14:40:21,14.63,0.0,113,165138.0,бТел
3579,14:40:24,14.64,0.009999999999999787,68,99495.0,бРел
3580,14:40:27,14.64,0.0,69,100976.0,бРел
3581,14:40:33,14.64,0.0,19,27816.0,бТел
3582,14:40:39,14.64,0.0,23,33672.0,бТел
3583,14:40:42,14.64,0.0,4,5853.0,бРел
3584,14:40:45,14.65,0.009999999999999787,54,79078.0,бРел
3585,14:40:48,14.63,-0.019999999999999574,82,119966.0,бТел
3586,14:40:51,14.63,0.0,21,30722.0,бРел
3587,14:40:57,14.63,0.0,14,20482.0,бРел
3588,14:41:00,14.63,0.0,2,2926.0,бРел
3589,14:41:03,14.63,0.0,11,16093.0,бРел
3590,14:41:06,14.63,0.0,27,39499.0,бРел
3591,14:41:09,14.63,0.0,52,76033.0,бРел
3592,14:41:15,14.62,-0.010000000000001563,50,73064.0,бТел
3593,14:41:21,14.61,-0.009999999999999787,46,67227.0,бТел
3594,14:41:24,14.62,0.009999999999999787,7,10234.0,бРел
3595,14:41:27,14.62,0.0,20,29240.0,бРел
3596,14:41:30,14.61,-0.009999999999999787,60,87660.0,бТел
3597,14:41:33,14.6,-0.009999999999999787,61,89145.0,бТел
3598,14:41:36,14.62,0.019999999999999574,17,24854.0,бРел
3599,14:41:39,14.61,-0.009999999999999787,12,17532.0,бТел
3600,14:41:42,14.6,-0.009999999999999787,16,23375.0,бТел
3601,14:41:48,14.6,0.0,168,245280.0,бТел
3602,14:41:57,14.6,0.0,111,162060.0,бТел
3603,14:42:03,14.59,-0.009999999999999787,19,27731.0,бТел
3604,14:42:06,14.6,0.009999999999999787,23,33569.0,бРел
3605,14:42:09,14.6,0.0,66,96338.0,бРел
3606,14:42:12,14.59,-0.009999999999999787,128,186768.0,бТел
3607,14:42:15,14.59,0.0,18,26274.0,бТел
3608,14:42:18,14.58,-0.009999999999999787,2,2916.0,бТел
3609,14:42:21,14.59,0.009999999999999787,1,1459.0,бРел
3610,14:42:24,14.59,0.0,67,97774.0,бТел
3611,14:42:27,14.6,0.009999999999999787,66,96305.0,бРел
3612,14:42:30,14.58,-0.019999999999999574,7,10206.0,бТел
3613,14:42:33,14.59,0.009999999999999787,13,18967.0,жпптел
3614,14:42:36,14.59,0.0,2,2918.0,бТел
3615,14:42:39,14.6,0.009999999999999787,9,13134.0,бРел
3616,14:42:45,14.59,-0.009999999999999787,69,100671.0,бТел
3617,14:42:51,14.58,-0.009999999999999787,201,293255.0,бТел
3618,14:42:54,14.6,0.019999999999999574,150,218926.0,бРел
3619,14:43:00,14.58,-0.019999999999999574,8,11665.0,бТел
3620,14:43:03,14.58,0.0,235,342756.0,бТел
3621,14:43:06,14.6,0.019999999999999574,5,7300.0,бРел
3622,14:43:09,14.58,-0.019999999999999574,54,78769.0,бТел
3623,14:43:12,14.58,0.0,71,103518.0,бТел
3624,14:43:15,14.58,0.0,10,14580.0,бРел
3625,14:43:18,14.58,0.0,18,26244.0,бРел
3626,14:43:21,14.58,0.0,69,100652.0,бТел
3627,14:43:24,14.58,0.0,25,36450.0,бТел
3628,14:43:27,14.58,0.0,12,17496.0,бРел
3629,14:43:30,14.58,0.0,46,67028.0,бРел
3630,14:43:33,14.58,0.0,11,16038.0,бРел
3631,14:43:36,14.58,0.0,3,4374.0,бРел
3632,14:43:39,14.58,0.0,121,176350.0,бРел
3633,14:43:42,14.58,0.0,31,45218.0,бТел
3634,14:43:51,14.58,0.0,27,39366.0,бТел
3635,14:43:54,14.58,0.0,4,5832.0,бТел
3636,14:43:57,14.58,0.0,14,20412.0,бТел
3637,14:44:00,14.58,0.0,26,37917.0,бТел
3638,14:44:03,14.58,0.0,93,135594.0,бРел
3639,14:44:06,14.58,0.0,5,7290.0,бТел
3640,14:44:09,14.59,0.009999999999999787,64,93376.0,бРел
3641,14:44:12,14.59,0.0,17,24790.0,бРел
3642,14:44:15,14.58,-0.009999999999999787,20,29160.0,бТел
3643,14:44:18,14.58,0.0,39,56887.0,бРел
3644,14:44:21,14.59,0.009999999999999787,20,29172.0,бРел
3645,14:44:24,14.59,0.0,2,2918.0,бРел
3646,14:44:27,14.58,-0.009999999999999787,83,121033.0,бТел
3647,14:44:33,14.59,0.009999999999999787,5,7295.0,бТел
3648,14:44:36,14.58,-0.009999999999999787,77,112348.0,бТел
3649,14:44:39,14.59,0.009999999999999787,2,2918.0,жпптел
3650,14:44:42,14.58,-0.009999999999999787,53,77318.0,бТел
3651,14:44:48,14.6,0.019999999999999574,3,4380.0,бРел
3652,14:44:51,14.59,-0.009999999999999787,50,72921.0,бТел
3653,14:44:54,14.59,0.0,16,23338.0,бРел
3654,14:45:00,14.59,0.0,72,105048.0,бРел
3655,14:45:03,14.6,0.009999999999999787,103,150377.0,бРел
3656,14:45:06,14.6,0.0,65,94899.0,бРел
3657,14:45:09,14.59,-0.009999999999999787,10,14590.0,бТел
3658,14:45:12,14.6,0.009999999999999787,71,103658.0,бРел
3659,14:45:18,14.6,0.0,257,375076.0,бРел
3660,14:45:21,14.6,0.0,37,54020.0,бТел
3661,14:45:24,14.59,-0.009999999999999787,50,72961.0,бТел
3662,14:45:27,14.61,0.019999999999999574,11,16071.0,бРел
3663,14:45:30,14.61,0.0,1,1461.0,бТел
3664,14:45:33,14.6,-0.009999999999999787,2,2921.0,бТел
3665,14:45:45,14.6,0.0,102,148999.0,бТел
3666,14:45:48,14.62,0.019999999999999574,26,38012.0,бРел
3667,14:45:51,14.62,0.0,140,204680.0,бРел
3668,14:45:54,14.63,0.010000000000001563,22,32186.0,бРел
3669,14:45:57,14.62,-0.010000000000001563,12,17544.0,бТел
3670,14:46:00,14.63,0.010000000000001563,39,57057.0,бРел
3671,14:46:03,14.62,-0.010000000000001563,63,92157.0,бТел
3672,14:46:06,14.63,0.010000000000001563,21,30723.0,бРел
3673,14:46:12,14.63,0.0,50,73162.0,бТел
3674,14:46:15,14.64,0.009999999999999787,84,122903.0,бРел
3675,14:46:18,14.63,-0.009999999999999787,24,35112.0,жпптел
3676,14:46:21,14.63,0.0,50,73123.0,бРел
3677,14:46:24,14.63,0.0,18,26334.0,бРел
3678,14:46:27,14.63,0.0,21,30723.0,бРел
3679,14:46:30,14.63,0.0,3,4389.0,бРел
3680,14:46:33,14.63,0.0,30,43890.0,бРел
3681,14:46:39,14.62,-0.010000000000001563,443,647666.0,бТел
3682,14:46:42,14.63,0.010000000000001563,29,42411.0,бРел
3683,14:46:45,14.63,0.0,35,51205.0,бРел
3684,14:46:51,14.62,-0.010000000000001563,276,403814.0,бТел
3685,14:46:57,14.63,0.010000000000001563,13,19019.0,бРел
3686,14:47:00,14.63,0.0,14,20481.0,бРел
3687,14:47:03,14.62,-0.010000000000001563,94,137445.0,бТел
3688,14:47:06,14.62,0.0,11,16082.0,бРел
3689,14:47:09,14.63,0.010000000000001563,30,43890.0,бТел
3690,14:47:12,14.62,-0.010000000000001563,13,19006.0,бРел
3691,14:47:15,14.63,0.010000000000001563,150,219167.0,бРел
3692,14:47:18,14.63,0.0,10,14630.0,бРел
3693,14:47:21,14.63,0.0,26,38026.0,бРел
3694,14:47:24,14.62,-0.010000000000001563,17,24859.0,бТел
3695,14:47:27,14.62,0.0,1,1462.0,бТел
3696,14:47:30,14.62,0.0,148,216380.0,бТел
3697,14:47:33,14.62,0.0,21,30687.0,бРел
3698,14:47:39,14.63,0.010000000000001563,24,35107.0,бРел
3699,14:47:42,14.62,-0.010000000000001563,11,16082.0,бТел
3700,14:47:45,14.62,0.0,6,8772.0,бТел
3701,14:47:51,14.62,0.0,98,143276.0,бТел
3702,14:47:54,14.62,0.0,57,83334.0,бРел
3703,14:48:03,14.62,0.0,5,7310.0,бРел
3704,14:48:06,14.62,0.0,20,29239.0,бРел
3705,14:48:09,14.62,0.0,22,32159.0,бРел
3706,14:48:15,14.61,-0.009999999999999787,221,322881.0,бТел
3707,14:48:18,14.61,0.0,5,7305.0,бРел
3708,14:48:21,14.62,0.009999999999999787,82,119859.0,бРел
3709,14:48:24,14.6,-0.019999999999999574,47,68620.0,бТел
3710,14:48:27,14.67,0.07000000000000028,877,1283267.0,бРел
3711,14:48:36,14.62,-0.05000000000000071,13,19006.0,бТел
3712,14:48:39,14.6,-0.019999999999999574,5,7308.0,бТел
3713,14:48:45,14.62,0.019999999999999574,4,5848.0,бРел
3714,14:48:48,14.67,0.05000000000000071,50,73350.0,бРел
3715,14:48:54,14.66,-0.009999999999999787,2,2932.0,бРел
3716,14:49:06,14.64,-0.019999999999999574,18,26369.0,жпптел
3717,14:49:09,14.65,0.009999999999999787,48,70320.0,бРел
3718,14:49:12,14.65,0.0,25,36625.0,бРел
3719,14:49:15,14.66,0.009999999999999787,24,35164.0,бРел
3720,14:49:18,14.65,-0.009999999999999787,15,21980.0,жпптел
3721,14:49:21,14.65,0.0,12,17580.0,бТел
3722,14:49:24,14.66,0.009999999999999787,48,70366.0,бРел
3723,14:49:27,14.65,-0.009999999999999787,19,27845.0,бТел
3724,14:49:33,14.65,0.0,6,8790.0,бТел
3725,14:49:39,14.66,0.009999999999999787,13,19058.0,бТел
3726,14:49:42,14.67,0.009999999999999787,14,20538.0,бРел
3727,14:49:45,14.68,0.009999999999999787,58,85112.0,бРел
3728,14:49:51,14.67,-0.009999999999999787,64,93919.0,бТел
3729,14:49:54,14.68,0.009999999999999787,48,70464.0,бРел
3730,14:49:57,14.68,0.0,34,49912.0,бРел
3731,14:50:00,14.68,0.0,8,11744.0,бРел
3732,14:50:03,14.68,0.0,7,10276.0,бТел
3733,14:50:06,14.68,0.0,255,374416.6999999881,бТел
3734,14:50:09,14.68,0.0,12,17624.0,бТел
3735,14:50:12,14.68,0.0,19,27896.0,бТел
3736,14:50:15,14.68,0.0,181,265801.0,бТел
3737,14:50:18,14.68,0.0,1,1468.0,бРел
3738,14:50:21,14.69,0.009999999999999787,69,101387.0,бРел
3739,14:50:24,14.69,0.0,19,27911.0,бТел
3740,14:50:27,14.69,0.0,1,1469.0,бТел
3741,14:50:33,14.71,0.02000000000000135,30,44130.0,бРел
3742,14:50:36,14.71,0.0,32,47070.0,бРел
3743,14:50:39,14.71,0.0,28,41213.0,бТел
3744,14:50:42,14.71,0.0,6,8826.0,бТел
3745,14:50:45,14.72,0.009999999999999787,85,125120.0,бРел
3746,14:50:48,14.72,0.0,128,188365.0,бРел
3747,14:50:51,14.7,-0.02000000000000135,79,116182.0,бТел
3748,14:50:54,14.72,0.02000000000000135,126,185383.0,бРел
3749,14:50:57,14.7,-0.02000000000000135,73,107365.0,жпптел
3750,14:51:00,14.72,0.02000000000000135,154,226590.0,бРел
3751,14:51:03,14.72,0.0,64,94208.0,бТел
3752,14:51:06,14.72,0.0,49,72125.0,бРел
3753,14:51:09,14.72,0.0,5,7360.0,бРел
3754,14:51:12,14.71,-0.009999999999999787,204,300102.0,бТел
3755,14:51:15,14.71,0.0,199,292585.0,бРел
3756,14:51:18,14.71,0.0,56,82376.0,бРел
3757,14:51:21,14.71,0.0,40,58813.0,бРел
3758,14:51:24,14.7,-0.010000000000001563,26,38215.0,бРел
3759,14:51:30,14.71,0.010000000000001563,24,35299.0,бРел
3760,14:51:33,14.7,-0.010000000000001563,84,123558.0,бТел
3761,14:51:36,14.7,0.0,48,70560.0,бРел
3762,14:51:39,14.7,0.0,41,60259.0,бРел
3763,14:51:42,14.71,0.010000000000001563,22,32344.0,бРел
3764,14:51:45,14.71,0.0,287,421922.0,бРел
3765,14:51:48,14.7,-0.010000000000001563,67,98552.0,бТел
3766,14:51:51,14.7,0.0,83,122113.0,бТел
3767,14:51:54,14.72,0.02000000000000135,2,2943.0,бРел
3768,14:51:57,14.71,-0.009999999999999787,103,151459.0,бРел
3769,14:52:00,14.71,0.0,38,55898.0,бТел
3770,14:52:03,14.71,0.0,34,50014.0,бТел
3771,14:52:06,14.71,0.0,36,52955.0,бРел
3772,14:52:09,14.72,0.009999999999999787,126,185364.0,бРел
3773,14:52:12,14.71,-0.009999999999999787,321,472734.0,бТел
3774,14:52:15,14.71,0.0,79,116173.0,бРел
3775,14:52:18,14.71,0.0,93,136823.0,бТел
3776,14:52:21,14.71,0.0,69,101499.0,бРел
3777,14:52:24,14.72,0.009999999999999787,264,388549.0,бРел
3778,14:52:30,14.71,-0.009999999999999787,76,111847.0,бТел
3779,14:52:33,14.72,0.009999999999999787,25,36790.0,бРел
3780,14:52:36,14.72,0.0,24,35307.0,бРел
3781,14:52:39,14.7,-0.02000000000000135,147,216290.0,бТел
3782,14:52:42,14.72,0.02000000000000135,184,270807.0,бРел
3783,14:52:45,14.71,-0.009999999999999787,7,10298.0,бТел
3784,14:52:51,14.71,0.0,486,715048.0,бТел
3785,14:52:54,14.71,0.0,59,86809.0,бТел
3786,14:52:57,14.72,0.009999999999999787,246,361814.0,бРел
3787,14:53:00,14.71,-0.009999999999999787,204,299987.0,жпптел
3788,14:53:03,14.71,0.0,40,58860.0,бТел
3789,14:53:06,14.71,0.0,6,8826.0,бРел
3790,14:53:09,14.7,-0.010000000000001563,13,19120.0,бТел
3791,14:53:12,14.71,0.010000000000001563,37,54427.0,бРел
3792,14:53:15,14.71,0.0,50,73526.0,бРел
3793,14:53:18,14.7,-0.010000000000001563,99,145580.0,бТел
3794,14:53:21,14.7,0.0,17,24997.0,бТел
3795,14:53:27,14.71,0.010000000000001563,60,88210.0,бРел
3796,14:53:30,14.7,-0.010000000000001563,125,183751.0,бТел
3797,14:53:33,14.7,0.0,122,179340.0,бТел
3798,14:53:39,14.69,-0.009999999999999787,156,229243.0,бТел
3799,14:53:42,14.7,0.009999999999999787,68,99958.0,бРел
3800,14:53:48,14.7,0.0,474,696659.0,бРел
3801,14:53:51,14.7,0.0,78,114633.0,бРел
3802,14:53:54,14.7,0.0,53,77877.0,бРел
3803,14:53:57,14.69,-0.009999999999999787,33,48478.0,бТел
3804,14:54:00,14.7,0.009999999999999787,174,255607.0,бРел
3805,14:54:03,14.68,-0.019999999999999574,49,71980.0,бТел
3806,14:54:06,14.68,0.0,20,29360.0,бТел
3807,14:54:09,14.68,0.0,40,58731.0,бТел
3808,14:54:12,14.68,0.0,30,44060.0,бТел
3809,14:54:15,14.68,0.0,85,124850.0,бТел
3810,14:54:18,14.68,0.0,27,39638.0,бТел
3811,14:54:24,14.69,0.009999999999999787,56,82219.0,бРел
3812,14:54:27,14.68,-0.009999999999999787,31,45516.0,бТел
3813,14:54:30,14.69,0.009999999999999787,117,171873.0,бРел
3814,14:54:33,14.7,0.009999999999999787,54,79328.0,бРел
3815,14:54:36,14.69,-0.009999999999999787,15,22035.0,бТел
3816,14:54:39,14.7,0.009999999999999787,29,42625.0,бРел
3817,14:54:42,14.7,0.0,41,60230.0,бРел
3818,14:54:45,14.69,-0.009999999999999787,140,205693.0,бТел
3819,14:54:48,14.7,0.009999999999999787,683,1004010.0,бРел
3820,14:54:51,14.7,0.0,46,67623.0,бТел
3821,14:54:54,14.7,0.0,19,27930.0,бТел
3822,14:54:57,14.7,0.0,55,80898.0,бТел
3823,14:55:00,14.72,0.02000000000000135,296,435449.0,бРел
3824,14:55:03,14.71,-0.009999999999999787,176,258967.0,бТел
3825,14:55:06,14.7,-0.010000000000001563,396,582159.0,бТел
3826,14:55:09,14.71,0.010000000000001563,10,14710.0,бРел
3827,14:55:12,14.72,0.009999999999999787,30,44160.0,бРел
3828,14:55:18,14.71,-0.009999999999999787,17,25013.0,бТел
3829,14:55:21,14.71,0.0,188,276632.0,бТел
3830,14:55:24,14.71,0.0,30,44130.0,бРел
3831,14:55:27,14.71,0.0,12,17652.0,бРел
3832,14:55:30,14.71,0.0,249,366400.0,бРел
3833,14:55:33,14.72,0.009999999999999787,9,13248.0,бРел
3834,14:55:36,14.73,0.009999999999999787,367,540521.0,бРел
3835,14:55:39,14.73,0.0,48,71897.12999999523,бТел
3836,14:55:42,14.73,0.0,96,141408.0,бТел
3837,14:55:45,14.73,0.0,27,39793.0,бТел
3838,14:55:51,14.75,0.019999999999999574,234,344885.0,бРел
3839,14:55:54,14.74,-0.009999999999999787,101,148964.0,бТел
3840,14:55:57,14.76,0.019999999999999574,38,56033.0,бРел
3841,14:56:00,14.75,-0.009999999999999787,33,48685.0,бРел
3842,14:56:03,14.76,0.009999999999999787,20,29514.0,бРел
3843,14:56:06,14.76,0.0,58,85553.0,бРел
3844,14:56:09,14.75,-0.009999999999999787,60,88536.0,бТел
3845,14:56:15,14.76,0.009999999999999787,126,186020.0,бРел
3846,14:56:18,14.77,0.009999999999999787,70,103360.0,бРел
3847,14:56:21,14.77,0.0,81,119569.0,бРел
3848,14:56:24,14.76,-0.009999999999999787,145,214102.0,бТел
3849,14:56:27,14.77,0.009999999999999787,322,475859.0,бРел
3850,14:56:30,14.77,0.0,207,305911.0,бТел
3851,14:56:33,14.79,0.019999999999999574,32,47314.0,жпптел
3852,14:56:36,14.77,-0.019999999999999574,175,258610.0,бТел
3853,14:56:39,14.8,0.030000000000001137,92,136153.0,бРел
3854,14:56:42,14.8,0.0,82,121317.0,бРел
3855,14:56:45,14.79,-0.010000000000001563,170,251537.0,бТел
3856,14:56:48,14.8,0.010000000000001563,197,291193.0,бРел
3857,14:56:51,14.79,-0.010000000000001563,145,214441.0,жпптел
3858,14:56:54,14.79,0.0,226,334172.0,бРел
3859,14:56:57,14.79,0.0,282,417044.0,бРел
3860,14:57:00,14.8,0.010000000000001563,417,617013.0,бРел
3861,14:57:03,14.8,0.0,6,8880.0,бТел
3862,15:00:03,14.81,0.009999999999999787,3906,5786192.950000048,бРел
